1.77680e+02,0.00000e+00,0.00000e+00,0.00000e+00
1.48735e+02,0.00000e+00,0.00000e+00,0.00000e+00
1.34379e+02,0.00000e+00,0.00000e+00,3.92109e-02
1.26057e+02,0.00000e+00,0.00000e+00,2.54296e-01
1.20323e+02,0.00000e+00,0.00000e+00,9.65100e-01
1.16120e+02,0.00000e+00,0.00000e+00,2.70326e+00
1.12685e+02,0.00000e+00,0.00000e+00,6.04049e+00
1.09532e+02,4.00252e-02,0.00000e+00,1.14615e+01
1.06925e+02,1.46653e-01,0.00000e+00,1.91292e+01
1.04856e+02,3.38244e-01,0.00000e+00,2.89603e+01
1.02932e+02,6.43078e-01,0.00000e+00,4.06251e+01
1.01399e+02,1.06397e+00,0.00000e+00,5.35989e+01
9.99654e+01,1.61933e+00,0.00000e+00,6.72552e+01
9.87843e+01,2.34658e+00,0.00000e+00,8.09052e+01
9.77074e+01,3.30667e+00,0.00000e+00,9.38873e+01
9.66568e+01,4.53247e+00,0.00000e+00,1.05611e+02
9.56276e+01,6.06602e+00,0.00000e+00,1.15577e+02
9.44714e+01,7.92579e+00,0.00000e+00,1.23513e+02
9.33752e+01,1.01616e+01,0.00000e+00,1.29312e+02
9.25886e+01,1.28140e+01,0.00000e+00,1.32989e+02
9.19787e+01,1.58994e+01,0.00000e+00,1.34726e+02
9.14261e+01,1.94538e+01,0.00000e+00,1.34621e+02
9.08631e+01,2.34268e+01,0.00000e+00,1.33158e+02
9.01779e+01,2.77869e+01,0.00000e+00,1.30567e+02
8.94353e+01,3.24765e+01,0.00000e+00,1.27076e+02
8.88386e+01,3.74258e+01,0.00000e+00,1.22971e+02
8.83761e+01,4.25534e+01,0.00000e+00,1.18565e+02
8.78469e+01,4.77907e+01,0.00000e+00,1.14062e+02
8.74029e+01,5.30422e+01,0.00000e+00,1.09424e+02
8.71706e+01,5.82139e+01,0.00000e+00,1.05025e+02
8.73248e+01,6.32168e+01,0.00000e+00,1.01023e+02
8.77873e+01,6.79701e+01,0.00000e+00,9.73853e+01
8.81937e+01,7.24027e+01,0.00000e+00,9.40189e+01
8.81570e+01,7.64498e+01,0.00000e+00,9.09565e+01
8.77504e+01,8.00510e+01,0.00000e+00,8.81833e+01
8.70896e+01,8.31606e+01,0.00000e+00,8.58481e+01
8.63520e+01,8.57434e+01,0.00000e+00,8.38428e+01
8.56527e+01,8.77961e+01,0.00000e+00,8.20682e+01
8.51452e+01,8.94134e+01,0.00000e+00,8.06024e+01
8.49553e+01,9.05428e+01,0.00000e+00,7.94562e+01
8.49930e+01,9.12903e+01,0.00000e+00,7.86410e+01
8.50889e+01,9.16159e+01,0.00000e+00,7.81351e+01
8.51783e+01,9.15006e+01,0.00000e+00,7.79169e+01
8.52231e+01,9.10635e+01,0.00000e+00,7.79799e+01
8.52005e+01,9.02823e+01,0.00000e+00,7.83672e+01
8.51036e+01,8.92747e+01,0.00000e+00,7.90275e+01
8.49637e+01,8.80353e+01,0.00000e+00,7.98888e+01
8.48582e+01,8.67062e+01,0.00000e+00,8.09436e+01
8.48342e+01,8.53087e+01,0.00000e+00,8.21765e+01
8.48951e+01,8.38483e+01,0.00000e+00,8.34812e+01
8.49662e+01,8.22651e+01,0.00000e+00,8.48390e+01
8.49918e+01,8.07523e+01,0.00000e+00,8.61934e+01
8.49551e+01,7.92468e+01,0.00000e+00,8.74663e+01
8.48661e+01,7.77080e+01,0.00000e+00,8.85911e+01
8.47386e+01,7.62114e+01,0.00000e+00,8.95714e+01
8.45937e+01,7.47569e+01,0.00000e+00,9.04810e+01
8.44632e+01,7.34178e+01,6.80742e-02,9.12550e+01
8.43783e+01,7.22776e+01,1.37921e-01,9.18666e+01
8.43583e+01,7.12272e+01,2.06205e-01,9.23735e+01
8.43810e+01,7.02630e+01,2.72962e-01,9.26897e+01
8.44103e+01,6.94081e+01,3.38225e-01,9.28356e+01
8.44284e+01,6.86642e+01,4.02029e-01,9.28938e+01
8.44279e+01,6.80670e+01,4.76901e-01,9.28210e+01
8.44067e+01,6.76258e+01,6.00643e-01,9.26179e+01
8.43676e+01,6.73467e+01,7.21578e-01,9.23638e+01
8.43223e+01,6.71876e+01,8.39770e-01,9.20124e+01
8.42846e+01,6.72241e+01,9.55282e-01,9.15550e+01
8.42708e+01,6.74357e+01,1.06817e+00,9.10552e+01
8.42829e+01,6.77528e+01,1.17850e+00,9.05370e+01
8.43041e+01,6.81764e+01,1.28633e+00,9.00222e+01
8.43190e+01,6.86990e+01,1.39172e+00,8.94932e+01
8.43179e+01,6.93061e+01,1.49471e+00,8.89841e+01
8.42994e+01,6.99972e+01,1.59537e+00,8.85353e+01
8.42652e+01,7.07724e+01,1.69375e+00,8.81230e+01
8.42220e+01,7.15818e+01,1.78990e+00,8.76964e+01
8.41795e+01,7.24084e+01,1.88387e+00,8.72458e+01
8.41503e+01,7.32926e+01,2.01660e+00,8.68151e+01
8.41438e+01,7.41767e+01,2.16237e+00,8.64320e+01
8.41541e+01,7.50561e+01,2.34932e+00,8.60701e+01
8.41689e+01,7.59165e+01,2.53213e+00,8.57591e+01
8.41778e+01,7.67418e+01,2.71089e+00,8.54548e+01
8.41773e+01,7.75584e+01,2.88570e+00,8.51674e+01
8.41674e+01,7.83796e+01,3.05664e+00,8.49099e+01
8.41503e+01,7.91580e+01,3.22379e+00,8.47244e+01
8.41307e+01,7.98800e+01,3.38725e+00,8.46164e+01
8.41154e+01,8.05456e+01,3.54710e+00,8.45296e+01
8.41125e+01,8.11252e+01,3.70341e+00,8.44740e+01
8.41206e+01,8.15987e+01,3.85627e+00,8.44623e+01
8.41319e+01,8.19623e+01,4.00575e+00,8.45156e+01
8.41386e+01,8.22325e+01,4.15192e+00,8.45707e+01
8.41385e+01,8.23958e+01,4.29487e+00,8.46460e+01
8.41312e+01,8.24882e+01,4.43466e+00,8.47250e+01
8.41183e+01,8.25465e+01,4.57137e+00,8.48127e+01
8.41027e+01,8.26195e+01,4.73869e+00,8.48971e+01
8.40887e+01,8.26294e+01,4.91121e+00,8.49675e+01
8.40815e+01,8.25428e+01,5.07991e+00,8.50363e+01
8.40824e+01,8.23524e+01,5.24487e+00,8.51074e+01
8.40872e+01,8.21648e+01,5.40618e+00,8.51639e+01
8.40910e+01,8.18853e+01,5.56392e+00,8.52032e+01
8.40920e+01,8.15094e+01,5.71817e+00,8.52342e+01
8.40897e+01,8.10597e+01,5.86901e+00,8.52519e+01
8.40847e+01,8.06032e+01,6.01658e+00,8.52628e+01
8.40782e+01,8.01368e+01,6.19798e+00,8.52534e+01
8.40725e+01,7.96540e+01,6.37528e+00,8.52457e+01
8.40699e+01,7.91928e+01,6.57037e+00,8.52122e+01
8.40716e+01,7.87338e+01,6.77331e+00,8.51724e+01
8.40755e+01,7.82683e+01,6.97149e+00,8.51234e+01
8.40789e+01,7.78080e+01,7.16505e+00,8.50663e+01
8.40799e+01,7.73585e+01,7.38738e+00,8.50180e+01
8.40785e+01,7.69248e+01,7.60610e+00,8.49736e+01
8.40749e+01,7.65687e+01,7.81974e+00,8.49484e+01
8.40698e+01,7.62357e+01,8.02842e+00,8.49281e+01
8.40648e+01,7.59248e+01,8.23280e+00,8.49211e+01
8.40613e+01,7.56418e+01,8.47979e+00,8.49176e+01
8.40604e+01,7.54036e+01,8.76727e+00,8.49253e+01
8.40614e+01,7.52459e+01,9.06426e+00,8.49262e+01
8.40625e+01,7.51264e+01,9.36762e+00,8.49261e+01
8.40630e+01,7.50480e+01,9.66316e+00,8.49288e+01
8.40624e+01,7.50227e+01,9.95108e+00,8.49221e+01
8.40609e+01,7.50759e+01,1.02316e+01,8.49145e+01
8.40589e+01,7.51907e+01,1.05048e+01,8.49132e+01
8.40568e+01,7.53373e+01,1.07806e+01,8.49150e+01
8.40557e+01,7.55206e+01,1.10835e+01,8.49122e+01
8.40560e+01,7.57571e+01,1.13969e+01,8.48997e+01
8.40574e+01,7.60342e+01,1.17027e+01,8.48791e+01
8.40588e+01,7.63318e+01,1.20297e+01,8.48489e+01
8.40595e+01,7.66359e+01,1.23491e+01,8.48089e+01
8.40592e+01,7.69433e+01,1.26779e+01,8.47669e+01
8.40582e+01,7.72594e+01,1.30446e+01,8.47188e+01
8.40565e+01,7.75931e+01,1.34063e+01,8.46763e+01
8.40545e+01,7.80353e+01,1.37836e+01,8.46331e+01
8.40529e+01,7.84993e+01,1.41680e+01,8.45874e+01
8.40523e+01,7.89583e+01,1.45837e+01,8.45389e+01
8.40526e+01,7.94106e+01,1.50085e+01,8.44876e+01
8.40530e+01,7.98675e+01,1.54367e+01,8.44397e+01
8.40533e+01,8.03358e+01,1.58546e+01,8.43939e+01
8.40532e+01,8.08030e+01,1.62624e+01,8.43482e+01
8.40528e+01,8.12816e+01,1.66604e+01,8.43070e+01
8.40520e+01,8.17500e+01,1.70489e+01,8.42707e+01
8.40512e+01,8.22080e+01,1.74282e+01,8.42327e+01
8.40505e+01,8.26591e+01,1.78071e+01,8.41977e+01
8.40504e+01,8.30859e+01,1.81896e+01,8.41651e+01
8.40509e+01,8.34623e+01,1.85629e+01,8.41337e+01
8.40516e+01,8.38040e+01,1.89272e+01,8.41003e+01
8.40521e+01,8.41064e+01,1.92829e+01,8.40678e+01
8.40522e+01,8.44046e+01,1.96360e+01,8.40355e+01
8.40520e+01,8.46668e+01,2.00014e+01,8.40014e+01
8.40514e+01,8.48955e+01,2.03727e+01,8.39684e+01
8.40506e+01,8.50603e+01,2.07687e+01,8.39331e+01
8.40498e+01,8.51591e+01,2.11630e+01,8.38924e+01
8.40493e+01,8.51869e+01,2.15738e+01,8.38484e+01
8.40493e+01,8.51551e+01,2.20078e+01,8.37997e+01
8.40495e+01,8.50723e+01,2.24519e+01,8.37519e+01
8.40498e+01,8.49557e+01,2.29001e+01,8.36986e+01
8.40499e+01,8.48358e+01,2.33677e+01,8.36398e+01
8.40498e+01,8.46953e+01,2.38360e+01,8.35793e+01
8.40496e+01,8.45366e+01,2.42925e+01,8.35236e+01
8.40493e+01,8.43947e+01,2.47377e+01,8.34640e+01
8.40489e+01,8.42921e+01,2.51718e+01,8.34050e+01
8.40486e+01,8.41935e+01,2.55951e+01,8.33468e+01
8.40486e+01,8.41035e+01,2.60240e+01,8.32934e+01
8.40489e+01,8.39857e+01,2.64544e+01,8.32476e+01
8.40492e+01,8.38883e+01,2.68744e+01,8.32175e+01
8.40494e+01,8.38246e+01,2.72842e+01,8.31908e+01
8.40495e+01,8.37842e+01,2.76880e+01,8.31667e+01
8.40494e+01,8.37417e+01,2.81173e+01,8.31486e+01
8.40491e+01,8.36945e+01,2.85641e+01,8.31434e+01
8.40488e+01,8.36313e+01,2.89999e+01,8.31455e+01
8.40485e+01,8.35764e+01,2.94249e+01,8.31520e+01
8.40483e+01,8.35565e+01,2.98632e+01,8.31632e+01
8.40483e+01,8.35358e+01,3.03136e+01,8.31842e+01
8.40484e+01,8.35520e+01,3.07567e+01,8.32121e+01
8.40486e+01,8.35845e+01,3.11884e+01,8.32458e+01
8.40486e+01,8.36127e+01,3.16091e+01,8.32869e+01
8.40486e+01,8.36449e+01,3.20191e+01,8.33338e+01
8.40485e+01,8.36822e+01,3.24218e+01,8.33855e+01
8.40484e+01,8.37075e+01,3.28342e+01,8.34416e+01
8.40482e+01,8.37205e+01,3.32433e+01,8.35025e+01
8.40481e+01,8.37316e+01,3.36506e+01,8.35678e+01
8.40481e+01,8.37301e+01,3.40650e+01,8.36402e+01
8.40482e+01,8.37479e+01,3.44689e+01,8.37160e+01
8.40483e+01,8.37685e+01,3.48655e+01,8.37930e+01
8.40484e+01,8.38041e+01,3.52608e+01,8.38703e+01
8.40485e+01,8.38482e+01,3.56615e+01,8.39469e+01
8.40484e+01,8.39122e+01,3.60566e+01,8.40220e+01
8.40483e+01,8.39570e+01,3.64412e+01,8.40947e+01
8.40482e+01,8.39995e+01,3.68155e+01,8.41655e+01
8.40481e+01,8.40356e+01,3.71797e+01,8.42337e+01
8.40480e+01,8.40507e+01,3.75389e+01,8.42983e+01
8.40480e+01,8.40476e+01,3.78915e+01,8.43587e+01
8.40481e+01,8.40196e+01,3.82344e+01,8.44145e+01
8.40481e+01,8.39650e+01,3.85714e+01,8.44721e+01
8.40481e+01,8.38916e+01,3.89278e+01,8.45272e+01
8.40481e+01,8.38212e+01,3.92761e+01,8.45791e+01
8.40481e+01,8.37550e+01,3.96149e+01,8.46278e+01
8.40481e+01,8.36654e+01,3.99446e+01,8.46761e+01
8.40480e+01,8.35737e+01,4.02735e+01,8.47192e+01
8.40480e+01,8.34714e+01,4.06039e+01,8.47561e+01
8.40480e+01,8.33540e+01,4.09283e+01,8.47889e+01
8.40480e+01,8.32287e+01,4.12509e+01,8.48160e+01
8.40480e+01,8.30957e+01,4.15771e+01,8.48363e+01
8.40481e+01,8.29531e+01,4.19023e+01,8.48492e+01
8.40481e+01,8.28033e+01,4.22350e+01,8.48546e+01
8.40481e+01,8.26729e+01,4.25582e+01,8.48523e+01
8.40481e+01,8.25548e+01,4.28850e+01,8.48422e+01
8.40480e+01,8.24320e+01,4.32070e+01,8.48244e+01
8.40480e+01,8.23060e+01,4.35196e+01,8.47998e+01
8.40479e+01,8.21832e+01,4.38233e+01,8.47724e+01
8.40479e+01,8.20699e+01,4.41227e+01,8.47399e+01
8.40479e+01,8.19710e+01,4.44144e+01,8.47010e+01
8.40480e+01,8.18877e+01,4.46975e+01,8.46598e+01
8.40480e+01,8.18101e+01,4.49725e+01,8.46157e+01
8.40480e+01,8.17384e+01,4.52396e+01,8.45700e+01
8.40480e+01,8.16736e+01,4.54989e+01,8.45197e+01
8.40480e+01,8.16161e+01,4.57601e+01,8.44649e+01
8.40479e+01,8.15697e+01,4.60247e+01,8.44070e+01
8.40479e+01,8.15309e+01,4.62855e+01,8.43454e+01
8.40479e+01,8.15268e+01,4.65439e+01,8.42804e+01
8.40479e+01,8.15354e+01,4.67955e+01,8.42128e+01
8.40479e+01,8.15551e+01,4.70428e+01,8.41435e+01
8.40479e+01,8.15853e+01,4.72871e+01,8.40732e+01
8.40479e+01,8.16259e+01,4.75278e+01,8.40022e+01
8.40479e+01,8.16816e+01,4.77753e+01,8.39314e+01
8.40479e+01,8.17492e+01,4.80165e+01,8.38611e+01
8.40479e+01,8.18237e+01,4.82504e+01,8.37928e+01
8.40479e+01,8.19062e+01,4.84774e+01,8.37273e+01
8.40479e+01,8.19964e+01,4.87055e+01,8.36642e+01
8.40479e+01,8.20899e+01,4.89367e+01,8.36039e+01
8.40479e+01,8.22015e+01,4.91661e+01,8.35469e+01
8.40479e+01,8.23231e+01,4.93885e+01,8.34936e+01
8.40479e+01,8.24479e+01,4.96043e+01,8.34444e+01
8.40479e+01,8.25758e+01,4.98169e+01,8.33998e+01
8.40479e+01,8.27054e+01,5.00275e+01,8.33604e+01
8.40479e+01,8.28350e+01,5.02317e+01,8.33267e+01
8.40479e+01,8.29626e+01,5.04452e+01,8.32988e+01
8.40479e+01,8.30878e+01,5.06545e+01,8.32770e+01
8.40479e+01,8.32095e+01,5.08575e+01,8.32613e+01
8.40479e+01,8.33262e+01,5.10545e+01,8.32520e+01
8.40479e+01,8.34361e+01,5.12546e+01,8.32493e+01
8.40479e+01,8.35409e+01,5.14501e+01,8.32531e+01
8.40479e+01,8.36380e+01,5.16554e+01,8.32635e+01
8.40479e+01,8.37252e+01,5.18609e+01,8.32825e+01
8.40479e+01,8.38020e+01,5.20650e+01,8.33083e+01
8.40479e+01,8.38654e+01,5.22628e+01,8.33399e+01
8.40479e+01,8.39154e+01,5.24545e+01,8.33773e+01
8.40479e+01,8.39592e+01,5.26403e+01,8.34199e+01
8.40479e+01,8.39887e+01,5.28203e+01,8.34672e+01
8.40479e+01,8.40029e+01,5.29949e+01,8.35187e+01
8.40479e+01,8.40011e+01,5.31648e+01,8.35739e+01
8.40479e+01,8.39834e+01,5.33361e+01,8.36323e+01
8.40479e+01,8.39507e+01,5.35021e+01,8.36934e+01
8.40479e+01,8.39038e+01,5.36632e+01,8.37565e+01
8.40479e+01,8.38450e+01,5.38194e+01,8.38209e+01
8.40479e+01,8.37841e+01,5.39716e+01,8.38859e+01
8.40479e+01,8.37206e+01,5.41217e+01,8.39505e+01
8.40479e+01,8.36557e+01,5.42673e+01,8.40141e+01
8.40479e+01,8.35904e+01,5.44085e+01,8.40764e+01
8.40479e+01,8.35265e+01,5.45456e+01,8.41371e+01
8.40479e+01,8.34620e+01,5.46787e+01,8.41947e+01
8.40479e+01,8.34020e+01,5.48078e+01,8.42485e+01
8.40479e+01,8.33399e+01,5.49332e+01,8.42980e+01
8.40479e+01,8.32756e+01,5.50550e+01,8.43426e+01
8.40479e+01,8.32290e+01,5.51732e+01,8.43820e+01
8.40479e+01,8.31913e+01,5.53000e+01,8.44156e+01
8.40479e+01,8.31539e+01,5.54320e+01,8.44441e+01
8.40479e+01,8.31169e+01,5.55624e+01,8.44669e+01
8.40479e+01,8.30820e+01,5.56907e+01,8.44861e+01
8.40479e+01,8.30505e+01,5.58219e+01,8.45005e+01
8.40479e+01,8.30360e+01,5.59512e+01,8.45088e+01
8.40479e+01,8.30309e+01,5.60769e+01,8.45109e+01
8.40479e+01,8.30311e+01,5.61990e+01,8.45076e+01
8.40479e+01,8.30346e+01,5.63176e+01,8.44993e+01
8.40479e+01,8.30403e+01,5.64330e+01,8.44859e+01
8.40479e+01,8.30478e+01,5.65478e+01,8.44679e+01
8.40479e+01,8.30572e+01,5.66593e+01,8.44448e+01
8.40479e+01,8.30690e+01,5.67677e+01,8.44168e+01
8.40479e+01,8.30873e+01,5.68779e+01,8.43864e+01
8.40479e+01,8.31121e+01,5.69852e+01,8.43547e+01
8.40479e+01,8.31417e+01,5.70934e+01,8.43203e+01
8.40479e+01,8.31787e+01,5.72025e+01,8.42833e+01
8.40479e+01,8.32177e+01,5.73139e+01,8.42440e+01
8.40479e+01,8.32578e+01,5.74229e+01,8.42028e+01
8.40479e+01,8.32985e+01,5.75286e+01,8.41601e+01
8.40479e+01,8.33398e+01,5.76445e+01,8.41162e+01
8.40479e+01,8.33816e+01,5.77616e+01,8.40715e+01
8.40479e+01,8.34231e+01,5.78862e+01,8.40266e+01
8.40479e+01,8.34647e+01,5.80115e+01,8.39818e+01
8.40479e+01,8.35107e+01,5.81328e+01,8.39379e+01
8.40479e+01,8.35555e+01,5.82502e+01,8.38952e+01
8.40479e+01,8.36051e+01,5.83640e+01,8.38543e+01
8.40479e+01,8.36572e+01,5.84757e+01,8.38153e+01
8.40479e+01,8.37060e+01,5.85903e+01,8.37787e+01
8.40479e+01,8.37600e+01,5.87017e+01,8.37447e+01
8.40479e+01,8.38140e+01,5.88097e+01,8.37143e+01
8.40479e+01,8.38646e+01,5.89142e+01,8.36876e+01
8.40479e+01,8.39106e+01,5.90258e+01,8.36644e+01
8.40479e+01,8.39505e+01,5.91361e+01,8.36449e+01
8.40479e+01,8.39833e+01,5.92495e+01,8.36292e+01
8.40479e+01,8.40083e+01,5.93613e+01,8.36174e+01
8.40479e+01,8.40249e+01,5.94696e+01,8.36096e+01
8.40479e+01,8.40328e+01,5.95746e+01,8.36056e+01
8.40479e+01,8.40321e+01,5.96797e+01,8.36055e+01
8.40479e+01,8.40254e+01,5.97830e+01,8.36092e+01
8.40479e+01,8.40139e+01,5.98830e+01,8.36167e+01
8.40479e+01,8.39945e+01,5.99798e+01,8.36278e+01
8.40479e+01,8.39675e+01,6.00737e+01,8.36423e+01
8.40479e+01,8.39381e+01,6.01717e+01,8.36600e+01
8.40479e+01,8.39102e+01,6.02742e+01,8.36814e+01
8.40479e+01,8.38879e+01,6.03767e+01,8.37059e+01
8.40479e+01,8.38612e+01,6.04761e+01,8.37329e+01
8.40479e+01,8.38367e+01,6.05726e+01,8.37621e+01
8.40479e+01,8.38111e+01,6.06662e+01,8.37931e+01
8.40479e+01,8.37892e+01,6.07569e+01,8.38271e+01
8.40479e+01,8.37690e+01,6.08479e+01,8.38627e+01
8.40479e+01,8.37462e+01,6.09448e+01,8.38996e+01
8.40479e+01,8.37207e+01,6.10388e+01,8.39372e+01
8.40479e+01,8.36928e+01,6.11302e+01,8.39753e+01
8.40479e+01,8.36623e+01,6.12209e+01,8.40141e+01
8.40479e+01,8.36358e+01,6.13141e+01,8.40545e+01
8.40479e+01,8.36099e+01,6.14045e+01,8.40977e+01
8.40479e+01,8.35831e+01,6.14922e+01,8.41401e+01
8.40479e+01,8.35555e+01,6.15774e+01,8.41819e+01
8.40479e+01,8.35278e+01,6.16601e+01,8.42228e+01
8.40479e+01,8.35008e+01,6.17426e+01,8.42617e+01
8.40479e+01,8.34748e+01,6.18228e+01,8.42984e+01
8.40479e+01,8.34501e+01,6.19032e+01,8.43325e+01
8.40479e+01,8.34272e+01,6.19864e+01,8.43639e+01
8.40479e+01,8.34061e+01,6.20683e+01,8.43922e+01
8.40479e+01,8.33942e+01,6.21597e+01,8.44173e+01
8.40479e+01,8.33853e+01,6.22555e+01,8.44389e+01
8.40479e+01,8.33839e+01,6.23488e+01,8.44569e+01
8.40479e+01,8.33914e+01,6.24396e+01,8.44712e+01
8.40479e+01,8.34023e+01,6.25310e+01,8.44816e+01
8.40479e+01,8.34229e+01,6.26213e+01,8.44882e+01
8.40479e+01,8.34479e+01,6.27091e+01,8.44909e+01
8.40479e+01,8.34767e+01,6.27947e+01,8.44896e+01
8.40479e+01,8.35243e+01,6.28831e+01,8.44845e+01
8.40479e+01,8.35789e+01,6.29750e+01,8.44757e+01
8.40479e+01,8.36405e+01,6.30668e+01,8.44632e+01
8.40479e+01,8.37045e+01,6.31560e+01,8.44473e+01
8.40479e+01,8.37728e+01,6.32427e+01,8.44282e+01
8.40479e+01,8.38421e+01,6.33307e+01,8.44061e+01
8.40479e+01,8.39114e+01,6.34167e+01,8.43811e+01
8.40479e+01,8.39799e+01,6.35003e+01,8.43537e+01
8.40479e+01,8.40465e+01,6.35815e+01,8.43241e+01
8.40479e+01,8.41102e+01,6.36624e+01,8.42934e+01
8.40479e+01,8.41701e+01,6.37413e+01,8.42614e+01
8.40479e+01,8.42286e+01,6.38179e+01,8.42298e+01
8.40479e+01,8.42851e+01,6.38923e+01,8.41972e+01
8.40479e+01,8.43350e+01,6.39648e+01,8.41638e+01
8.40479e+01,8.43776e+01,6.40451e+01,8.41302e+01
8.40479e+01,8.44122e+01,6.41304e+01,8.40964e+01
8.40479e+01,8.44390e+01,6.42133e+01,8.40628e+01
8.40479e+01,8.44650e+01,6.42945e+01,8.40296e+01
8.40479e+01,8.44847e+01,6.43774e+01,8.39969e+01
8.40479e+01,8.44976e+01,6.44693e+01,8.39650e+01
8.40479e+01,8.45031e+01,6.45630e+01,8.39340e+01
8.40479e+01,8.45124e+01,6.46600e+01,8.39043e+01
8.40479e+01,8.45128e+01,6.47554e+01,8.38760e+01
8.40479e+01,8.45043e+01,6.48516e+01,8.38492e+01
8.40479e+01,8.44869e+01,6.49509e+01,8.38241e+01
8.40479e+01,8.44606e+01,6.50472e+01,8.38008e+01
8.40479e+01,8.44279e+01,6.51407e+01,8.37794e+01
8.40479e+01,8.43986e+01,6.52332e+01,8.37601e+01
8.40479e+01,8.43660e+01,6.53251e+01,8.37428e+01
8.40479e+01,8.43266e+01,6.54143e+01,8.37277e+01
8.40479e+01,8.42806e+01,6.55020e+01,8.37152e+01
8.40479e+01,8.42288e+01,6.55886e+01,8.37055e+01
8.40479e+01,8.41715e+01,6.56725e+01,8.36983e+01
8.40479e+01,8.41092e+01,6.57541e+01,8.36933e+01
8.40479e+01,8.40423e+01,6.58333e+01,8.36905e+01
8.40479e+01,8.39713e+01,6.59102e+01,8.36895e+01
8.40479e+01,8.38970e+01,6.59876e+01,8.36905e+01
8.40479e+01,8.38199e+01,6.60648e+01,8.36931e+01
8.40479e+01,8.37409e+01,6.61397e+01,8.36975e+01
8.40479e+01,8.36611e+01,6.62125e+01,8.37033e+01
8.40479e+01,8.35814e+01,6.62842e+01,8.37104e+01
8.40479e+01,8.35026e+01,6.63539e+01,8.37188e+01
8.40479e+01,8.34255e+01,6.64216e+01,8.37281e+01
8.40479e+01,8.33511e+01,6.64920e+01,8.37384e+01
8.40479e+01,8.32809e+01,6.65651e+01,8.37503e+01
8.40479e+01,8.32164e+01,6.66372e+01,8.37636e+01
8.40479e+01,8.31615e+01,6.67071e+01,8.37775e+01
8.40479e+01,8.31127e+01,6.67771e+01,8.37918e+01
8.40479e+01,8.30705e+01,6.68454e+01,8.38065e+01
8.40479e+01,8.30375e+01,6.69117e+01,8.38214e+01
8.40479e+01,8.30126e+01,6.69760e+01,8.38363e+01
8.40479e+01,8.29950e+01,6.70384e+01,8.38512e+01
8.40479e+01,8.29847e+01,6.70991e+01,8.38659e+01
8.40479e+01,8.29813e+01,6.71580e+01,8.38804e+01
8.40479e+01,8.29847e+01,6.72152e+01,8.38947e+01
8.40479e+01,8.29944e+01,6.72708e+01,8.39096e+01
8.40479e+01,8.30103e+01,6.73248e+01,8.39249e+01
8.40479e+01,8.30324e+01,6.73773e+01,8.39400e+01
8.40479e+01,8.30602e+01,6.74291e+01,8.39550e+01
8.40479e+01,8.30955e+01,6.74825e+01,8.39712e+01
8.40479e+01,8.31356e+01,6.75346e+01,8.39876e+01
8.40479e+01,8.31806e+01,6.75851e+01,8.40039e+01
8.40479e+01,8.32299e+01,6.76420e+01,8.40217e+01
8.40479e+01,8.32828e+01,6.77010e+01,8.40395e+01
8.40479e+01,8.33385e+01,6.77582e+01,8.40570e+01
8.40479e+01,8.33975e+01,6.78138e+01,8.40744e+01
8.40479e+01,8.34597e+01,6.78679e+01,8.40914e+01
8.40479e+01,8.35251e+01,6.79204e+01,8.41080e+01
8.40479e+01,8.35979e+01,6.79715e+01,8.41240e+01
8.40479e+01,8.36710e+01,6.80211e+01,8.41394e+01
8.40479e+01,8.37438e+01,6.80694e+01,8.41542e+01
8.40479e+01,8.38136e+01,6.81164e+01,8.41685e+01
8.40479e+01,8.38854e+01,6.81622e+01,8.41820e+01
8.40479e+01,8.39530e+01,6.82067e+01,8.41947e+01
8.40479e+01,8.40159e+01,6.82501e+01,8.42066e+01
8.40479e+01,8.40732e+01,6.82923e+01,8.42175e+01
8.40479e+01,8.41249e+01,6.83335e+01,8.42275e+01
8.40479e+01,8.41729e+01,6.83735e+01,8.42366e+01
8.40479e+01,8.42147e+01,6.84126e+01,8.42446e+01
8.40479e+01,8.42506e+01,6.84507e+01,8.42516e+01
8.40479e+01,8.42891e+01,6.84881e+01,8.42585e+01
8.40479e+01,8.43210e+01,6.85264e+01,8.42658e+01
8.40479e+01,8.43465e+01,6.85679e+01,8.42731e+01
8.40479e+01,8.43652e+01,6.86082e+01,8.42796e+01
8.40479e+01,8.43771e+01,6.86488e+01,8.42852e+01
8.40479e+01,8.43823e+01,6.86907e+01,8.42898e+01
8.40479e+01,8.43818e+01,6.87327e+01,8.42935e+01
8.40479e+01,8.43749e+01,6.87743e+01,8.42962e+01
8.40479e+01,8.43665e+01,6.88154e+01,8.42999e+01
8.40479e+01,8.43591e+01,6.88582e+01,8.43034e+01
8.40479e+01,8.43496e+01,6.88998e+01,8.43060e+01
8.40479e+01,8.43401e+01,6.89403e+01,8.43091e+01
8.40479e+01,8.43290e+01,6.89797e+01,8.43119e+01
8.40479e+01,8.43129e+01,6.90180e+01,8.43138e+01
8.40479e+01,8.42918e+01,6.90596e+01,8.43147e+01
8.40479e+01,8.42661e+01,6.91085e+01,8.43146e+01
8.40479e+01,8.42360e+01,6.91603e+01,8.43133e+01
8.40479e+01,8.42020e+01,6.92105e+01,8.43109e+01
8.40479e+01,8.41658e+01,6.92607e+01,8.43071e+01
8.40479e+01,8.41326e+01,6.93116e+01,8.43020e+01
8.40479e+01,8.41050e+01,6.93610e+01,8.42954e+01
8.40479e+01,8.40780e+01,6.94090e+01,8.42874e+01
8.40479e+01,8.40486e+01,6.94556e+01,8.42780e+01
8.40479e+01,8.40173e+01,6.95008e+01,8.42671e+01
8.40479e+01,8.39857e+01,6.95465e+01,8.42549e+01
8.40479e+01,8.39535e+01,6.96015e+01,8.42413e+01
8.40479e+01,8.39209e+01,6.96552e+01,8.42265e+01
8.40479e+01,8.38933e+01,6.97074e+01,8.42105e+01
8.40479e+01,8.38673e+01,6.97615e+01,8.41937e+01
8.40479e+01,8.38420e+01,6.98156e+01,8.41757e+01
8.40479e+01,8.38175e+01,6.98683e+01,8.41565e+01
8.40479e+01,8.37937e+01,6.99195e+01,8.41362e+01
8.40479e+01,8.37706e+01,6.99694e+01,8.41150e+01
8.40479e+01,8.37482e+01,7.00202e+01,8.40927e+01
8.40479e+01,8.37272e+01,7.00698e+01,8.40696e+01
8.40479e+01,8.37078e+01,7.01182e+01,8.40467e+01
8.40479e+01,8.36927e+01,7.01653e+01,8.40233e+01
8.40479e+01,8.36842e+01,7.02112e+01,8.39991e+01
8.40479e+01,8.36773e+01,7.02576e+01,8.39742e+01
8.40479e+01,8.36718e+01,7.03062e+01,8.39487e+01
8.40479e+01,8.36677e+01,7.03545e+01,8.39228e+01
8.40479e+01,8.36647e+01,7.04024e+01,8.38970e+01
8.40479e+01,8.36627e+01,7.04489e+01,8.38712e+01
8.40479e+01,8.36627e+01,7.04942e+01,8.38455e+01
8.40479e+01,8.36638e+01,7.05410e+01,8.38202e+01
8.40479e+01,8.36654e+01,7.05904e+01,8.37956e+01
8.40479e+01,8.36673e+01,7.06382e+01,8.37718e+01
8.40479e+01,8.36697e+01,7.06846e+01,8.37489e+01
8.40479e+01,8.36724e+01,7.07295e+01,8.37272e+01
8.40479e+01,8.36751e+01,7.07771e+01,8.37068e+01
8.40479e+01,8.36776e+01,7.08267e+01,8.36879e+01
8.40479e+01,8.36799e+01,7.08747e+01,8.36706e+01
8.40479e+01,8.36821e+01,7.09212e+01,8.36551e+01
8.40479e+01,8.36846e+01,7.09663e+01,8.36416e+01
8.40479e+01,8.36889e+01,7.10107e+01,8.36314e+01
8.40479e+01,8.36942e+01,7.10605e+01,8.36239e+01
8.40479e+01,8.37011e+01,7.11100e+01,8.36188e+01
8.40479e+01,8.37081e+01,7.11624e+01,8.36160e+01
8.40479e+01,8.37148e+01,7.12148e+01,8.36157e+01
8.40479e+01,8.37211e+01,7.12658e+01,8.36178e+01
8.40479e+01,8.37268e+01,7.13158e+01,8.36224e+01
8.40479e+01,8.37317e+01,7.13658e+01,8.36294e+01
8.40479e+01,8.37358e+01,7.14144e+01,8.36389e+01
8.40479e+01,8.37392e+01,7.14617e+01,8.36508e+01
8.40479e+01,8.37432e+01,7.15078e+01,8.36650e+01
8.40479e+01,8.37495e+01,7.15526e+01,8.36814e+01
8.40479e+01,8.37551e+01,7.15963e+01,8.37000e+01
8.40479e+01,8.37613e+01,7.16388e+01,8.37207e+01
8.40479e+01,8.37682e+01,7.16803e+01,8.37433e+01
8.40479e+01,8.37745e+01,7.17207e+01,8.37677e+01
8.40479e+01,8.37802e+01,7.17601e+01,8.37938e+01
8.40479e+01,8.37855e+01,7.17986e+01,8.38214e+01
8.40479e+01,8.37903e+01,7.18361e+01,8.38503e+01
8.40479e+01,8.37948e+01,7.18727e+01,8.38803e+01
8.40479e+01,8.37988e+01,7.19085e+01,8.39113e+01
8.40479e+01,8.38026e+01,7.19434e+01,8.39431e+01
8.40479e+01,8.38060e+01,7.19775e+01,8.39755e+01
8.40479e+01,8.38108e+01,7.20109e+01,8.40082e+01
8.40479e+01,8.38216e+01,7.20435e+01,8.40411e+01
8.40479e+01,8.38364e+01,7.20754e+01,8.40740e+01
8.40479e+01,8.38525e+01,7.21066e+01,8.41066e+01
8.40479e+01,8.38700e+01,7.21371e+01,8.41388e+01
8.40479e+01,8.38953e+01,7.21669e+01,8.41704e+01
8.40479e+01,8.39234e+01,7.21962e+01,8.42012e+01
8.40479e+01,8.39524e+01,7.22248e+01,8.42310e+01
8.40479e+01,8.39868e+01,7.22528e+01,8.42596e+01
8.40479e+01,8.40209e+01,7.22803e+01,8.42869e+01
8.40479e+01,8.40542e+01,7.23072e+01,8.43126e+01
8.40479e+01,8.40864e+01,7.23351e+01,8.43368e+01
8.40479e+01,8.41168e+01,7.23667e+01,8.43592e+01
8.40479e+01,8.41452e+01,7.23976e+01,8.43796e+01
8.40479e+01,8.41712e+01,7.24278e+01,8.43981e+01
8.40479e+01,8.41948e+01,7.24573e+01,8.44146e+01
8.40479e+01,8.42155e+01,7.24873e+01,8.44288e+01
8.40479e+01,8.42332e+01,7.25168e+01,8.44408e+01
8.40479e+01,8.42474e+01,7.25456e+01,8.44506e+01
8.40479e+01,8.42580e+01,7.25738e+01,8.44580e+01
8.40479e+01,8.42676e+01,7.26014e+01,8.44632e+01
8.40479e+01,8.42751e+01,7.26284e+01,8.44659e+01
8.40479e+01,8.42781e+01,7.26550e+01,8.44664e+01
8.40479e+01,8.42768e+01,7.26916e+01,8.44646e+01
8.40479e+01,8.42711e+01,7.27301e+01,8.44605e+01
8.40479e+01,8.42637e+01,7.27686e+01,8.44542e+01
8.40479e+01,8.42525e+01,7.28079e+01,8.44457e+01
8.40479e+01,8.42373e+01,7.28465e+01,8.44352e+01
8.40479e+01,8.42217e+01,7.28841e+01,8.44226e+01
8.40479e+01,8.42034e+01,7.29208e+01,8.44082e+01
8.40479e+01,8.41818e+01,7.29567e+01,8.43920e+01
8.40479e+01,8.41598e+01,7.29918e+01,8.43741e+01
8.40479e+01,8.41367e+01,7.30262e+01,8.43546e+01
8.40479e+01,8.41139e+01,7.30601e+01,8.43337e+01
8.40479e+01,8.40908e+01,7.30933e+01,8.43115e+01
8.40479e+01,8.40709e+01,7.31257e+01,8.42881e+01
8.40479e+01,8.40513e+01,7.31575e+01,8.42638e+01
8.40479e+01,8.40306e+01,7.31886e+01,8.42385e+01
8.40479e+01,8.40088e+01,7.32200e+01,8.42125e+01
8.40479e+01,8.39860e+01,7.32524e+01,8.41859e+01
8.40479e+01,8.39623e+01,7.32841e+01,8.41588e+01
8.40479e+01,8.39382e+01,7.33151e+01,8.41315e+01
8.40479e+01,8.39165e+01,7.33454e+01,8.41040e+01
8.40479e+01,8.38975e+01,7.33751e+01,8.40765e+01
8.40479e+01,8.38790e+01,7.34041e+01,8.40491e+01
8.40479e+01,8.38611e+01,7.34325e+01,8.40220e+01
8.40479e+01,8.38437e+01,7.34604e+01,8.39953e+01
8.40479e+01,8.38268e+01,7.34877e+01,8.39691e+01
8.40479e+01,8.38104e+01,7.35144e+01,8.39436e+01
8.40479e+01,8.37945e+01,7.35406e+01,8.39188e+01
8.40479e+01,8.37792e+01,7.35662e+01,8.38950e+01
8.40479e+01,8.37644e+01,7.35914e+01,8.38721e+01
8.40479e+01,8.37502e+01,7.36161e+01,8.38503e+01
8.40479e+01,8.37366e+01,7.36403e+01,8.38297e+01
8.40479e+01,8.37279e+01,7.36668e+01,8.38103e+01
8.40479e+01,8.37239e+01,7.36947e+01,8.37923e+01
8.40479e+01,8.37206e+01,7.37220e+01,8.37757e+01
8.40479e+01,8.37179e+01,7.37488e+01,8.37606e+01
8.40479e+01,8.37156e+01,7.37750e+01,8.37470e+01
8.40479e+01,8.37140e+01,7.38007e+01,8.37351e+01
8.40479e+01,8.37150e+01,7.38258e+01,8.37250e+01
8.40479e+01,8.37164e+01,7.38505e+01,8.37167e+01
8.40479e+01,8.37195e+01,7.38747e+01,8.37101e+01
8.40479e+01,8.37242e+01,7.38984e+01,8.37054e+01
8.40479e+01,8.37292e+01,7.39216e+01,8.37025e+01
8.40479e+01,8.37346e+01,7.39444e+01,8.37014e+01
8.40479e+01,8.37405e+01,7.39667e+01,8.37020e+01
8.40479e+01,8.37468e+01,7.39887e+01,8.37044e+01
8.40479e+01,8.37536e+01,7.40102e+01,8.37085e+01
8.40479e+01,8.37624e+01,7.40313e+01,8.37142e+01
8.40479e+01,8.37753e+01,7.40521e+01,8.37215e+01
8.40479e+01,8.37890e+01,7.40724e+01,8.37304e+01
8.40479e+01,8.38037e+01,7.40925e+01,8.37414e+01
8.40479e+01,8.38209e+01,7.41121e+01,8.37539e+01
8.40479e+01,8.38403e+01,7.41315e+01,8.37676e+01
8.40479e+01,8.38605e+01,7.41504e+01,8.37822e+01
8.40479e+01,8.38813e+01,7.41691e+01,8.37978e+01
8.40479e+01,8.39025e+01,7.41875e+01,8.38143e+01
8.40479e+01,8.39240e+01,7.42055e+01,8.38315e+01
8.40479e+01,8.39455e+01,7.42233e+01,8.38493e+01
8.40479e+01,8.39669e+01,7.42407e+01,8.38678e+01
8.40479e+01,8.39880e+01,7.42585e+01,8.38869e+01
8.40479e+01,8.40085e+01,7.42779e+01,8.39064e+01
8.40479e+01,8.40284e+01,7.42995e+01,8.39263e+01
8.40479e+01,8.40477e+01,7.43206e+01,8.39465e+01
8.40479e+01,8.40662e+01,7.43413e+01,8.39669e+01
8.40479e+01,8.40837e+01,7.43615e+01,8.39872e+01
8.40479e+01,8.40999e+01,7.43813e+01,8.40076e+01
8.40479e+01,8.41149e+01,7.44008e+01,8.40278e+01
8.40479e+01,8.41283e+01,7.44198e+01,8.40478e+01
8.40479e+01,8.41401e+01,7.44385e+01,8.40675e+01
8.40479e+01,8.41501e+01,7.44579e+01,8.40868e+01
8.40479e+01,8.41583e+01,7.44824e+01,8.41056e+01
8.40479e+01,8.41645e+01,7.45063e+01,8.41238e+01
8.40479e+01,8.41688e+01,7.45297e+01,8.41414e+01
8.40479e+01,8.41728e+01,7.45538e+01,8.41582e+01
8.40479e+01,8.41752e+01,7.45782e+01,8.41743e+01
8.40479e+01,8.41757e+01,7.46021e+01,8.41895e+01
8.40479e+01,8.41742e+01,7.46253e+01,8.42039e+01
8.40479e+01,8.41710e+01,7.46480e+01,8.42172e+01
8.40479e+01,8.41695e+01,7.46701e+01,8.42296e+01
8.40479e+01,8.41668e+01,7.46917e+01,8.42410e+01
8.40479e+01,8.41627e+01,7.47130e+01,8.42513e+01
8.40479e+01,8.41571e+01,7.47342e+01,8.42606e+01
8.40479e+01,8.41501e+01,7.47574e+01,8.42687e+01
8.40479e+01,8.41423e+01,7.47854e+01,8.42756e+01
8.40479e+01,8.41332e+01,7.48129e+01,8.42815e+01
8.40479e+01,8.41228e+01,7.48396e+01,8.42862e+01
8.40479e+01,8.41114e+01,7.48657e+01,8.42897e+01
8.40479e+01,8.40988e+01,7.48911e+01,8.42925e+01
8.40479e+01,8.40854e+01,7.49159e+01,8.42952e+01
8.40479e+01,8.40712e+01,7.49417e+01,8.42967e+01
8.40479e+01,8.40564e+01,7.49670e+01,8.42970e+01
8.40479e+01,8.40411e+01,7.49916e+01,8.42961e+01
8.40479e+01,8.40254e+01,7.50156e+01,8.42941e+01
8.40479e+01,8.40104e+01,7.50389e+01,8.42909e+01
8.40479e+01,8.39975e+01,7.50617e+01,8.42866e+01
8.40479e+01,8.39847e+01,7.50840e+01,8.42812e+01
8.40479e+01,8.39721e+01,7.51062e+01,8.42748e+01
8.40479e+01,8.39596e+01,7.51277e+01,8.42674e+01
8.40479e+01,8.39474e+01,7.51488e+01,8.42590e+01
8.40479e+01,8.39358e+01,7.51693e+01,8.42498e+01
8.40479e+01,8.39246e+01,7.51893e+01,8.42397e+01
8.40479e+01,8.39140e+01,7.52105e+01,8.42289e+01
8.40479e+01,8.39040e+01,7.52357e+01,8.42173e+01
8.40479e+01,8.38946e+01,7.52603e+01,8.42051e+01
8.40479e+01,8.38858e+01,7.52842e+01,8.41923e+01
8.40479e+01,8.38778e+01,7.53074e+01,8.41790e+01
8.40479e+01,8.38710e+01,7.53300e+01,8.41653e+01
8.40479e+01,8.38657e+01,7.53520e+01,8.41512e+01
8.40479e+01,8.38609e+01,7.53734e+01,8.41368e+01
8.40479e+01,8.38566e+01,7.53942e+01,8.41221e+01
8.40479e+01,8.38531e+01,7.54145e+01,8.41073e+01
8.40479e+01,8.38503e+01,7.54343e+01,8.40924e+01
8.40479e+01,8.38483e+01,7.54549e+01,8.40775e+01
8.40479e+01,8.38472e+01,7.54753e+01,8.40626e+01
8.40479e+01,8.38469e+01,7.54951e+01,8.40478e+01
8.40479e+01,8.38474e+01,7.55144e+01,8.40332e+01
8.40479e+01,8.38485e+01,7.55332e+01,8.40189e+01
8.40479e+01,8.38502e+01,7.55515e+01,8.40048e+01
8.40479e+01,8.38524e+01,7.55694e+01,8.39911e+01
8.40479e+01,8.38548e+01,7.55868e+01,8.39778e+01
8.40479e+01,8.38574e+01,7.56037e+01,8.39650e+01
8.40479e+01,8.38600e+01,7.56202e+01,8.39527e+01
8.40479e+01,8.38626e+01,7.56363e+01,8.39410e+01
8.40479e+01,8.38653e+01,7.56520e+01,8.39299e+01
8.40479e+01,8.38679e+01,7.56674e+01,8.39196e+01
8.40479e+01,8.38706e+01,7.56823e+01,8.39100e+01
8.40479e+01,8.38730e+01,7.56969e+01,8.39012e+01
8.40479e+01,8.38753e+01,7.57112e+01,8.38932e+01
8.40479e+01,8.38772e+01,7.57271e+01,8.38860e+01
8.40479e+01,8.38788e+01,7.57431e+01,8.38797e+01
8.40479e+01,8.38800e+01,7.57587e+01,8.38742e+01
8.40479e+01,8.38813e+01,7.57740e+01,8.38696e+01
8.40479e+01,8.38827e+01,7.57889e+01,8.38659e+01
8.40479e+01,8.38838e+01,7.58034e+01,8.38631e+01
8.40479e+01,8.38847e+01,7.58176e+01,8.38611e+01
8.40479e+01,8.38853e+01,7.58317e+01,8.38600e+01
8.40479e+01,8.38858e+01,7.58455e+01,8.38598e+01
8.40479e+01,8.38860e+01,7.58590e+01,8.38604e+01
8.40479e+01,8.38863e+01,7.58721e+01,8.38618e+01
8.40479e+01,8.38865e+01,7.58849e+01,8.38641e+01
8.40479e+01,8.38873e+01,7.58974e+01,8.38670e+01
8.40479e+01,8.38901e+01,7.59097e+01,8.38708e+01
8.40479e+01,8.38935e+01,7.59216e+01,8.38752e+01
8.40479e+01,8.38976e+01,7.59333e+01,8.38804e+01
8.40479e+01,8.39027e+01,7.59447e+01,8.38862e+01
8.40479e+01,8.39093e+01,7.59559e+01,8.38926e+01
8.40479e+01,8.39171e+01,7.59697e+01,8.38996e+01
8.40479e+01,8.39271e+01,7.59841e+01,8.39072e+01
8.40479e+01,8.39395e+01,7.59981e+01,8.39152e+01
8.40479e+01,8.39566e+01,7.60117e+01,8.39237e+01
8.40479e+01,8.39744e+01,7.60249e+01,8.39327e+01
8.40479e+01,8.39928e+01,7.60382e+01,8.39420e+01
8.40479e+01,8.40114e+01,7.60514e+01,8.39516e+01
8.40479e+01,8.40302e+01,7.60643e+01,8.39615e+01
8.40479e+01,8.40491e+01,7.60768e+01,8.39716e+01
8.40479e+01,8.40695e+01,7.60889e+01,8.39819e+01
8.40479e+01,8.40893e+01,7.61023e+01,8.39924e+01
8.40479e+01,8.41083e+01,7.61192e+01,8.40030e+01
8.40479e+01,8.41267e+01,7.61361e+01,8.40136e+01
8.40479e+01,8.41468e+01,7.61525e+01,8.40242e+01
8.40479e+01,8.41658e+01,7.61688e+01,8.40348e+01
8.40479e+01,8.41832e+01,7.61848e+01,8.40452e+01
8.40479e+01,8.41988e+01,7.62002e+01,8.40556e+01
8.40479e+01,8.42124e+01,7.62162e+01,8.40658e+01
8.40479e+01,8.42237e+01,7.62394e+01,8.40758e+01
8.40479e+01,8.42327e+01,7.62623e+01,8.40855e+01
8.40479e+01,8.42391e+01,7.62863e+01,8.40950e+01
8.40479e+01,8.42428e+01,7.63096e+01,8.41041e+01
8.40479e+01,8.42439e+01,7.63322e+01,8.41129e+01
8.40479e+01,8.42421e+01,7.63540e+01,8.41212e+01
8.40479e+01,8.42376e+01,7.63751e+01,8.41292e+01
8.40479e+01,8.42304e+01,7.63956e+01,8.41367e+01
8.40479e+01,8.42204e+01,7.64154e+01,8.41437e+01
8.40479e+01,8.42077e+01,7.64347e+01,8.41502e+01
8.40479e+01,8.41926e+01,7.64533e+01,8.41561e+01
8.40479e+01,8.41751e+01,7.64714e+01,8.41615e+01
8.40479e+01,8.41554e+01,7.64900e+01,8.41664e+01
8.40479e+01,8.41336e+01,7.65087e+01,8.41706e+01
8.40479e+01,8.41105e+01,7.65269e+01,8.41743e+01
8.40479e+01,8.40889e+01,7.65446e+01,8.41773e+01
8.40479e+01,8.40667e+01,7.65618e+01,8.41798e+01
8.40479e+01,8.40433e+01,7.65785e+01,8.41816e+01
8.40479e+01,8.40190e+01,7.65947e+01,8.41827e+01
8.40479e+01,8.39941e+01,7.66106e+01,8.41833e+01
8.40479e+01,8.39686e+01,7.66261e+01,8.41833e+01
8.40479e+01,8.39429e+01,7.66413e+01,8.41826e+01
8.40479e+01,8.39171e+01,7.66560e+01,8.41813e+01
8.40479e+01,8.38916e+01,7.66704e+01,8.41794e+01
8.40479e+01,8.38665e+01,7.66843e+01,8.41770e+01
8.40479e+01,8.38421e+01,7.66986e+01,8.41750e+01
8.40479e+01,8.38185e+01,7.67142e+01,8.41725e+01
8.40479e+01,8.37961e+01,7.67294e+01,8.41694e+01
8.40479e+01,8.37755e+01,7.67442e+01,8.41658e+01
8.40479e+01,8.37563e+01,7.67586e+01,8.41616e+01
8.40479e+01,8.37388e+01,7.67726e+01,8.41570e+01
8.40479e+01,8.37232e+01,7.67863e+01,8.41518e+01
8.40479e+01,8.37099e+01,7.67996e+01,8.41462e+01
8.40479e+01,8.36992e+01,7.68159e+01,8.41402e+01
8.40479e+01,8.36917e+01,7.68323e+01,8.41338e+01
8.40479e+01,8.36887e+01,7.68483e+01,8.41270e+01
8.40479e+01,8.36884e+01,7.68639e+01,8.41199e+01
8.40479e+01,8.36906e+01,7.68791e+01,8.41126e+01
8.40479e+01,8.36953e+01,7.68941e+01,8.41049e+01
8.40479e+01,8.37025e+01,7.69086e+01,8.40971e+01
8.40479e+01,8.37120e+01,7.69228e+01,8.40891e+01
8.40479e+01,8.37237e+01,7.69369e+01,8.40810e+01
8.40479e+01,8.37378e+01,7.69519e+01,8.40728e+01
8.40479e+01,8.37539e+01,7.69674e+01,8.40645e+01
8.40479e+01,8.37719e+01,7.69825e+01,8.40562e+01
8.40479e+01,8.37916e+01,7.69972e+01,8.40480e+01
8.40479e+01,8.38127e+01,7.70116e+01,8.40398e+01
8.40479e+01,8.38350e+01,7.70256e+01,8.40318e+01
8.40479e+01,8.38581e+01,7.70393e+01,8.40239e+01
8.40479e+01,8.38817e+01,7.70526e+01,8.40162e+01
8.40479e+01,8.39057e+01,7.70656e+01,8.40087e+01
8.40479e+01,8.39295e+01,7.70784e+01,8.40014e+01
8.40479e+01,8.39530e+01,7.70908e+01,8.39945e+01
8.40479e+01,8.39759e+01,7.71029e+01,8.39878e+01
8.40479e+01,8.39978e+01,7.71148e+01,8.39816e+01
8.40479e+01,8.40186e+01,7.71264e+01,8.39757e+01
8.40479e+01,8.40381e+01,7.71378e+01,8.39702e+01
8.40479e+01,8.40560e+01,7.71489e+01,8.39651e+01
8.40479e+01,8.40725e+01,7.71598e+01,8.39604e+01
8.40479e+01,8.40873e+01,7.71704e+01,8.39563e+01
8.40479e+01,8.41003e+01,7.71808e+01,8.39525e+01
8.40479e+01,8.41114e+01,7.71910e+01,8.39493e+01
8.40479e+01,8.41209e+01,7.72010e+01,8.39466e+01
8.40479e+01,8.41289e+01,7.72128e+01,8.39445e+01
8.40479e+01,8.41370e+01,7.72247e+01,8.39431e+01
8.40479e+01,8.41433e+01,7.72365e+01,8.39423e+01
8.40479e+01,8.41494e+01,7.72480e+01,8.39421e+01
8.40479e+01,8.41558e+01,7.72593e+01,8.39425e+01
8.40479e+01,8.41604e+01,7.72703e+01,8.39435e+01
8.40479e+01,8.41631e+01,7.72811e+01,8.39451e+01
8.40479e+01,8.41641e+01,7.72917e+01,8.39473e+01
8.40479e+01,8.41633e+01,7.73020e+01,8.39501e+01
8.40479e+01,8.41624e+01,7.73121e+01,8.39533e+01
8.40479e+01,8.41613e+01,7.73220e+01,8.39571e+01
8.40479e+01,8.41591e+01,7.73316e+01,8.39613e+01
8.40479e+01,8.41564e+01,7.73410e+01,8.39660e+01
8.40479e+01,8.41525e+01,7.73501e+01,8.39711e+01
8.40479e+01,8.41473e+01,7.73591e+01,8.39765e+01
8.40479e+01,8.41410e+01,7.73679e+01,8.39822e+01
8.40479e+01,8.41335e+01,7.73765e+01,8.39881e+01
8.40479e+01,8.41270e+01,7.73849e+01,8.39943e+01
8.40479e+01,8.41195e+01,7.73937e+01,8.40007e+01
8.40479e+01,8.41115e+01,7.74043e+01,8.40071e+01
8.40479e+01,8.41027e+01,7.74145e+01,8.40137e+01
8.40479e+01,8.40931e+01,7.74246e+01,8.40203e+01
8.40479e+01,8.40829e+01,7.74344e+01,8.40268e+01
8.40479e+01,8.40720e+01,7.74439e+01,8.40333e+01
8.40479e+01,8.40606e+01,7.74536e+01,8.40397e+01
8.40479e+01,8.40487e+01,7.74648e+01,8.40459e+01
8.40479e+01,8.40364e+01,7.74757e+01,8.40520e+01
8.40479e+01,8.40239e+01,7.74863e+01,8.40578e+01
8.40479e+01,8.40112e+01,7.74967e+01,8.40634e+01
8.40479e+01,8.39994e+01,7.75067e+01,8.40686e+01
8.40479e+01,8.39881e+01,7.75165e+01,8.40736e+01
8.40479e+01,8.39770e+01,7.75261e+01,8.40782e+01
8.40479e+01,8.39661e+01,7.75354e+01,8.40824e+01
8.40479e+01,8.39554e+01,7.75448e+01,8.40862e+01
8.40479e+01,8.39451e+01,7.75546e+01,8.40897e+01
8.40479e+01,8.39352e+01,7.75642e+01,8.40927e+01
8.40479e+01,8.39257e+01,7.75735e+01,8.40952e+01
8.40479e+01,8.39166e+01,7.75826e+01,8.40974e+01
8.40479e+01,8.39081e+01,7.75914e+01,8.40991e+01
8.40479e+01,8.39001e+01,7.76001e+01,8.41008e+01
8.40479e+01,8.38926e+01,7.76085e+01,8.41020e+01
8.40479e+01,8.38858e+01,7.76167e+01,8.41027e+01
8.40479e+01,8.38795e+01,7.76248e+01,8.41028e+01
8.40479e+01,8.38739e+01,7.76326e+01,8.41024e+01
8.40479e+01,8.38690e+01,7.76403e+01,8.41015e+01
8.40479e+01,8.38658e+01,7.76477e+01,8.41004e+01
8.40479e+01,8.38637e+01,7.76551e+01,8.40988e+01
8.40479e+01,8.38622e+01,7.76626e+01,8.40970e+01
8.40479e+01,8.38617e+01,7.76699e+01,8.40949e+01
8.40479e+01,8.38623e+01,7.76771e+01,8.40925e+01
8.40479e+01,8.38636e+01,7.76841e+01,8.40899e+01
8.40479e+01,8.38658e+01,7.76928e+01,8.40871e+01
8.40479e+01,8.38687e+01,7.77020e+01,8.40842e+01
8.40479e+01,8.38723e+01,7.77110e+01,8.40811e+01
8.40479e+01,8.38767e+01,7.77197e+01,8.40780e+01
8.40479e+01,8.38816e+01,7.77282e+01,8.40748e+01
8.40479e+01,8.38871e+01,7.77366e+01,8.40715e+01
8.40479e+01,8.38929e+01,7.77460e+01,8.40683e+01
8.40479e+01,8.38991e+01,7.77551e+01,8.40657e+01
8.40479e+01,8.39055e+01,7.77639e+01,8.40636e+01
8.40479e+01,8.39121e+01,7.77725e+01,8.40614e+01
8.40479e+01,8.39187e+01,7.77822e+01,8.40593e+01
8.40479e+01,8.39253e+01,7.77924e+01,8.40573e+01
8.40479e+01,8.39320e+01,7.78022e+01,8.40553e+01
8.40479e+01,8.39385e+01,7.78117e+01,8.40534e+01
8.40479e+01,8.39452e+01,7.78218e+01,8.40516e+01
8.40479e+01,8.39517e+01,7.78318e+01,8.40500e+01
8.40479e+01,8.39588e+01,7.78415e+01,8.40484e+01
8.40479e+01,8.39657e+01,7.78509e+01,8.40470e+01
8.40479e+01,8.39723e+01,7.78600e+01,8.40458e+01
8.40479e+01,8.39787e+01,7.78689e+01,8.40447e+01
8.40479e+01,8.39848e+01,7.78775e+01,8.40438e+01
8.40479e+01,8.39907e+01,7.78858e+01,8.40430e+01
8.40479e+01,8.39967e+01,7.78940e+01,8.40424e+01
8.40479e+01,8.40024e+01,7.79019e+01,8.40420e+01
8.40479e+01,8.40077e+01,7.79101e+01,8.40418e+01
8.40479e+01,8.40125e+01,7.79194e+01,8.40417e+01
8.40479e+01,8.40167e+01,7.79284e+01,8.40417e+01
8.40479e+01,8.40204e+01,7.79372e+01,8.40419e+01
8.40479e+01,8.40236e+01,7.79458e+01,8.40423e+01
8.40479e+01,8.40263e+01,7.79541e+01,8.40427e+01
8.40479e+01,8.40285e+01,7.79622e+01,8.40433e+01
8.40479e+01,8.40302e+01,7.79701e+01,8.40440e+01
8.40479e+01,8.40313e+01,7.79778e+01,8.40447e+01
8.40479e+01,8.40319e+01,7.79852e+01,8.40456e+01
8.40479e+01,8.40329e+01,7.79925e+01,8.40464e+01
8.40479e+01,8.40333e+01,7.79996e+01,8.40473e+01
8.40479e+01,8.40332e+01,7.80066e+01,8.40482e+01
8.40479e+01,8.40326e+01,7.80135e+01,8.40491e+01
8.40479e+01,8.40327e+01,7.80202e+01,8.40500e+01
8.40479e+01,8.40322e+01,7.80267e+01,8.40510e+01
8.40479e+01,8.40311e+01,7.80339e+01,8.40519e+01
8.40479e+01,8.40294e+01,7.80416e+01,8.40528e+01
8.40479e+01,8.40272e+01,7.80491e+01,8.40536e+01
8.40479e+01,8.40244e+01,7.80564e+01,8.40544e+01
8.40479e+01,8.40211e+01,7.80636e+01,8.40552e+01
8.40479e+01,8.40173e+01,7.80715e+01,8.40558e+01
8.40479e+01,8.40131e+01,7.80812e+01,8.40564e+01
8.40479e+01,8.40084e+01,7.80928e+01,8.40569e+01
8.40479e+01,8.40034e+01,7.81055e+01,8.40573e+01
8.40479e+01,8.39985e+01,7.81179e+01,8.40576e+01
8.40479e+01,8.39941e+01,7.81299e+01,8.40577e+01
8.40479e+01,8.39906e+01,7.81414e+01,8.40577e+01
8.40479e+01,8.39881e+01,7.81526e+01,8.40576e+01
8.40479e+01,8.39861e+01,7.81639e+01,8.40573e+01
8.40479e+01,8.39847e+01,7.81797e+01,8.40570e+01
8.40479e+01,8.39834e+01,7.81959e+01,8.40564e+01
8.40479e+01,8.39833e+01,7.82129e+01,8.40558e+01
8.40479e+01,8.39835e+01,7.82293e+01,8.40549e+01
8.40479e+01,8.39838e+01,7.82452e+01,8.40540e+01
8.40479e+01,8.39842e+01,7.82606e+01,8.40529e+01
8.40479e+01,8.39845e+01,7.82764e+01,8.40518e+01
8.40479e+01,8.39848e+01,7.82939e+01,8.40505e+01
8.40479e+01,8.39851e+01,7.83108e+01,8.40490e+01
8.40479e+01,8.39853e+01,7.83273e+01,8.40475e+01
8.40479e+01,8.39854e+01,7.83433e+01,8.40460e+01
8.40479e+01,8.39855e+01,7.83593e+01,8.40443e+01
8.40479e+01,8.39861e+01,7.83777e+01,8.40426e+01
8.40479e+01,8.39867e+01,7.83955e+01,8.40408e+01
8.40479e+01,8.39872e+01,7.84128e+01,8.40390e+01
8.40479e+01,8.39874e+01,7.84297e+01,8.40371e+01
8.40479e+01,8.39872e+01,7.84461e+01,8.40353e+01
8.40479e+01,8.39867e+01,7.84620e+01,8.40334e+01
8.40479e+01,8.39869e+01,7.84776e+01,8.40316e+01
8.40479e+01,8.39876e+01,7.84927e+01,8.40298e+01
8.40479e+01,8.39881e+01,7.85084e+01,8.40281e+01
8.40479e+01,8.39883e+01,7.85243e+01,8.40264e+01
8.40479e+01,8.39880e+01,7.85398e+01,8.40247e+01
8.40479e+01,8.39873e+01,7.85549e+01,8.40232e+01
8.40479e+01,8.39861e+01,7.85696e+01,8.40217e+01
8.40479e+01,8.39845e+01,7.85839e+01,8.40204e+01
8.40479e+01,8.39826e+01,7.85980e+01,8.40191e+01
8.40479e+01,8.39805e+01,7.86117e+01,8.40180e+01
8.40479e+01,8.39781e+01,7.86255e+01,8.40171e+01
8.40479e+01,8.39753e+01,7.86399e+01,8.40162e+01
8.40479e+01,8.39721e+01,7.86539e+01,8.40155e+01
8.40479e+01,8.39688e+01,7.86676e+01,8.40150e+01
8.40479e+01,8.39657e+01,7.86810e+01,8.40146e+01
8.40479e+01,8.39626e+01,7.86942e+01,8.40143e+01
8.40479e+01,8.39597e+01,7.87072e+01,8.40143e+01
8.40479e+01,8.39570e+01,7.87199e+01,8.40144e+01
8.40479e+01,8.39552e+01,7.87322e+01,8.40146e+01
8.40479e+01,8.39540e+01,7.87443e+01,8.40150e+01
8.40479e+01,8.39532e+01,7.87561e+01,8.40156e+01
8.40479e+01,8.39527e+01,7.87677e+01,8.40163e+01
8.40479e+01,8.39525e+01,7.87790e+01,8.40172e+01
8.40479e+01,8.39527e+01,7.87900e+01,8.40183e+01
8.40479e+01,8.39533e+01,7.88008e+01,8.40194e+01
8.40479e+01,8.39545e+01,7.88114e+01,8.40208e+01
8.40479e+01,8.39564e+01,7.88218e+01,8.40222e+01
8.40479e+01,8.39584e+01,7.88319e+01,8.40238e+01
8.40479e+01,8.39608e+01,7.88418e+01,8.40255e+01
8.40479e+01,8.39635e+01,7.88515e+01,8.40274e+01
8.40479e+01,8.39664e+01,7.88611e+01,8.40293e+01
8.40479e+01,8.39696e+01,7.88717e+01,8.40314e+01
8.40479e+01,8.39732e+01,7.88837e+01,8.40335e+01
8.40479e+01,8.39780e+01,7.88954e+01,8.40357e+01
8.40479e+01,8.39827e+01,7.89076e+01,8.40380e+01
8.40479e+01,8.39872e+01,7.89222e+01,8.40403e+01
8.40479e+01,8.39915e+01,7.89364e+01,8.40427e+01
8.40479e+01,8.39954e+01,7.89503e+01,8.40452e+01
8.40479e+01,8.39989e+01,7.89637e+01,8.40477e+01
8.40479e+01,8.40020e+01,7.89769e+01,8.40502e+01
8.40479e+01,8.40046e+01,7.89897e+01,8.40527e+01
8.40479e+01,8.40068e+01,7.90022e+01,8.40552e+01
8.40479e+01,8.40084e+01,7.90143e+01,8.40578e+01
8.40479e+01,8.40095e+01,7.90262e+01,8.40603e+01
8.40479e+01,8.40101e+01,7.90378e+01,8.40628e+01
8.40479e+01,8.40101e+01,7.90492e+01,8.40654e+01
8.40479e+01,8.40098e+01,7.90603e+01,8.40680e+01
8.40479e+01,8.40092e+01,7.90711e+01,8.40706e+01
8.40479e+01,8.40083e+01,7.90817e+01,8.40730e+01
8.40479e+01,8.40072e+01,7.90921e+01,8.40753e+01
8.40479e+01,8.40060e+01,7.91022e+01,8.40775e+01
8.40479e+01,8.40044e+01,7.91121e+01,8.40796e+01
8.40479e+01,8.40027e+01,7.91218e+01,8.40815e+01
8.40479e+01,8.40007e+01,7.91313e+01,8.40833e+01
8.40479e+01,8.39984e+01,7.91411e+01,8.40850e+01
8.40479e+01,8.39958e+01,7.91513e+01,8.40866e+01
8.40479e+01,8.39935e+01,7.91613e+01,8.40880e+01
8.40479e+01,8.39920e+01,7.91711e+01,8.40894e+01
8.40479e+01,8.39902e+01,7.91806e+01,8.40905e+01
8.40479e+01,8.39880e+01,7.91900e+01,8.40915e+01
8.40479e+01,8.39858e+01,7.91991e+01,8.40924e+01
8.40479e+01,8.39841e+01,7.92080e+01,8.40931e+01
8.40479e+01,8.39821e+01,7.92167e+01,8.40936e+01
8.40479e+01,8.39798e+01,7.92253e+01,8.40940e+01
8.40479e+01,8.39772e+01,7.92336e+01,8.40942e+01
8.40479e+01,8.39742e+01,7.92418e+01,8.40942e+01
8.40479e+01,8.39709e+01,7.92499e+01,8.40941e+01
8.40479e+01,8.39673e+01,7.92577e+01,8.40937e+01
8.40479e+01,8.39634e+01,7.92654e+01,8.40932e+01
8.40479e+01,8.39594e+01,7.92729e+01,8.40926e+01
8.40479e+01,8.39552e+01,7.92803e+01,8.40917e+01
8.40479e+01,8.39508e+01,7.92876e+01,8.40906e+01
8.40479e+01,8.39463e+01,7.92947e+01,8.40894e+01
8.40479e+01,8.39417e+01,7.93017e+01,8.40880e+01
8.40479e+01,8.39380e+01,7.93085e+01,8.40864e+01
8.40479e+01,8.39348e+01,7.93152e+01,8.40847e+01
8.40479e+01,8.39316e+01,7.93218e+01,8.40828e+01
8.40479e+01,8.39290e+01,7.93282e+01,8.40807e+01
8.40479e+01,8.39262e+01,7.93346e+01,8.40784e+01
8.40479e+01,8.39233e+01,7.93415e+01,8.40760e+01
8.40479e+01,8.39207e+01,7.93484e+01,8.40735e+01
8.40479e+01,8.39186e+01,7.93559e+01,8.40708e+01
8.40479e+01,8.39164e+01,7.93633e+01,8.40680e+01
8.40479e+01,8.39146e+01,7.93705e+01,8.40651e+01
8.40479e+01,8.39126e+01,7.93775e+01,8.40621e+01
8.40479e+01,8.39111e+01,7.93844e+01,8.40589e+01
8.40479e+01,8.39098e+01,7.93911e+01,8.40557e+01
8.40479e+01,8.39091e+01,7.93976e+01,8.40524e+01
8.40479e+01,8.39087e+01,7.94040e+01,8.40490e+01
8.40479e+01,8.39095e+01,7.94103e+01,8.40456e+01
8.40479e+01,8.39110e+01,7.94164e+01,8.40421e+01
8.40479e+01,8.39136e+01,7.94227e+01,8.40387e+01
8.40479e+01,8.39165e+01,7.94288e+01,8.40352e+01
8.40479e+01,8.39197e+01,7.94347e+01,8.40317e+01
8.40479e+01,8.39233e+01,7.94406e+01,8.40282e+01
8.40479e+01,8.39282e+01,7.94463e+01,8.40247e+01
8.40479e+01,8.39336e+01,7.94519e+01,8.40213e+01
8.40479e+01,8.39397e+01,7.94574e+01,8.40180e+01
8.40479e+01,8.39458e+01,7.94627e+01,8.40148e+01
8.40479e+01,8.39527e+01,7.94680e+01,8.40116e+01
8.40479e+01,8.39605e+01,7.94731e+01,8.40086e+01
8.40479e+01,8.39685e+01,7.94781e+01,8.40056e+01
8.40479e+01,8.39763e+01,7.94830e+01,8.40029e+01
8.40479e+01,8.39841e+01,7.94883e+01,8.40003e+01
8.40479e+01,8.39917e+01,7.94937e+01,8.39978e+01
8.40479e+01,8.39990e+01,7.94990e+01,8.39955e+01
8.40479e+01,8.40061e+01,7.95044e+01,8.39935e+01
8.40479e+01,8.40130e+01,7.95120e+01,8.39916e+01
8.40479e+01,8.40197e+01,7.95197e+01,8.39900e+01
8.40479e+01,8.40261e+01,7.95271e+01,8.39886e+01
8.40479e+01,8.40321e+01,7.95343e+01,8.39874e+01
8.40479e+01,8.40379e+01,7.95413e+01,8.39865e+01
8.40479e+01,8.40432e+01,7.95482e+01,8.39859e+01
8.40479e+01,8.40486e+01,7.95554e+01,8.39855e+01
8.40479e+01,8.40542e+01,7.95629e+01,8.39854e+01
8.40479e+01,8.40593e+01,7.95703e+01,8.39855e+01
8.40479e+01,8.40637e+01,7.95774e+01,8.39860e+01
8.40479e+01,8.40675e+01,7.95843e+01,8.39867e+01
8.40479e+01,8.40706e+01,7.95910e+01,8.39877e+01
8.40479e+01,8.40730e+01,7.95975e+01,8.39890e+01
8.40479e+01,8.40751e+01,7.96039e+01,8.39906e+01
8.40479e+01,8.40764e+01,7.96100e+01,8.39924e+01
8.40479e+01,8.40770e+01,7.96160e+01,8.39945e+01
8.40479e+01,8.40768e+01,7.96218e+01,8.39969e+01
8.40479e+01,8.40758e+01,7.96275e+01,8.39996e+01
8.40479e+01,8.40740e+01,7.96330e+01,8.40024e+01
8.40479e+01,8.40714e+01,7.96384e+01,8.40055e+01
8.40479e+01,8.40680e+01,7.96436e+01,8.40089e+01
8.40479e+01,8.40638e+01,7.96487e+01,8.40124e+01
8.40479e+01,8.40589e+01,7.96536e+01,8.40161e+01
8.40479e+01,8.40537e+01,7.96585e+01,8.40200e+01
8.40479e+01,8.40483e+01,7.96632e+01,8.40241e+01
8.40479e+01,8.40423e+01,7.96678e+01,8.40283e+01
8.40479e+01,8.40358e+01,7.96723e+01,8.40327e+01
8.40479e+01,8.40289e+01,7.96767e+01,8.40371e+01
8.40479e+01,8.40221e+01,7.96810e+01,8.40416e+01
8.40479e+01,8.40150e+01,7.96852e+01,8.40462e+01
8.40479e+01,8.40076e+01,7.96894e+01,8.40508e+01
8.40479e+01,8.40002e+01,7.96934e+01,8.40555e+01
8.40479e+01,8.39930e+01,7.96973e+01,8.40601e+01
8.40479e+01,8.39857e+01,7.97016e+01,8.40647e+01
8.40479e+01,8.39785e+01,7.97060e+01,8.40693e+01
8.40479e+01,8.39714e+01,7.97104e+01,8.40737e+01
8.40479e+01,8.39644e+01,7.97147e+01,8.40781e+01
8.40479e+01,8.39575e+01,7.97188e+01,8.40824e+01
8.40479e+01,8.39507e+01,7.97229e+01,8.40865e+01
8.40479e+01,8.39442e+01,7.97275e+01,8.40905e+01
8.40479e+01,8.39378e+01,7.97326e+01,8.40943e+01
8.40479e+01,8.39318e+01,7.97375e+01,8.40979e+01
8.40479e+01,8.39260e+01,7.97423e+01,8.41013e+01
8.40479e+01,8.39207e+01,7.97470e+01,8.41044e+01
8.40479e+01,8.39159e+01,7.97516e+01,8.41073e+01
8.40479e+01,8.39119e+01,7.97561e+01,8.41099e+01
8.40479e+01,8.39083e+01,7.97605e+01,8.41123e+01
8.40479e+01,8.39051e+01,7.97648e+01,8.41143e+01
8.40479e+01,8.39024e+01,7.97690e+01,8.41161e+01
8.40479e+01,8.38999e+01,7.97732e+01,8.41175e+01
8.40479e+01,8.38980e+01,7.97798e+01,8.41187e+01
8.40479e+01,8.38964e+01,7.97862e+01,8.41194e+01
8.40479e+01,8.38950e+01,7.97924e+01,8.41199e+01
8.40479e+01,8.38942e+01,7.97984e+01,8.41201e+01
8.40479e+01,8.38934e+01,7.98042e+01,8.41199e+01
8.40479e+01,8.38928e+01,7.98099e+01,8.41194e+01
8.40479e+01,8.38923e+01,7.98153e+01,8.41185e+01
8.40479e+01,8.38919e+01,7.98206e+01,8.41173e+01
8.40479e+01,8.38917e+01,7.98257e+01,8.41159e+01
8.40479e+01,8.38917e+01,7.98307e+01,8.41141e+01
8.40479e+01,8.38918e+01,7.98356e+01,8.41120e+01
8.40479e+01,8.38922e+01,7.98405e+01,8.41096e+01
8.40479e+01,8.38929e+01,7.98452e+01,8.41069e+01
8.40479e+01,8.38938e+01,7.98498e+01,8.41040e+01
8.40479e+01,8.38950e+01,7.98542e+01,8.41009e+01
8.40479e+01,8.38968e+01,7.98586e+01,8.40975e+01
8.40479e+01,8.38993e+01,7.98628e+01,8.40939e+01
8.40479e+01,8.39028e+01,7.98669e+01,8.40901e+01
8.40479e+01,8.39067e+01,7.98740e+01,8.40861e+01
8.40479e+01,8.39108e+01,7.98815e+01,8.40819e+01
8.40479e+01,8.39153e+01,7.98888e+01,8.40777e+01
8.40479e+01,8.39215e+01,7.98958e+01,8.40733e+01
8.40479e+01,8.39278e+01,7.99026e+01,8.40688e+01
8.40479e+01,8.39345e+01,7.99092e+01,8.40642e+01
8.40479e+01,8.39415e+01,7.99155e+01,8.40596e+01
8.40479e+01,8.39486e+01,7.99216e+01,8.40549e+01
8.40479e+01,8.39558e+01,7.99276e+01,8.40502e+01
8.40479e+01,8.39636e+01,7.99334e+01,8.40456e+01
8.40479e+01,8.39720e+01,7.99389e+01,8.40410e+01
8.40479e+01,8.39804e+01,7.99444e+01,8.40364e+01
8.40479e+01,8.39885e+01,7.99496e+01,8.40318e+01
8.40479e+01,8.39965e+01,7.99547e+01,8.40274e+01
8.40479e+01,8.40042e+01,7.99597e+01,8.40231e+01
8.40479e+01,8.40121e+01,7.99645e+01,8.40189e+01
8.40479e+01,8.40196e+01,7.99692e+01,8.40148e+01
8.40479e+01,8.40266e+01,7.99738e+01,8.40109e+01
8.40479e+01,8.40330e+01,7.99782e+01,8.40072e+01
8.40479e+01,8.40395e+01,7.99833e+01,8.40036e+01
8.40479e+01,8.40457e+01,7.99914e+01,8.40003e+01
8.40479e+01,8.40512e+01,7.99992e+01,8.39971e+01
8.40479e+01,8.40559e+01,8.00069e+01,8.39942e+01
8.40479e+01,8.40603e+01,8.00142e+01,8.39915e+01
8.40479e+01,8.40640e+01,8.00214e+01,8.39891e+01
8.40479e+01,8.40670e+01,8.00284e+01,8.39869e+01
8.40479e+01,8.40692e+01,8.00352e+01,8.39849e+01
8.40479e+01,8.40704e+01,8.00417e+01,8.39832e+01
8.40479e+01,8.40708e+01,8.00482e+01,8.39818e+01
8.40479e+01,8.40703e+01,8.00544e+01,8.39806e+01
8.40479e+01,8.40689e+01,8.00605e+01,8.39797e+01
8.40479e+01,8.40667e+01,8.00664e+01,8.39791e+01
8.40479e+01,8.40637e+01,8.00722e+01,8.39787e+01
8.40479e+01,8.40601e+01,8.00778e+01,8.39786e+01
8.40479e+01,8.40557e+01,8.00833e+01,8.39788e+01
8.40479e+01,8.40509e+01,8.00887e+01,8.39793e+01
8.40479e+01,8.40458e+01,8.00939e+01,8.39800e+01
8.40479e+01,8.40403e+01,8.00990e+01,8.39810e+01
8.40479e+01,8.40352e+01,8.01041e+01,8.39822e+01
8.40479e+01,8.40300e+01,8.01090e+01,8.39837e+01
8.40479e+01,8.40246e+01,8.01138e+01,8.39854e+01
8.40479e+01,8.40192e+01,8.01185e+01,8.39873e+01
8.40479e+01,8.40139e+01,8.01268e+01,8.39895e+01
8.40479e+01,8.40084e+01,8.01357e+01,8.39919e+01
8.40479e+01,8.40027e+01,8.01444e+01,8.39945e+01
8.40479e+01,8.39972e+01,8.01529e+01,8.39973e+01
8.40479e+01,8.39919e+01,8.01612e+01,8.40003e+01
8.40479e+01,8.39867e+01,8.01692e+01,8.40035e+01
8.40479e+01,8.39820e+01,8.01770e+01,8.40068e+01
8.40479e+01,8.39772e+01,8.01847e+01,8.40103e+01
8.40479e+01,8.39726e+01,8.01921e+01,8.40140e+01
8.40479e+01,8.39680e+01,8.01994e+01,8.40177e+01
8.40479e+01,8.39636e+01,8.02064e+01,8.40216e+01
8.40479e+01,8.39592e+01,8.02133e+01,8.40256e+01
8.40479e+01,8.39550e+01,8.02201e+01,8.40297e+01
8.40479e+01,8.39509e+01,8.02267e+01,8.40338e+01
8.40479e+01,8.39470e+01,8.02332e+01,8.40381e+01
8.40479e+01,8.39433e+01,8.02395e+01,8.40423e+01
8.40479e+01,8.39397e+01,8.02457e+01,8.40466e+01
8.40479e+01,8.39369e+01,8.02517e+01,8.40509e+01
8.40479e+01,8.39343e+01,8.02576e+01,8.40553e+01
8.40479e+01,8.39319e+01,8.02635e+01,8.40596e+01
8.40479e+01,8.39298e+01,8.02692e+01,8.40638e+01
8.40479e+01,8.39288e+01,8.02747e+01,8.40681e+01
8.40479e+01,8.39282e+01,8.02802e+01,8.40722e+01
8.40479e+01,8.39280e+01,8.02856e+01,8.40763e+01
8.40479e+01,8.39282e+01,8.02909e+01,8.40803e+01
8.40479e+01,8.39288e+01,8.02961e+01,8.40842e+01
8.40479e+01,8.39297e+01,8.03012e+01,8.40880e+01
8.40479e+01,8.39308e+01,8.03062e+01,8.40916e+01
8.40479e+01,8.39322e+01,8.03112e+01,8.40951e+01
8.40479e+01,8.39339e+01,8.03160e+01,8.40985e+01
8.40479e+01,8.39357e+01,8.03210e+01,8.41016e+01
8.40479e+01,8.39377e+01,8.03262e+01,8.41046e+01
8.40479e+01,8.39398e+01,8.03313e+01,8.41073e+01
8.40479e+01,8.39419e+01,8.03363e+01,8.41099e+01
8.40479e+01,8.39441e+01,8.03412e+01,8.41122e+01
8.40479e+01,8.39463e+01,8.03460e+01,8.41142e+01
8.40479e+01,8.39483e+01,8.03507e+01,8.41160e+01
8.40479e+01,8.39503e+01,8.03553e+01,8.41176e+01
8.40479e+01,8.39521e+01,8.03599e+01,8.41189e+01
8.40479e+01,8.39545e+01,8.03644e+01,8.41199e+01
8.40479e+01,8.39567e+01,8.03688e+01,8.41206e+01
8.40479e+01,8.39587e+01,8.03732e+01,8.41210e+01
8.40479e+01,8.39603e+01,8.03775e+01,8.41212e+01
8.40479e+01,8.39617e+01,8.03817e+01,8.41210e+01
8.40479e+01,8.39627e+01,8.03860e+01,8.41206e+01
8.40479e+01,8.39634e+01,8.03902e+01,8.41198e+01
8.40479e+01,8.39642e+01,8.03945e+01,8.41188e+01
8.40479e+01,8.39651e+01,8.03986e+01,8.41174e+01
8.40479e+01,8.39662e+01,8.04027e+01,8.41158e+01
8.40479e+01,8.39674e+01,8.04067e+01,8.41138e+01
8.40479e+01,8.39685e+01,8.04107e+01,8.41116e+01
8.40479e+01,8.39698e+01,8.04146e+01,8.41091e+01
8.40479e+01,8.39708e+01,8.04185e+01,8.41063e+01
8.40479e+01,8.39717e+01,8.04223e+01,8.41033e+01
8.40479e+01,8.39723e+01,8.04260e+01,8.41000e+01
8.40479e+01,8.39734e+01,8.04297e+01,8.40964e+01
8.40479e+01,8.39744e+01,8.04334e+01,8.40927e+01
8.40479e+01,8.39754e+01,8.04370e+01,8.40887e+01
8.40479e+01,8.39766e+01,8.04406e+01,8.40845e+01
8.40479e+01,8.39778e+01,8.04443e+01,8.40801e+01
8.40479e+01,8.39789e+01,8.04482e+01,8.40756e+01
8.40479e+01,8.39799e+01,8.04527e+01,8.40709e+01
8.40479e+01,8.39809e+01,8.04578e+01,8.40661e+01
8.40479e+01,8.39817e+01,8.04636e+01,8.40612e+01
8.40479e+01,8.39825e+01,8.04693e+01,8.40562e+01
8.40479e+01,8.39832e+01,8.04749e+01,8.40511e+01
8.40479e+01,8.39838e+01,8.04809e+01,8.40460e+01
8.40479e+01,8.39843e+01,8.04876e+01,8.40408e+01
8.40479e+01,8.39847e+01,8.04942e+01,8.40357e+01
8.40479e+01,8.39850e+01,8.05005e+01,8.40306e+01
8.40479e+01,8.39852e+01,8.05067e+01,8.40255e+01
8.40479e+01,8.39854e+01,8.05128e+01,8.40205e+01
8.40479e+01,8.39855e+01,8.05187e+01,8.40155e+01
8.40479e+01,8.39855e+01,8.05249e+01,8.40107e+01
8.40479e+01,8.39857e+01,8.05319e+01,8.40061e+01
8.40479e+01,8.39861e+01,8.05386e+01,8.40016e+01
8.40479e+01,8.39864e+01,8.05451e+01,8.39972e+01
8.40479e+01,8.39870e+01,8.05516e+01,8.39931e+01
8.40479e+01,8.39877e+01,8.05581e+01,8.39892e+01
8.40479e+01,8.39888e+01,8.05645e+01,8.39855e+01
8.40479e+01,8.39899e+01,8.05706e+01,8.39821e+01
8.40479e+01,8.39908e+01,8.05766e+01,8.39790e+01
8.40479e+01,8.39916e+01,8.05825e+01,8.39761e+01
8.40479e+01,8.39923e+01,8.05882e+01,8.39736e+01
8.40479e+01,8.39928e+01,8.05937e+01,8.39714e+01
8.40479e+01,8.39932e+01,8.05993e+01,8.39695e+01
8.40479e+01,8.39935e+01,8.06047e+01,8.39679e+01
8.40479e+01,8.39941e+01,8.06101e+01,8.39668e+01
8.40479e+01,8.39949e+01,8.06152e+01,8.39659e+01
8.40479e+01,8.39957e+01,8.06203e+01,8.39655e+01
8.40479e+01,8.39965e+01,8.06253e+01,8.39654e+01
8.40479e+01,8.39973e+01,8.06301e+01,8.39657e+01
8.40479e+01,8.39979e+01,8.06349e+01,8.39663e+01
8.40479e+01,8.39984e+01,8.06395e+01,8.39673e+01
8.40479e+01,8.39989e+01,8.06440e+01,8.39687e+01
8.40479e+01,8.39992e+01,8.06485e+01,8.39705e+01
8.40479e+01,8.39995e+01,8.06528e+01,8.39726e+01
8.40479e+01,8.39995e+01,8.06571e+01,8.39751e+01
8.40479e+01,8.39997e+01,8.06613e+01,8.39779e+01
8.40479e+01,8.40001e+01,8.06654e+01,8.39810e+01
8.40479e+01,8.40010e+01,8.06694e+01,8.39845e+01
8.40479e+01,8.40020e+01,8.06733e+01,8.39882e+01
8.40479e+01,8.40028e+01,8.06772e+01,8.39923e+01
8.40479e+01,8.40034e+01,8.06810e+01,8.39966e+01
8.40479e+01,8.40040e+01,8.06848e+01,8.40011e+01
8.40479e+01,8.40044e+01,8.06885e+01,8.40059e+01
8.40479e+01,8.40046e+01,8.06921e+01,8.40108e+01
8.40479e+01,8.40045e+01,8.06956e+01,8.40160e+01
8.40479e+01,8.40041e+01,8.06991e+01,8.40213e+01
8.40479e+01,8.40035e+01,8.07026e+01,8.40267e+01
8.40479e+01,8.40026e+01,8.07060e+01,8.40323e+01
8.40479e+01,8.40014e+01,8.07093e+01,8.40379e+01
8.40479e+01,8.40000e+01,8.07126e+01,8.40436e+01
8.40479e+01,8.39986e+01,8.07159e+01,8.40493e+01
8.40479e+01,8.39971e+01,8.07191e+01,8.40550e+01
8.40479e+01,8.39956e+01,8.07223e+01,8.40607e+01
8.40479e+01,8.39940e+01,8.07254e+01,8.40663e+01
8.40479e+01,8.39925e+01,8.07284e+01,8.40719e+01
8.40479e+01,8.39909e+01,8.07315e+01,8.40773e+01
8.40479e+01,8.39893e+01,8.07345e+01,8.40826e+01
8.40479e+01,8.39877e+01,8.07374e+01,8.40877e+01
8.40479e+01,8.39860e+01,8.07404e+01,8.40927e+01
8.40479e+01,8.39843e+01,8.07432e+01,8.40975e+01
8.40479e+01,8.39825e+01,8.07461e+01,8.41020e+01
8.40479e+01,8.39807e+01,8.07489e+01,8.41063e+01
8.40479e+01,8.39788e+01,8.07517e+01,8.41103e+01
8.40479e+01,8.39769e+01,8.07545e+01,8.41140e+01
8.40479e+01,8.39750e+01,8.07572e+01,8.41174e+01
8.40479e+01,8.39730e+01,8.07599e+01,8.41204e+01
8.40479e+01,8.39711e+01,8.07625e+01,8.41232e+01
8.40479e+01,8.39693e+01,8.07652e+01,8.41255e+01
8.40479e+01,8.39681e+01,8.07678e+01,8.41276e+01
8.40479e+01,8.39671e+01,8.07704e+01,8.41292e+01
8.40479e+01,8.39663e+01,8.07729e+01,8.41305e+01
8.40479e+01,8.39662e+01,8.07755e+01,8.41313e+01
8.40479e+01,8.39663e+01,8.07780e+01,8.41318e+01
8.40479e+01,8.39664e+01,8.07804e+01,8.41319e+01
8.40479e+01,8.39668e+01,8.07829e+01,8.41316e+01
8.40479e+01,8.39673e+01,8.07853e+01,8.41309e+01
8.40479e+01,8.39678e+01,8.07877e+01,8.41299e+01
8.40479e+01,8.39687e+01,8.07901e+01,8.41284e+01
8.40479e+01,8.39698e+01,8.07925e+01,8.41266e+01
8.40479e+01,8.39711e+01,8.07948e+01,8.41244e+01
8.40479e+01,8.39729e+01,8.07972e+01,8.41219e+01
8.40479e+01,8.39754e+01,8.07995e+01,8.41190e+01
8.40479e+01,8.39780e+01,8.08032e+01,8.41158e+01
8.40479e+01,8.39807e+01,8.08067e+01,8.41124e+01
8.40479e+01,8.39834e+01,8.08102e+01,8.41086e+01
8.40479e+01,8.39862e+01,8.08137e+01,8.41045e+01
8.40479e+01,8.39890e+01,8.08170e+01,8.41002e+01
8.40479e+01,8.39917e+01,8.08203e+01,8.40957e+01
8.40479e+01,8.39945e+01,8.08236e+01,8.40910e+01
8.40479e+01,8.39978e+01,8.08268e+01,8.40861e+01
8.40479e+01,8.40010e+01,8.08299e+01,8.40810e+01
8.40479e+01,8.40041e+01,8.08329e+01,8.40758e+01
8.40479e+01,8.40072e+01,8.08359e+01,8.40705e+01
8.40479e+01,8.40104e+01,8.08389e+01,8.40651e+01
8.40479e+01,8.40135e+01,8.08418e+01,8.40597e+01
8.40479e+01,8.40167e+01,8.08447e+01,8.40542e+01
8.40479e+01,8.40200e+01,8.08475e+01,8.40488e+01
8.40479e+01,8.40236e+01,8.08503e+01,8.40433e+01
8.40479e+01,8.40270e+01,8.08531e+01,8.40379e+01
8.40479e+01,8.40303e+01,8.08560e+01,8.40326e+01
8.40479e+01,8.40335e+01,8.08588e+01,8.40274e+01
8.40479e+01,8.40363e+01,8.08615e+01,8.40223e+01
8.40479e+01,8.40388e+01,8.08642e+01,8.40173e+01
8.40479e+01,8.40409e+01,8.08669e+01,8.40126e+01
8.40479e+01,8.40427e+01,8.08695e+01,8.40080e+01
8.40479e+01,8.40446e+01,8.08721e+01,8.40036e+01
8.40479e+01,8.40462e+01,8.08746e+01,8.39994e+01
8.40479e+01,8.40479e+01,8.08772e+01,8.39955e+01
8.40479e+01,8.40492e+01,8.08798e+01,8.39919e+01
8.40479e+01,8.40504e+01,8.08828e+01,8.39885e+01
8.40479e+01,8.40513e+01,8.08858e+01,8.39854e+01
8.40479e+01,8.40519e+01,8.08887e+01,8.39827e+01
8.40479e+01,8.40522e+01,8.08916e+01,8.39802e+01
8.40479e+01,8.40521e+01,8.08951e+01,8.39781e+01
8.40479e+01,8.40517e+01,8.08987e+01,8.39763e+01
8.40479e+01,8.40511e+01,8.09023e+01,8.39748e+01
8.40479e+01,8.40501e+01,8.09057e+01,8.39737e+01
8.40479e+01,8.40490e+01,8.09091e+01,8.39729e+01
8.40479e+01,8.40476e+01,8.09124e+01,8.39725e+01
8.40479e+01,8.40461e+01,8.09161e+01,8.39724e+01
8.40479e+01,8.40446e+01,8.09201e+01,8.39727e+01
8.40479e+01,8.40431e+01,8.09239e+01,8.39732e+01
8.40479e+01,8.40414e+01,8.09276e+01,8.39742e+01
8.40479e+01,8.40397e+01,8.09313e+01,8.39754e+01
8.40479e+01,8.40379e+01,8.09348e+01,8.39770e+01
8.40479e+01,8.40361e+01,8.09383e+01,8.39788e+01
8.40479e+01,8.40345e+01,8.09417e+01,8.39810e+01
8.40479e+01,8.40328e+01,8.09451e+01,8.39835e+01
8.40479e+01,8.40313e+01,8.09483e+01,8.39862e+01
8.40479e+01,8.40297e+01,8.09517e+01,8.39891e+01
8.40479e+01,8.40281e+01,8.09553e+01,8.39923e+01
8.40479e+01,8.40263e+01,8.09589e+01,8.39958e+01
8.40479e+01,8.40246e+01,8.09623e+01,8.39994e+01
8.40479e+01,8.40228e+01,8.09657e+01,8.40032e+01
8.40479e+01,8.40209e+01,8.09690e+01,8.40072e+01
8.40479e+01,8.40191e+01,8.09722e+01,8.40113e+01
8.40479e+01,8.40173e+01,8.09754e+01,8.40155e+01
8.40479e+01,8.40154e+01,8.09785e+01,8.40199e+01
8.40479e+01,8.40136e+01,8.09816e+01,8.40243e+01
8.40479e+01,8.40118e+01,8.09846e+01,8.40288e+01
8.40479e+01,8.40101e+01,8.09875e+01,8.40333e+01
8.40479e+01,8.40085e+01,8.09904e+01,8.40379e+01
8.40479e+01,8.40069e+01,8.09932e+01,8.40424e+01
8.40479e+01,8.40054e+01,8.09960e+01,8.40470e+01
8.40479e+01,8.40040e+01,8.09987e+01,8.40515e+01
8.40479e+01,8.40027e+01,8.10014e+01,8.40559e+01
8.40479e+01,8.40014e+01,8.10041e+01,8.40603e+01
8.40479e+01,8.40002e+01,8.10067e+01,8.40646e+01
8.40479e+01,8.39990e+01,8.10092e+01,8.40687e+01
8.40479e+01,8.39980e+01,8.10117e+01,8.40727e+01
8.40479e+01,8.39970e+01,8.10142e+01,8.40766e+01
8.40479e+01,8.39963e+01,8.10167e+01,8.40803e+01
8.40479e+01,8.39957e+01,8.10191e+01,8.40838e+01
8.40479e+01,8.39952e+01,8.10214e+01,8.40872e+01
8.40479e+01,8.39948e+01,8.10238e+01,8.40903e+01
8.40479e+01,8.39946e+01,8.10261e+01,8.40932e+01
8.40479e+01,8.39945e+01,8.10284e+01,8.40959e+01
8.40479e+01,8.39945e+01,8.10306e+01,8.40984e+01
8.40479e+01,8.39946e+01,8.10328e+01,8.41006e+01
8.40479e+01,8.39949e+01,8.10350e+01,8.41026e+01
8.40479e+01,8.39952e+01,8.10372e+01,8.41043e+01
8.40479e+01,8.39957e+01,8.10395e+01,8.41058e+01
8.40479e+01,8.39962e+01,8.10419e+01,8.41070e+01
8.40479e+01,8.39967e+01,8.10442e+01,8.41079e+01
8.40479e+01,8.39974e+01,8.10466e+01,8.41086e+01
8.40479e+01,8.39985e+01,8.10488e+01,8.41090e+01
8.40479e+01,8.39996e+01,8.10512e+01,8.41091e+01
8.40479e+01,8.40007e+01,8.10541e+01,8.41090e+01
8.40479e+01,8.40017e+01,8.10569e+01,8.41086e+01
8.40479e+01,8.40028e+01,8.10597e+01,8.41080e+01
8.40479e+01,8.40038e+01,8.10624e+01,8.41072e+01
8.40479e+01,8.40048e+01,8.10660e+01,8.41061e+01
8.40479e+01,8.40057e+01,8.10699e+01,8.41047e+01
8.40479e+01,8.40066e+01,8.10737e+01,8.41032e+01
8.40479e+01,8.40073e+01,8.10774e+01,8.41014e+01
8.40479e+01,8.40082e+01,8.10811e+01,8.40995e+01
8.40479e+01,8.40090e+01,8.10846e+01,8.40973e+01
8.40479e+01,8.40097e+01,8.10881e+01,8.40950e+01
8.40479e+01,8.40103e+01,8.10915e+01,8.40925e+01
8.40479e+01,8.40109e+01,8.10948e+01,8.40899e+01
8.40479e+01,8.40115e+01,8.10981e+01,8.40871e+01
8.40479e+01,8.40123e+01,8.11020e+01,8.40842e+01
8.40479e+01,8.40131e+01,8.11059e+01,8.40811e+01
8.40479e+01,8.40139e+01,8.11098e+01,8.40780e+01
8.40479e+01,8.40147e+01,8.11136e+01,8.40748e+01
8.40479e+01,8.40154e+01,8.11173e+01,8.40715e+01
8.40479e+01,8.40159e+01,8.11209e+01,8.40682e+01
8.40479e+01,8.40162e+01,8.11245e+01,8.40648e+01
8.40479e+01,8.40163e+01,8.11279e+01,8.40613e+01
8.40479e+01,8.40162e+01,8.11313e+01,8.40579e+01
8.40479e+01,8.40162e+01,8.11346e+01,8.40545e+01
8.40479e+01,8.40161e+01,8.11378e+01,8.40511e+01
8.40479e+01,8.40158e+01,8.11417e+01,8.40477e+01
8.40479e+01,8.40155e+01,8.11457e+01,8.40443e+01
8.40479e+01,8.40152e+01,8.11495e+01,8.40410e+01
8.40479e+01,8.40148e+01,8.11533e+01,8.40378e+01
8.40479e+01,8.40142e+01,8.11570e+01,8.40346e+01
8.40479e+01,8.40135e+01,8.11606e+01,8.40315e+01
8.40479e+01,8.40127e+01,8.11641e+01,8.40285e+01
8.40479e+01,8.40118e+01,8.11675e+01,8.40256e+01
8.40479e+01,8.40109e+01,8.11708e+01,8.40229e+01
8.40479e+01,8.40098e+01,8.11741e+01,8.40202e+01
8.40479e+01,8.40088e+01,8.11774e+01,8.40177e+01
8.40479e+01,8.40077e+01,8.11807e+01,8.40154e+01
8.40479e+01,8.40067e+01,8.11839e+01,8.40132e+01
8.40479e+01,8.40058e+01,8.11871e+01,8.40111e+01
8.40479e+01,8.40053e+01,8.11902e+01,8.40092e+01
8.40479e+01,8.40050e+01,8.11932e+01,8.40075e+01
8.40479e+01,8.40047e+01,8.11961e+01,8.40059e+01
8.40479e+01,8.40045e+01,8.11990e+01,8.40046e+01
8.40479e+01,8.40043e+01,8.12029e+01,8.40033e+01
8.40479e+01,8.40042e+01,8.12066e+01,8.40023e+01
8.40479e+01,8.40041e+01,8.12103e+01,8.40015e+01
8.40479e+01,8.40042e+01,8.12140e+01,8.40008e+01
8.40479e+01,8.40043e+01,8.12177e+01,8.40003e+01
8.40479e+01,8.40048e+01,8.12214e+01,8.40000e+01
8.40479e+01,8.40053e+01,8.12264e+01,8.39999e+01
8.40479e+01,8.40059e+01,8.12313e+01,8.40000e+01
8.40479e+01,8.40065e+01,8.12360e+01,8.40002e+01
8.40479e+01,8.40073e+01,8.12406e+01,8.40006e+01
8.40479e+01,8.40081e+01,8.12450e+01,8.40012e+01
8.40479e+01,8.40090e+01,8.12493e+01,8.40019e+01
8.40479e+01,8.40100e+01,8.12534e+01,8.40028e+01
8.40479e+01,8.40109e+01,8.12575e+01,8.40039e+01
8.40479e+01,8.40119e+01,8.12614e+01,8.40051e+01
8.40479e+01,8.40130e+01,8.12652e+01,8.40065e+01
8.40479e+01,8.40142e+01,8.12689e+01,8.40080e+01
8.40479e+01,8.40157e+01,8.12725e+01,8.40097e+01
8.40479e+01,8.40172e+01,8.12760e+01,8.40114e+01
8.40479e+01,8.40186e+01,8.12794e+01,8.40133e+01
8.40479e+01,8.40200e+01,8.12827e+01,8.40153e+01
8.40479e+01,8.40213e+01,8.12859e+01,8.40175e+01
8.40479e+01,8.40225e+01,8.12891e+01,8.40197e+01
8.40479e+01,8.40237e+01,8.12924e+01,8.40220e+01
8.40479e+01,8.40246e+01,8.12963e+01,8.40244e+01
8.40479e+01,8.40255e+01,8.13001e+01,8.40268e+01
8.40479e+01,8.40262e+01,8.13037e+01,8.40293e+01
8.40479e+01,8.40268e+01,8.13073e+01,8.40319e+01
8.40479e+01,8.40273e+01,8.13107e+01,8.40345e+01
8.40479e+01,8.40276e+01,8.13141e+01,8.40372e+01
8.40479e+01,8.40278e+01,8.13173e+01,8.40398e+01
8.40479e+01,8.40279e+01,8.13205e+01,8.40425e+01
8.40479e+01,8.40278e+01,8.13236e+01,8.40452e+01
8.40479e+01,8.40275e+01,8.13266e+01,8.40479e+01
8.40479e+01,8.40270e+01,8.13295e+01,8.40506e+01
8.40479e+01,8.40263e+01,8.13324e+01,8.40533e+01
8.40479e+01,8.40255e+01,8.13352e+01,8.40559e+01
8.40479e+01,8.40244e+01,8.13379e+01,8.40585e+01
8.40479e+01,8.40232e+01,8.13406e+01,8.40610e+01
8.40479e+01,8.40219e+01,8.13432e+01,8.40635e+01
8.40479e+01,8.40205e+01,8.13457e+01,8.40659e+01
8.40479e+01,8.40191e+01,8.13482e+01,8.40683e+01
8.40479e+01,8.40175e+01,8.13507e+01,8.40705e+01
8.40479e+01,8.40158e+01,8.13531e+01,8.40727e+01
8.40479e+01,8.40144e+01,8.13555e+01,8.40748e+01
8.40479e+01,8.40130e+01,8.13578e+01,8.40768e+01
8.40479e+01,8.40114e+01,8.13607e+01,8.40786e+01
8.40479e+01,8.40101e+01,8.13636e+01,8.40804e+01
8.40479e+01,8.40088e+01,8.13665e+01,8.40820e+01
8.40479e+01,8.40078e+01,8.13693e+01,8.40835e+01
8.40479e+01,8.40069e+01,8.13720e+01,8.40848e+01
8.40479e+01,8.40062e+01,8.13746e+01,8.40860e+01
8.40479e+01,8.40057e+01,8.13772e+01,8.40871e+01
8.40479e+01,8.40055e+01,8.13803e+01,8.40880e+01
8.40479e+01,8.40056e+01,8.13834e+01,8.40888e+01
8.40479e+01,8.40058e+01,8.13864e+01,8.40894e+01
8.40479e+01,8.40063e+01,8.13894e+01,8.40899e+01
8.40479e+01,8.40068e+01,8.13923e+01,8.40902e+01
8.40479e+01,8.40076e+01,8.13951e+01,8.40903e+01
8.40479e+01,8.40087e+01,8.13978e+01,8.40903e+01
8.40479e+01,8.40100e+01,8.14006e+01,8.40902e+01
8.40479e+01,8.40116e+01,8.14034e+01,8.40898e+01
8.40479e+01,8.40134e+01,8.14061e+01,8.40893e+01
8.40479e+01,8.40154e+01,8.14087e+01,8.40887e+01
8.40479e+01,8.40174e+01,8.14113e+01,8.40879e+01
8.40479e+01,8.40193e+01,8.14138e+01,8.40870e+01
8.40479e+01,8.40213e+01,8.14163e+01,8.40859e+01
8.40479e+01,8.40235e+01,8.14187e+01,8.40846e+01
8.40479e+01,8.40258e+01,8.14211e+01,8.40833e+01
8.40479e+01,8.40279e+01,8.14237e+01,8.40817e+01
8.40479e+01,8.40299e+01,8.14264e+01,8.40801e+01
8.40479e+01,8.40318e+01,8.14290e+01,8.40784e+01
8.40479e+01,8.40335e+01,8.14316e+01,8.40765e+01
8.40479e+01,8.40352e+01,8.14341e+01,8.40745e+01
8.40479e+01,8.40367e+01,8.14366e+01,8.40724e+01
8.40479e+01,8.40380e+01,8.14390e+01,8.40702e+01
8.40479e+01,8.40391e+01,8.14414e+01,8.40680e+01
8.40479e+01,8.40403e+01,8.14437e+01,8.40656e+01
8.40479e+01,8.40415e+01,8.14460e+01,8.40632e+01
8.40479e+01,8.40424e+01,8.14482e+01,8.40607e+01
8.40479e+01,8.40431e+01,8.14504e+01,8.40582e+01
8.40479e+01,8.40437e+01,8.14526e+01,8.40557e+01
8.40479e+01,8.40444e+01,8.14547e+01,8.40531e+01
8.40479e+01,8.40453e+01,8.14568e+01,8.40505e+01
8.40479e+01,8.40461e+01,8.14588e+01,8.40478e+01
8.40479e+01,8.40466e+01,8.14608e+01,8.40452e+01
8.40479e+01,8.40471e+01,8.14628e+01,8.40426e+01
8.40479e+01,8.40473e+01,8.14647e+01,8.40400e+01
8.40479e+01,8.40476e+01,8.14666e+01,8.40375e+01
8.40479e+01,8.40479e+01,8.14685e+01,8.40349e+01
8.40479e+01,8.40480e+01,8.14704e+01,8.40325e+01
8.40479e+01,8.40480e+01,8.14722e+01,8.40301e+01
8.40479e+01,8.40481e+01,8.14740e+01,8.40277e+01
8.40479e+01,8.40483e+01,8.14757e+01,8.40255e+01
8.40479e+01,8.40484e+01,8.14774e+01,8.40233e+01
8.40479e+01,8.40484e+01,8.14791e+01,8.40212e+01
8.40479e+01,8.40484e+01,8.14808e+01,8.40193e+01
8.40479e+01,8.40484e+01,8.14825e+01,8.40174e+01
8.40479e+01,8.40484e+01,8.14841e+01,8.40157e+01
8.40479e+01,8.40484e+01,8.14857e+01,8.40141e+01
8.40479e+01,8.40485e+01,8.14873e+01,8.40126e+01
8.40479e+01,8.40485e+01,8.14888e+01,8.40113e+01
8.40479e+01,8.40486e+01,8.14904e+01,8.40101e+01
8.40479e+01,8.40486e+01,8.14919e+01,8.40091e+01
8.40479e+01,8.40486e+01,8.14934e+01,8.40082e+01
8.40479e+01,8.40486e+01,8.14948e+01,8.40075e+01
8.40479e+01,8.40487e+01,8.14963e+01,8.40069e+01
8.40479e+01,8.40489e+01,8.14977e+01,8.40066e+01
8.40479e+01,8.40489e+01,8.14991e+01,8.40063e+01
8.40479e+01,8.40490e+01,8.15005e+01,8.40063e+01
8.40479e+01,8.40490e+01,8.15019e+01,8.40064e+01
8.40479e+01,8.40490e+01,8.15033e+01,8.40067e+01
8.40479e+01,8.40489e+01,8.15046e+01,8.40071e+01
8.40479e+01,8.40488e+01,8.15059e+01,8.40078e+01
8.40479e+01,8.40488e+01,8.15073e+01,8.40085e+01
8.40479e+01,8.40487e+01,8.15086e+01,8.40095e+01
8.40479e+01,8.40485e+01,8.15098e+01,8.40106e+01
8.40479e+01,8.40482e+01,8.15111e+01,8.40118e+01
8.40479e+01,8.40477e+01,8.15123e+01,8.40132e+01
8.40479e+01,8.40470e+01,8.15136e+01,8.40148e+01
8.40479e+01,8.40462e+01,8.15148e+01,8.40164e+01
8.40479e+01,8.40452e+01,8.15160e+01,8.40182e+01
8.40479e+01,8.40441e+01,8.15172e+01,8.40202e+01
8.40479e+01,8.40429e+01,8.15184e+01,8.40222e+01
8.40479e+01,8.40414e+01,8.15199e+01,8.40243e+01
8.40479e+01,8.40399e+01,8.15220e+01,8.40266e+01
8.40479e+01,8.40382e+01,8.15240e+01,8.40289e+01
8.40479e+01,8.40364e+01,8.15260e+01,8.40313e+01
8.40479e+01,8.40346e+01,8.15280e+01,8.40338e+01
8.40479e+01,8.40326e+01,8.15299e+01,8.40363e+01
8.40479e+01,8.40307e+01,8.15318e+01,8.40389e+01
8.40479e+01,8.40288e+01,8.15336e+01,8.40415e+01
8.40479e+01,8.40270e+01,8.15354e+01,8.40441e+01
8.40479e+01,8.40252e+01,8.15372e+01,8.40468e+01
8.40479e+01,8.40234e+01,8.15391e+01,8.40494e+01
8.40479e+01,8.40218e+01,8.15445e+01,8.40520e+01
8.40479e+01,8.40203e+01,8.15497e+01,8.40547e+01
8.40479e+01,8.40189e+01,8.15548e+01,8.40572e+01
8.40479e+01,8.40176e+01,8.15597e+01,8.40598e+01
8.40479e+01,8.40165e+01,8.15646e+01,8.40623e+01
8.40479e+01,8.40155e+01,8.15693e+01,8.40647e+01
8.40479e+01,8.40148e+01,8.15739e+01,8.40671e+01
8.40479e+01,8.40144e+01,8.15783e+01,8.40693e+01
8.40479e+01,8.40143e+01,8.15827e+01,8.40715e+01
8.40479e+01,8.40145e+01,8.15869e+01,8.40736e+01
8.40479e+01,8.40149e+01,8.15911e+01,8.40756e+01
8.40479e+01,8.40155e+01,8.15951e+01,8.40774e+01
8.40479e+01,8.40163e+01,8.15991e+01,8.40791e+01
8.40479e+01,8.40173e+01,8.16031e+01,8.40807e+01
8.40479e+01,8.40185e+01,8.16069e+01,8.40821e+01
8.40479e+01,8.40198e+01,8.16107e+01,8.40834e+01
8.40479e+01,8.40213e+01,8.16144e+01,8.40846e+01
8.40479e+01,8.40229e+01,8.16180e+01,8.40856e+01
8.40479e+01,8.40246e+01,8.16216e+01,8.40864e+01
8.40479e+01,8.40263e+01,8.16251e+01,8.40871e+01
8.40479e+01,8.40282e+01,8.16285e+01,8.40875e+01
8.40479e+01,8.40302e+01,8.16318e+01,8.40879e+01
8.40479e+01,8.40322e+01,8.16351e+01,8.40880e+01
8.40479e+01,8.40342e+01,8.16383e+01,8.40880e+01
8.40479e+01,8.40362e+01,8.16415e+01,8.40878e+01
8.40479e+01,8.40383e+01,8.16446e+01,8.40875e+01
8.40479e+01,8.40403e+01,8.16476e+01,8.40869e+01
8.40479e+01,8.40424e+01,8.16506e+01,8.40863e+01
8.40479e+01,8.40444e+01,8.16536e+01,8.40854e+01
8.40479e+01,8.40464e+01,8.16565e+01,8.40844e+01
8.40479e+01,8.40482e+01,8.16593e+01,8.40832e+01
8.40479e+01,8.40501e+01,8.16621e+01,8.40819e+01
8.40479e+01,8.40518e+01,8.16652e+01,8.40805e+01
8.40479e+01,8.40534e+01,8.16684e+01,8.40789e+01
8.40479e+01,8.40547e+01,8.16715e+01,8.40772e+01
8.40479e+01,8.40559e+01,8.16746e+01,8.40754e+01
8.40479e+01,8.40570e+01,8.16779e+01,8.40734e+01
8.40479e+01,8.40578e+01,8.16817e+01,8.40714e+01
8.40479e+01,8.40583e+01,8.16854e+01,8.40693e+01
8.40479e+01,8.40586e+01,8.16891e+01,8.40670e+01
8.40479e+01,8.40588e+01,8.16927e+01,8.40647e+01
8.40479e+01,8.40588e+01,8.16962e+01,8.40624e+01
8.40479e+01,8.40586e+01,8.16996e+01,8.40600e+01
8.40479e+01,8.40581e+01,8.17029e+01,8.40575e+01
8.40479e+01,8.40574e+01,8.17063e+01,8.40550e+01
8.40479e+01,8.40565e+01,8.17095e+01,8.40525e+01
8.40479e+01,8.40555e+01,8.17127e+01,8.40500e+01
8.40479e+01,8.40545e+01,8.17159e+01,8.40475e+01
8.40479e+01,8.40534e+01,8.17190e+01,8.40450e+01
8.40479e+01,8.40522e+01,8.17220e+01,8.40425e+01
8.40479e+01,8.40509e+01,8.17250e+01,8.40400e+01
8.40479e+01,8.40494e+01,8.17279e+01,8.40376e+01
8.40479e+01,8.40479e+01,8.17307e+01,8.40353e+01
8.40479e+01,8.40463e+01,8.17336e+01,8.40330e+01
8.40479e+01,8.40449e+01,8.17363e+01,8.40308e+01
8.40479e+01,8.40434e+01,8.17390e+01,8.40287e+01
8.40479e+01,8.40419e+01,8.17417e+01,8.40266e+01
8.40479e+01,8.40404e+01,8.17443e+01,8.40247e+01
8.40479e+01,8.40388e+01,8.17469e+01,8.40229e+01
8.40479e+01,8.40373e+01,8.17494e+01,8.40211e+01
8.40479e+01,8.40358e+01,8.17519e+01,8.40196e+01
8.40479e+01,8.40343e+01,8.17544e+01,8.40181e+01
8.40479e+01,8.40328e+01,8.17568e+01,8.40168e+01
8.40479e+01,8.40314e+01,8.17604e+01,8.40156e+01
8.40479e+01,8.40300e+01,8.17681e+01,8.40145e+01
8.40479e+01,8.40287e+01,8.17757e+01,8.40137e+01
8.40479e+01,8.40275e+01,8.17832e+01,8.40129e+01
8.40479e+01,8.40264e+01,8.17907e+01,8.40123e+01
8.40479e+01,8.40254e+01,8.17980e+01,8.40119e+01
8.40479e+01,8.40246e+01,8.18053e+01,8.40116e+01
8.40479e+01,8.40238e+01,8.18124e+01,8.40115e+01
8.40479e+01,8.40232e+01,8.18195e+01,8.40115e+01
8.40479e+01,8.40228e+01,8.18265e+01,8.40117e+01
8.40479e+01,8.40224e+01,8.18334e+01,8.40121e+01
8.40479e+01,8.40223e+01,8.18403e+01,8.40126e+01
8.40479e+01,8.40223e+01,8.18470e+01,8.40132e+01
8.40479e+01,8.40225e+01,8.18544e+01,8.40140e+01
8.40479e+01,8.40228e+01,8.18616e+01,8.40150e+01
8.40479e+01,8.40232e+01,8.18688e+01,8.40160e+01
8.40479e+01,8.40238e+01,8.18758e+01,8.40172e+01
8.40479e+01,8.40245e+01,8.18828e+01,8.40186e+01
8.40479e+01,8.40253e+01,8.18896e+01,8.40200e+01
8.40479e+01,8.40262e+01,8.18963e+01,8.40215e+01
8.40479e+01,8.40272e+01,8.19029e+01,8.40232e+01
8.40479e+01,8.40283e+01,8.19094e+01,8.40249e+01
8.40479e+01,8.40294e+01,8.19159e+01,8.40268e+01
8.40479e+01,8.40305e+01,8.19222e+01,8.40287e+01
8.40479e+01,8.40317e+01,8.19285e+01,8.40307e+01
8.40479e+01,8.40329e+01,8.19347e+01,8.40327e+01
8.40479e+01,8.40340e+01,8.19408e+01,8.40348e+01
8.40479e+01,8.40352e+01,8.19469e+01,8.40369e+01
8.40479e+01,8.40362e+01,8.19528e+01,8.40391e+01
8.40479e+01,8.40372e+01,8.19588e+01,8.40413e+01
8.40479e+01,8.40381e+01,8.19647e+01,8.40435e+01
8.40479e+01,8.40390e+01,8.19704e+01,8.40457e+01
8.40479e+01,8.40397e+01,8.19761e+01,8.40479e+01
8.40479e+01,8.40402e+01,8.19817e+01,8.40501e+01
8.40479e+01,8.40407e+01,8.19873e+01,8.40522e+01
8.40479e+01,8.40410e+01,8.19927e+01,8.40543e+01
8.40479e+01,8.40412e+01,8.19981e+01,8.40564e+01
8.40479e+01,8.40412e+01,8.20034e+01,8.40584e+01
8.40479e+01,8.40411e+01,8.20087e+01,8.40604e+01
8.40479e+01,8.40409e+01,8.20142e+01,8.40623e+01
8.40479e+01,8.40406e+01,8.20199e+01,8.40641e+01
8.40479e+01,8.40402e+01,8.20256e+01,8.40659e+01
8.40479e+01,8.40398e+01,8.20312e+01,8.40675e+01
8.40479e+01,8.40394e+01,8.20366e+01,8.40690e+01
8.40479e+01,8.40389e+01,8.20420e+01,8.40705e+01
8.40479e+01,8.40383e+01,8.20473e+01,8.40718e+01
8.40479e+01,8.40380e+01,8.20526e+01,8.40730e+01
8.40479e+01,8.40375e+01,8.20577e+01,8.40742e+01
8.40479e+01,8.40370e+01,8.20628e+01,8.40751e+01
8.40479e+01,8.40365e+01,8.20677e+01,8.40760e+01
8.40479e+01,8.40359e+01,8.20726e+01,8.40767e+01
8.40479e+01,8.40354e+01,8.20774e+01,8.40773e+01
8.40479e+01,8.40349e+01,8.20823e+01,8.40778e+01
8.40479e+01,8.40344e+01,8.20870e+01,8.40782e+01
8.40479e+01,8.40340e+01,8.20917e+01,8.40784e+01
8.40479e+01,8.40337e+01,8.20963e+01,8.40785e+01
8.40479e+01,8.40336e+01,8.21009e+01,8.40784e+01
8.40479e+01,8.40335e+01,8.21053e+01,8.40782e+01
8.40479e+01,8.40334e+01,8.21099e+01,8.40779e+01
8.40479e+01,8.40335e+01,8.21145e+01,8.40775e+01
8.40479e+01,8.40336e+01,8.21190e+01,8.40769e+01
8.40479e+01,8.40339e+01,8.21234e+01,8.40763e+01
8.40479e+01,8.40343e+01,8.21278e+01,8.40755e+01
8.40479e+01,8.40347e+01,8.21321e+01,8.40746e+01
8.40479e+01,8.40353e+01,8.21363e+01,8.40736e+01
8.40479e+01,8.40359e+01,8.21405e+01,8.40725e+01
8.40479e+01,8.40365e+01,8.21446e+01,8.40713e+01
8.40479e+01,8.40371e+01,8.21487e+01,8.40701e+01
8.40479e+01,8.40378e+01,8.21527e+01,8.40687e+01
8.40479e+01,8.40385e+01,8.21566e+01,8.40673e+01
8.40479e+01,8.40393e+01,8.21605e+01,8.40658e+01
8.40479e+01,8.40401e+01,8.21643e+01,8.40642e+01
8.40479e+01,8.40411e+01,8.21681e+01,8.40626e+01
8.40479e+01,8.40420e+01,8.21719e+01,8.40610e+01
8.40479e+01,8.40429e+01,8.21755e+01,8.40593e+01
8.40479e+01,8.40438e+01,8.21792e+01,8.40575e+01
8.40479e+01,8.40445e+01,8.21827e+01,8.40558e+01
8.40479e+01,8.40451e+01,8.21863e+01,8.40540e+01
8.40479e+01,8.40457e+01,8.21898e+01,8.40523e+01
8.40479e+01,8.40461e+01,8.21932e+01,8.40505e+01
8.40479e+01,8.40463e+01,8.21966e+01,8.40487e+01
8.40479e+01,8.40465e+01,8.22000e+01,8.40470e+01
8.40479e+01,8.40466e+01,8.22033e+01,8.40453e+01
8.40479e+01,8.40466e+01,8.22066e+01,8.40436e+01
8.40479e+01,8.40464e+01,8.22099e+01,8.40419e+01
8.40479e+01,8.40461e+01,8.22131e+01,8.40403e+01
8.40479e+01,8.40457e+01,8.22162e+01,8.40387e+01
8.40479e+01,8.40451e+01,8.22194e+01,8.40372e+01
8.40479e+01,8.40444e+01,8.22225e+01,8.40358e+01
8.40479e+01,8.40435e+01,8.22255e+01,8.40344e+01
8.40479e+01,8.40426e+01,8.22286e+01,8.40331e+01
8.40479e+01,8.40416e+01,8.22316e+01,8.40319e+01
8.40479e+01,8.40405e+01,8.22345e+01,8.40307e+01
8.40479e+01,8.40395e+01,8.22375e+01,8.40296e+01
8.40479e+01,8.40385e+01,8.22404e+01,8.40287e+01
8.40479e+01,8.40374e+01,8.22433e+01,8.40278e+01
8.40479e+01,8.40365e+01,8.22461e+01,8.40270e+01
8.40479e+01,8.40359e+01,8.22489e+01,8.40263e+01
8.40479e+01,8.40353e+01,8.22517e+01,8.40257e+01
8.40479e+01,8.40348e+01,8.22544e+01,8.40252e+01
8.40479e+01,8.40343e+01,8.22572e+01,8.40248e+01
8.40479e+01,8.40338e+01,8.22599e+01,8.40245e+01
8.40479e+01,8.40334e+01,8.22625e+01,8.40243e+01
8.40479e+01,8.40331e+01,8.22652e+01,8.40242e+01
8.40479e+01,8.40328e+01,8.22678e+01,8.40241e+01
8.40479e+01,8.40325e+01,8.22709e+01,8.40242e+01
8.40479e+01,8.40323e+01,8.22739e+01,8.40244e+01
8.40479e+01,8.40323e+01,8.22770e+01,8.40247e+01
8.40479e+01,8.40324e+01,8.22800e+01,8.40251e+01
8.40479e+01,8.40325e+01,8.22830e+01,8.40255e+01
8.40479e+01,8.40326e+01,8.22860e+01,8.40261e+01
8.40479e+01,8.40327e+01,8.22889e+01,8.40267e+01
8.40479e+01,8.40328e+01,8.22919e+01,8.40274e+01
8.40479e+01,8.40330e+01,8.22948e+01,8.40282e+01
8.40479e+01,8.40330e+01,8.22977e+01,8.40290e+01
8.40479e+01,8.40331e+01,8.23005e+01,8.40299e+01
8.40479e+01,8.40330e+01,8.23033e+01,8.40309e+01
8.40479e+01,8.40330e+01,8.23061e+01,8.40319e+01
8.40479e+01,8.40328e+01,8.23088e+01,8.40330e+01
8.40479e+01,8.40327e+01,8.23115e+01,8.40341e+01
8.40479e+01,8.40324e+01,8.23142e+01,8.40353e+01
8.40479e+01,8.40322e+01,8.23168e+01,8.40365e+01
8.40479e+01,8.40318e+01,8.23194e+01,8.40377e+01
8.40479e+01,8.40315e+01,8.23219e+01,8.40390e+01
8.40479e+01,8.40311e+01,8.23245e+01,8.40402e+01
8.40479e+01,8.40307e+01,8.23270e+01,8.40415e+01
8.40479e+01,8.40304e+01,8.23294e+01,8.40428e+01
8.40479e+01,8.40301e+01,8.23319e+01,8.40441e+01
8.40479e+01,8.40298e+01,8.23343e+01,8.40454e+01
8.40479e+01,8.40296e+01,8.23366e+01,8.40467e+01
8.40479e+01,8.40294e+01,8.23390e+01,8.40479e+01
8.40479e+01,8.40293e+01,8.23413e+01,8.40492e+01
8.40479e+01,8.40292e+01,8.23440e+01,8.40504e+01
8.40479e+01,8.40292e+01,8.23472e+01,8.40516e+01
8.40479e+01,8.40292e+01,8.23514e+01,8.40527e+01
8.40479e+01,8.40295e+01,8.23555e+01,8.40538e+01
8.40479e+01,8.40298e+01,8.23595e+01,8.40549e+01
8.40479e+01,8.40301e+01,8.23635e+01,8.40560e+01
8.40479e+01,8.40306e+01,8.23682e+01,8.40570e+01
8.40479e+01,8.40313e+01,8.23730e+01,8.40579e+01
8.40479e+01,8.40321e+01,8.23777e+01,8.40588e+01
8.40479e+01,8.40329e+01,8.23823e+01,8.40596e+01
8.40479e+01,8.40338e+01,8.23867e+01,8.40604e+01
8.40479e+01,8.40347e+01,8.23911e+01,8.40611e+01
8.40479e+01,8.40357e+01,8.23953e+01,8.40618e+01
8.40479e+01,8.40367e+01,8.23995e+01,8.40623e+01
8.40479e+01,8.40376e+01,8.24035e+01,8.40629e+01
8.40479e+01,8.40386e+01,8.24075e+01,8.40633e+01
8.40479e+01,8.40396e+01,8.24122e+01,8.40637e+01
8.40479e+01,8.40406e+01,8.24193e+01,8.40641e+01
8.40479e+01,8.40417e+01,8.24262e+01,8.40643e+01
8.40479e+01,8.40428e+01,8.24329e+01,8.40645e+01
8.40479e+01,8.40439e+01,8.24394e+01,8.40646e+01
8.40479e+01,8.40450e+01,8.24457e+01,8.40647e+01
8.40479e+01,8.40461e+01,8.24517e+01,8.40647e+01
8.40479e+01,8.40472e+01,8.24576e+01,8.40647e+01
8.40479e+01,8.40483e+01,8.24633e+01,8.40645e+01
8.40479e+01,8.40493e+01,8.24688e+01,8.40644e+01
8.40479e+01,8.40503e+01,8.24741e+01,8.40641e+01
8.40479e+01,8.40512e+01,8.24793e+01,8.40638e+01
8.40479e+01,8.40521e+01,8.24844e+01,8.40635e+01
8.40479e+01,8.40529e+01,8.24893e+01,8.40631e+01
8.40479e+01,8.40536e+01,8.24945e+01,8.40626e+01
8.40479e+01,8.40543e+01,8.24996e+01,8.40622e+01
8.40479e+01,8.40551e+01,8.25046e+01,8.40616e+01
8.40479e+01,8.40557e+01,8.25095e+01,8.40611e+01
8.40479e+01,8.40562e+01,8.25144e+01,8.40604e+01
8.40479e+01,8.40567e+01,8.25192e+01,8.40598e+01
8.40479e+01,8.40570e+01,8.25239e+01,8.40591e+01
8.40479e+01,8.40571e+01,8.25285e+01,8.40584e+01
8.40479e+01,8.40572e+01,8.25330e+01,8.40577e+01
8.40479e+01,8.40572e+01,8.25385e+01,8.40569e+01
8.40479e+01,8.40571e+01,8.25440e+01,8.40562e+01
8.40479e+01,8.40569e+01,8.25493e+01,8.40554e+01
8.40479e+01,8.40565e+01,8.25545e+01,8.40546e+01
8.40479e+01,8.40561e+01,8.25595e+01,8.40538e+01
8.40479e+01,8.40556e+01,8.25644e+01,8.40530e+01
8.40479e+01,8.40550e+01,8.25691e+01,8.40521e+01
8.40479e+01,8.40544e+01,8.25737e+01,8.40513e+01
8.40479e+01,8.40537e+01,8.25782e+01,8.40505e+01
8.40479e+01,8.40531e+01,8.25826e+01,8.40497e+01
8.40479e+01,8.40524e+01,8.25869e+01,8.40489e+01
8.40479e+01,8.40517e+01,8.25911e+01,8.40481e+01
8.40479e+01,8.40509e+01,8.25953e+01,8.40473e+01
8.40479e+01,8.40501e+01,8.25993e+01,8.40465e+01
8.40479e+01,8.40493e+01,8.26032e+01,8.40457e+01
8.40479e+01,8.40484e+01,8.26071e+01,8.40450e+01
8.40479e+01,8.40476e+01,8.26108e+01,8.40443e+01
8.40479e+01,8.40467e+01,8.26145e+01,8.40436e+01
8.40479e+01,8.40458e+01,8.26181e+01,8.40429e+01
8.40479e+01,8.40449e+01,8.26217e+01,8.40423e+01
8.40479e+01,8.40440e+01,8.26252e+01,8.40416e+01
8.40479e+01,8.40431e+01,8.26286e+01,8.40410e+01
8.40479e+01,8.40423e+01,8.26320e+01,8.40405e+01
8.40479e+01,8.40415e+01,8.26353e+01,8.40399e+01
8.40479e+01,8.40407e+01,8.26385e+01,8.40394e+01
8.40479e+01,8.40400e+01,8.26417e+01,8.40390e+01
8.40479e+01,8.40393e+01,8.26448e+01,8.40385e+01
8.40479e+01,8.40388e+01,8.26478e+01,8.40381e+01
8.40479e+01,8.40382e+01,8.26508e+01,8.40377e+01
8.40479e+01,8.40378e+01,8.26538e+01,8.40374e+01
8.40479e+01,8.40374e+01,8.26567e+01,8.40371e+01
8.40479e+01,8.40370e+01,8.26595e+01,8.40368e+01
8.40479e+01,8.40366e+01,8.26623e+01,8.40366e+01
8.40479e+01,8.40363e+01,8.26651e+01,8.40364e+01
8.40479e+01,8.40360e+01,8.26678e+01,8.40363e+01
8.40479e+01,8.40357e+01,8.26705e+01,8.40361e+01
8.40479e+01,8.40355e+01,8.26731e+01,8.40360e+01
8.40479e+01,8.40352e+01,8.26758e+01,8.40360e+01
8.40479e+01,8.40350e+01,8.26785e+01,8.40360e+01
8.40479e+01,8.40348e+01,8.26811e+01,8.40360e+01
8.40479e+01,8.40345e+01,8.26837e+01,8.40360e+01
8.40479e+01,8.40343e+01,8.26862e+01,8.40361e+01
8.40479e+01,8.40341e+01,8.26887e+01,8.40362e+01
8.40479e+01,8.40339e+01,8.26912e+01,8.40364e+01
8.40479e+01,8.40336e+01,8.26937e+01,8.40366e+01
8.40479e+01,8.40334e+01,8.26961e+01,8.40368e+01
8.40479e+01,8.40332e+01,8.26985e+01,8.40370e+01
8.40479e+01,8.40330e+01,8.27008e+01,8.40373e+01
8.40479e+01,8.40327e+01,8.27031e+01,8.40376e+01
8.40479e+01,8.40325e+01,8.27054e+01,8.40379e+01
8.40479e+01,8.40323e+01,8.27077e+01,8.40383e+01
8.40479e+01,8.40322e+01,8.27100e+01,8.40387e+01
8.40479e+01,8.40320e+01,8.27122e+01,8.40391e+01
8.40479e+01,8.40318e+01,8.27144e+01,8.40395e+01
8.40479e+01,8.40317e+01,8.27165e+01,8.40400e+01
8.40479e+01,8.40316e+01,8.27187e+01,8.40405e+01
8.40479e+01,8.40317e+01,8.27208e+01,8.40410e+01
8.40479e+01,8.40317e+01,8.27229e+01,8.40415e+01
8.40479e+01,8.40318e+01,8.27250e+01,8.40420e+01
8.40479e+01,8.40319e+01,8.27271e+01,8.40426e+01
8.40479e+01,8.40320e+01,8.27291e+01,8.40431e+01
8.40479e+01,8.40322e+01,8.27311e+01,8.40437e+01
8.40479e+01,8.40324e+01,8.27331e+01,8.40443e+01
8.40479e+01,8.40328e+01,8.27351e+01,8.40449e+01
8.40479e+01,8.40331e+01,8.27372e+01,8.40455e+01
8.40479e+01,8.40336e+01,8.27392e+01,8.40461e+01
8.40479e+01,8.40341e+01,8.27413e+01,8.40467e+01
8.40479e+01,8.40346e+01,8.27433e+01,8.40474e+01
8.40479e+01,8.40352e+01,8.27453e+01,8.40480e+01
8.40479e+01,8.40359e+01,8.27473e+01,8.40486e+01
8.40479e+01,8.40367e+01,8.27492e+01,8.40493e+01
8.40479e+01,8.40375e+01,8.27512e+01,8.40499e+01
8.40479e+01,8.40383e+01,8.27531e+01,8.40505e+01
8.40479e+01,8.40393e+01,8.27550e+01,8.40512e+01
8.40479e+01,8.40403e+01,8.27568e+01,8.40518e+01
8.40479e+01,8.40414e+01,8.27587e+01,8.40524e+01
8.40479e+01,8.40424e+01,8.27605e+01,8.40530e+01
8.40479e+01,8.40435e+01,8.27623e+01,8.40536e+01
8.40479e+01,8.40445e+01,8.27642e+01,8.40541e+01
8.40479e+01,8.40455e+01,8.27659e+01,8.40547e+01
8.40479e+01,8.40465e+01,8.27677e+01,8.40552e+01
8.40479e+01,8.40474e+01,8.27697e+01,8.40557e+01
8.40479e+01,8.40483e+01,8.27716e+01,8.40562e+01
8.40479e+01,8.40491e+01,8.27734e+01,8.40567e+01
8.40479e+01,8.40500e+01,8.27753e+01,8.40571e+01
8.40479e+01,8.40509e+01,8.27771e+01,8.40575e+01
8.40479e+01,8.40516e+01,8.27789e+01,8.40579e+01
8.40479e+01,8.40523e+01,8.27807e+01,8.40583e+01
8.40479e+01,8.40530e+01,8.27825e+01,8.40586e+01
8.40479e+01,8.40535e+01,8.27842e+01,8.40589e+01
8.40479e+01,8.40539e+01,8.27859e+01,8.40592e+01
8.40479e+01,8.40542e+01,8.27877e+01,8.40594e+01
8.40479e+01,8.40545e+01,8.27894e+01,8.40596e+01
8.40479e+01,8.40546e+01,8.27911e+01,8.40597e+01
8.40479e+01,8.40547e+01,8.27928e+01,8.40598e+01
8.40479e+01,8.40546e+01,8.27944e+01,8.40599e+01
8.40479e+01,8.40545e+01,8.27961e+01,8.40599e+01
8.40479e+01,8.40542e+01,8.27977e+01,8.40599e+01
8.40479e+01,8.40539e+01,8.27993e+01,8.40599e+01
8.40479e+01,8.40535e+01,8.28009e+01,8.40598e+01
8.40479e+01,8.40530e+01,8.28024e+01,8.40597e+01
8.40479e+01,8.40525e+01,8.28041e+01,8.40595e+01
8.40479e+01,8.40520e+01,8.28062e+01,8.40593e+01
8.40479e+01,8.40513e+01,8.28082e+01,8.40590e+01
8.40479e+01,8.40507e+01,8.28102e+01,8.40587e+01
8.40479e+01,8.40499e+01,8.28122e+01,8.40584e+01
8.40479e+01,8.40492e+01,8.28141e+01,8.40580e+01
8.40479e+01,8.40483e+01,8.28160e+01,8.40576e+01
8.40479e+01,8.40475e+01,8.28179e+01,8.40571e+01
8.40479e+01,8.40465e+01,8.28198e+01,8.40566e+01
8.40479e+01,8.40456e+01,8.28216e+01,8.40561e+01
8.40479e+01,8.40447e+01,8.28234e+01,8.40555e+01
8.40479e+01,8.40438e+01,8.28252e+01,8.40549e+01
8.40479e+01,8.40429e+01,8.28270e+01,8.40543e+01
8.40479e+01,8.40421e+01,8.28287e+01,8.40536e+01
8.40479e+01,8.40413e+01,8.28304e+01,8.40529e+01
8.40479e+01,8.40405e+01,8.28321e+01,8.40522e+01
8.40479e+01,8.40398e+01,8.28338e+01,8.40515e+01
8.40479e+01,8.40391e+01,8.28354e+01,8.40508e+01
8.40479e+01,8.40384e+01,8.28371e+01,8.40500e+01
8.40479e+01,8.40378e+01,8.28387e+01,8.40492e+01
8.40479e+01,8.40372e+01,8.28403e+01,8.40484e+01
8.40479e+01,8.40366e+01,8.28419e+01,8.40476e+01
8.40479e+01,8.40361e+01,8.28434e+01,8.40468e+01
8.40479e+01,8.40357e+01,8.28449e+01,8.40460e+01
8.40479e+01,8.40353e+01,8.28465e+01,8.40452e+01
8.40479e+01,8.40349e+01,8.28480e+01,8.40444e+01
8.40479e+01,8.40346e+01,8.28495e+01,8.40437e+01
8.40479e+01,8.40343e+01,8.28509e+01,8.40429e+01
8.40479e+01,8.40340e+01,8.28524e+01,8.40421e+01
8.40479e+01,8.40338e+01,8.28538e+01,8.40414e+01
8.40479e+01,8.40337e+01,8.28553e+01,8.40406e+01
8.40479e+01,8.40336e+01,8.28567e+01,8.40399e+01
8.40479e+01,8.40335e+01,8.28581e+01,8.40393e+01
8.40479e+01,8.40335e+01,8.28595e+01,8.40386e+01
8.40479e+01,8.40336e+01,8.28613e+01,8.40380e+01
8.40479e+01,8.40337e+01,8.28630e+01,8.40374e+01
8.40479e+01,8.40338e+01,8.28647e+01,8.40369e+01
8.40479e+01,8.40340e+01,8.28664e+01,8.40364e+01
8.40479e+01,8.40342e+01,8.28681e+01,8.40359e+01
8.40479e+01,8.40345e+01,8.28698e+01,8.40355e+01
8.40479e+01,8.40348e+01,8.28714e+01,8.40351e+01
8.40479e+01,8.40351e+01,8.28731e+01,8.40348e+01
8.40479e+01,8.40354e+01,8.28754e+01,8.40345e+01
8.40479e+01,8.40357e+01,8.28777e+01,8.40343e+01
8.40479e+01,8.40361e+01,8.28799e+01,8.40341e+01
8.40479e+01,8.40365e+01,8.28821e+01,8.40340e+01
8.40479e+01,8.40369e+01,8.28842e+01,8.40339e+01
8.40479e+01,8.40373e+01,8.28863e+01,8.40339e+01
8.40479e+01,8.40377e+01,8.28884e+01,8.40340e+01
8.40479e+01,8.40381e+01,8.28904e+01,8.40341e+01
8.40479e+01,8.40385e+01,8.28924e+01,8.40342e+01
8.40479e+01,8.40390e+01,8.28944e+01,8.40344e+01
8.40479e+01,8.40396e+01,8.28963e+01,8.40347e+01
8.40479e+01,8.40402e+01,8.28982e+01,8.40350e+01
8.40479e+01,8.40409e+01,8.29001e+01,8.40354e+01
8.40479e+01,8.40417e+01,8.29019e+01,8.40358e+01
8.40479e+01,8.40425e+01,8.29037e+01,8.40363e+01
8.40479e+01,8.40434e+01,8.29055e+01,8.40368e+01
8.40479e+01,8.40442e+01,8.29072e+01,8.40374e+01
8.40479e+01,8.40451e+01,8.29089e+01,8.40380e+01
8.40479e+01,8.40459e+01,8.29106e+01,8.40387e+01
8.40479e+01,8.40467e+01,8.29123e+01,8.40394e+01
8.40479e+01,8.40474e+01,8.29140e+01,8.40401e+01
8.40479e+01,8.40482e+01,8.29156e+01,8.40409e+01
8.40479e+01,8.40489e+01,8.29172e+01,8.40417e+01
8.40479e+01,8.40495e+01,8.29188e+01,8.40425e+01
8.40479e+01,8.40501e+01,8.29204e+01,8.40434e+01
8.40479e+01,8.40505e+01,8.29219e+01,8.40443e+01
8.40479e+01,8.40509e+01,8.29235e+01,8.40452e+01
8.40479e+01,8.40511e+01,8.29251e+01,8.40461e+01
8.40479e+01,8.40513e+01,8.29267e+01,8.40470e+01
8.40479e+01,8.40513e+01,8.29282e+01,8.40479e+01
8.40479e+01,8.40513e+01,8.29298e+01,8.40488e+01
8.40479e+01,8.40512e+01,8.29313e+01,8.40498e+01
8.40479e+01,8.40512e+01,8.29328e+01,8.40507e+01
8.40479e+01,8.40511e+01,8.29342e+01,8.40516e+01
8.40479e+01,8.40509e+01,8.29357e+01,8.40525e+01
8.40479e+01,8.40507e+01,8.29371e+01,8.40534e+01
8.40479e+01,8.40504e+01,8.29385e+01,8.40542e+01
8.40479e+01,8.40501e+01,8.29399e+01,8.40551e+01
8.40479e+01,8.40498e+01,8.29413e+01,8.40559e+01
8.40479e+01,8.40495e+01,8.29427e+01,8.40566e+01
8.40479e+01,8.40492e+01,8.29441e+01,8.40574e+01
8.40479e+01,8.40490e+01,8.29454e+01,8.40581e+01
8.40479e+01,8.40488e+01,8.29467e+01,8.40587e+01
8.40479e+01,8.40486e+01,8.29481e+01,8.40594e+01
8.40479e+01,8.40483e+01,8.29494e+01,8.40599e+01
8.40479e+01,8.40482e+01,8.29506e+01,8.40605e+01
8.40479e+01,8.40480e+01,8.29519e+01,8.40609e+01
8.40479e+01,8.40478e+01,8.29532e+01,8.40614e+01
8.40479e+01,8.40476e+01,8.29544e+01,8.40617e+01
8.40479e+01,8.40474e+01,8.29557e+01,8.40620e+01
8.40479e+01,8.40472e+01,8.29569e+01,8.40623e+01
8.40479e+01,8.40469e+01,8.29581e+01,8.40625e+01
8.40479e+01,8.40467e+01,8.29593e+01,8.40626e+01
8.40479e+01,8.40466e+01,8.29605e+01,8.40627e+01
8.40479e+01,8.40464e+01,8.29617e+01,8.40627e+01
8.40479e+01,8.40463e+01,8.29629e+01,8.40627e+01
8.40479e+01,8.40462e+01,8.29640e+01,8.40626e+01
8.40479e+01,8.40463e+01,8.29652e+01,8.40624e+01
8.40479e+01,8.40463e+01,8.29663e+01,8.40622e+01
8.40479e+01,8.40465e+01,8.29674e+01,8.40619e+01
8.40479e+01,8.40466e+01,8.29686e+01,8.40615e+01
8.40479e+01,8.40468e+01,8.29697e+01,8.40611e+01
8.40479e+01,8.40470e+01,8.29708e+01,8.40607e+01
8.40479e+01,8.40472e+01,8.29719e+01,8.40602e+01
8.40479e+01,8.40474e+01,8.29729e+01,8.40596e+01
8.40479e+01,8.40476e+01,8.29740e+01,8.40590e+01
8.40479e+01,8.40478e+01,8.29751e+01,8.40583e+01
8.40479e+01,8.40480e+01,8.29761e+01,8.40576e+01
8.40479e+01,8.40482e+01,8.29772e+01,8.40569e+01
8.40479e+01,8.40484e+01,8.29782e+01,8.40561e+01
8.40479e+01,8.40486e+01,8.29792e+01,8.40553e+01
8.40479e+01,8.40487e+01,8.29802e+01,8.40545e+01
8.40479e+01,8.40489e+01,8.29813e+01,8.40536e+01
8.40479e+01,8.40491e+01,8.29823e+01,8.40527e+01
8.40479e+01,8.40492e+01,8.29833e+01,8.40518e+01
8.40479e+01,8.40494e+01,8.29842e+01,8.40509e+01
8.40479e+01,8.40495e+01,8.29852e+01,8.40500e+01
8.40479e+01,8.40496e+01,8.29862e+01,8.40490e+01
8.40479e+01,8.40497e+01,8.29872e+01,8.40481e+01
8.40479e+01,8.40498e+01,8.29882e+01,8.40471e+01
8.40479e+01,8.40498e+01,8.29897e+01,8.40462e+01
8.40479e+01,8.40499e+01,8.29911e+01,8.40453e+01
8.40479e+01,8.40499e+01,8.29925e+01,8.40443e+01
8.40479e+01,8.40500e+01,8.29939e+01,8.40434e+01
8.40479e+01,8.40500e+01,8.29953e+01,8.40425e+01
8.40479e+01,8.40500e+01,8.29972e+01,8.40417e+01
8.40479e+01,8.40499e+01,8.29990e+01,8.40408e+01
8.40479e+01,8.40499e+01,8.30008e+01,8.40400e+01
8.40479e+01,8.40499e+01,8.30025e+01,8.40392e+01
8.40479e+01,8.40498e+01,8.30045e+01,8.40385e+01
8.40479e+01,8.40497e+01,8.30065e+01,8.40378e+01
8.40479e+01,8.40497e+01,8.30084e+01,8.40371e+01
8.40479e+01,8.40497e+01,8.30103e+01,8.40365e+01
8.40479e+01,8.40497e+01,8.30121e+01,8.40359e+01
8.40479e+01,8.40496e+01,8.30139e+01,8.40354e+01
8.40479e+01,8.40496e+01,8.30156e+01,8.40350e+01
8.40479e+01,8.40496e+01,8.30174e+01,8.40345e+01
8.40479e+01,8.40495e+01,8.30190e+01,8.40342e+01
8.40479e+01,8.40494e+01,8.30207e+01,8.40339e+01
8.40479e+01,8.40494e+01,8.30223e+01,8.40336e+01
8.40479e+01,8.40493e+01,8.30238e+01,8.40335e+01
8.40479e+01,8.40491e+01,8.30254e+01,8.40333e+01
8.40479e+01,8.40490e+01,8.30269e+01,8.40333e+01
8.40479e+01,8.40489e+01,8.30283e+01,8.40333e+01
8.40479e+01,8.40487e+01,8.30298e+01,8.40333e+01
8.40479e+01,8.40485e+01,8.30312e+01,8.40334e+01
8.40479e+01,8.40484e+01,8.30326e+01,8.40336e+01
8.40479e+01,8.40482e+01,8.30339e+01,8.40338e+01
8.40479e+01,8.40480e+01,8.30353e+01,8.40341e+01
8.40479e+01,8.40478e+01,8.30366e+01,8.40344e+01
8.40479e+01,8.40476e+01,8.30379e+01,8.40348e+01
8.40479e+01,8.40474e+01,8.30392e+01,8.40353e+01
8.40479e+01,8.40472e+01,8.30404e+01,8.40358e+01
8.40479e+01,8.40470e+01,8.30417e+01,8.40363e+01
8.40479e+01,8.40468e+01,8.30429e+01,8.40369e+01
8.40479e+01,8.40466e+01,8.30441e+01,8.40376e+01
8.40479e+01,8.40464e+01,8.30453e+01,8.40383e+01
8.40479e+01,8.40461e+01,8.30465e+01,8.40390e+01
8.40479e+01,8.40459e+01,8.30477e+01,8.40397e+01
8.40479e+01,8.40457e+01,8.30488e+01,8.40405e+01
8.40479e+01,8.40455e+01,8.30499e+01,8.40413e+01
8.40479e+01,8.40453e+01,8.30510e+01,8.40422e+01
8.40479e+01,8.40451e+01,8.30522e+01,8.40430e+01
8.40479e+01,8.40450e+01,8.30538e+01,8.40439e+01
8.40479e+01,8.40448e+01,8.30554e+01,8.40448e+01
8.40479e+01,8.40447e+01,8.30570e+01,8.40457e+01
8.40479e+01,8.40446e+01,8.30585e+01,8.40466e+01
8.40479e+01,8.40445e+01,8.30600e+01,8.40475e+01
8.40479e+01,8.40444e+01,8.30614e+01,8.40484e+01
8.40479e+01,8.40444e+01,8.30628e+01,8.40493e+01
8.40479e+01,8.40444e+01,8.30642e+01,8.40502e+01
8.40479e+01,8.40444e+01,8.30656e+01,8.40511e+01
8.40479e+01,8.40444e+01,8.30669e+01,8.40520e+01
