5.29934e+00,0.00000e+00,0.00000e+00,0.00000e+00
1.91603e+00,0.00000e+00,0.00000e+00,0.00000e+00
1.26050e+00,0.00000e+00,0.00000e+00,2.55553e-02
9.80580e-01,0.00000e+00,0.00000e+00,8.54902e-02
8.38126e-01,0.00000e+00,0.00000e+00,1.66037e-01
7.31510e-01,0.00000e+00,0.00000e+00,2.68102e-01
6.41241e-01,0.00000e+00,0.00000e+00,3.84674e-01
5.86283e-01,3.56180e-02,0.00000e+00,5.05760e-01
5.30310e-01,7.90852e-02,0.00000e+00,6.20660e-01
4.91091e-01,1.24701e-01,0.00000e+00,7.19873e-01
4.64053e-01,1.74674e-01,0.00000e+00,7.96439e-01
4.38756e-01,2.25378e-01,0.00000e+00,8.45896e-01
4.14631e-01,2.75664e-01,0.00000e+00,8.66368e-01
3.91628e-01,3.25769e-01,0.00000e+00,8.58415e-01
3.67877e-01,3.76324e-01,0.00000e+00,8.24938e-01
3.47642e-01,4.26853e-01,0.00000e+00,7.71020e-01
3.30371e-01,4.76723e-01,0.00000e+00,7.03839e-01
3.18625e-01,5.24967e-01,0.00000e+00,6.31610e-01
3.07178e-01,5.70667e-01,0.00000e+00,5.63251e-01
2.93107e-01,6.13510e-01,0.00000e+00,5.07760e-01
2.80041e-01,6.52551e-01,0.00000e+00,4.70941e-01
2.66142e-01,6.87246e-01,0.00000e+00,4.60635e-01
2.50616e-01,7.16542e-01,0.00000e+00,4.61031e-01
2.39569e-01,7.39267e-01,0.00000e+00,4.77376e-01
2.31732e-01,7.54909e-01,0.00000e+00,4.97423e-01
2.20231e-01,7.62989e-01,0.00000e+00,5.09782e-01
2.05426e-01,7.63380e-01,0.00000e+00,5.20007e-01
1.94964e-01,7.56388e-01,0.00000e+00,5.21691e-01
1.85272e-01,7.42635e-01,0.00000e+00,5.23165e-01
1.67205e-01,7.22933e-01,0.00000e+00,5.00077e-01
1.41642e-01,6.98467e-01,0.00000e+00,4.65701e-01
1.09957e-01,6.70856e-01,0.00000e+00,4.35443e-01
7.78089e-02,6.42083e-01,0.00000e+00,4.14403e-01
5.84569e-02,6.14370e-01,0.00000e+00,3.88660e-01
5.28560e-02,5.89945e-01,0.00000e+00,3.63133e-01
5.71641e-02,5.70687e-01,0.00000e+00,3.33642e-01
6.23334e-02,5.58102e-01,0.00000e+00,3.16004e-01
6.44863e-02,5.51067e-01,0.00000e+00,3.02148e-01
6.29440e-02,5.44941e-01,0.00000e+00,2.84829e-01
5.75919e-02,5.45689e-01,0.00000e+00,2.73357e-01
4.94147e-02,5.47106e-01,0.00000e+00,2.65744e-01
4.04254e-02,5.54741e-01,0.00000e+00,2.61195e-01
3.27827e-02,5.68083e-01,0.00000e+00,2.59442e-01
2.81485e-02,5.77627e-01,0.00000e+00,2.58593e-01
2.77474e-02,5.90175e-01,0.00000e+00,2.55645e-01
3.02684e-02,5.94531e-01,0.00000e+00,2.54827e-01
3.27917e-02,6.02854e-01,0.00000e+00,2.54293e-01
3.34353e-02,5.94334e-01,0.00000e+00,2.52035e-01
3.17327e-02,5.87414e-01,0.00000e+00,2.48133e-01
2.80565e-02,5.74852e-01,0.00000e+00,2.44023e-01
2.33484e-02,5.77252e-01,0.00000e+00,2.39349e-01
1.87997e-02,5.56689e-01,0.00000e+00,2.33991e-01
1.57345e-02,5.52652e-01,0.00000e+00,2.29927e-01
1.50499e-02,5.48263e-01,0.00000e+00,2.25662e-01
1.60781e-02,5.40769e-01,0.00000e+00,2.17970e-01
1.73775e-02,5.33317e-01,0.00000e+00,2.06394e-01
1.80050e-02,5.18983e-01,6.80742e-02,1.98586e-01
1.76021e-02,5.02912e-01,6.98468e-02,1.91317e-01
1.61932e-02,4.95797e-01,6.82843e-02,1.84739e-01
1.40485e-02,4.88975e-01,6.67567e-02,1.83145e-01
1.16186e-02,4.82285e-01,6.52633e-02,1.79890e-01
9.50807e-03,4.75980e-01,6.38034e-02,1.76889e-01
8.35725e-03,4.68494e-01,6.36154e-02,1.76562e-01
8.37807e-03,4.59638e-01,8.75083e-02,1.76515e-01
9.05716e-03,4.52444e-01,8.55249e-02,1.73269e-01
9.70993e-03,4.48193e-01,8.35867e-02,1.73485e-01
9.92298e-03,4.31141e-01,8.16927e-02,1.74649e-01
9.55005e-03,4.26817e-01,7.98419e-02,1.72256e-01
8.62662e-03,4.27439e-01,7.80332e-02,1.69207e-01
7.32004e-03,4.28704e-01,7.62658e-02,1.63863e-01
5.91518e-03,4.30555e-01,7.45386e-02,1.59606e-01
4.81673e-03,4.32846e-01,7.28508e-02,1.54872e-01
4.42625e-03,4.35080e-01,7.12014e-02,1.46865e-01
4.72774e-03,4.36610e-01,6.95895e-02,1.42749e-01
5.26469e-03,4.39507e-01,6.80144e-02,1.41752e-01
5.63546e-03,4.42036e-01,6.64752e-02,1.40833e-01
5.65092e-03,4.40253e-01,7.67663e-02,1.39035e-01
5.27526e-03,4.41175e-01,8.12150e-02,1.33869e-01
4.57525e-03,4.41969e-01,9.36857e-02,1.32083e-01
3.69938e-03,4.42707e-01,9.16253e-02,1.29611e-01
2.88279e-03,4.43313e-01,8.96111e-02,1.29376e-01
2.43875e-03,4.42312e-01,8.76422e-02,1.28942e-01
2.52561e-03,4.38854e-01,8.57174e-02,1.28567e-01
2.89161e-03,4.36912e-01,8.38358e-02,1.24854e-01
3.21244e-03,4.33703e-01,8.19964e-02,1.20086e-01
3.32352e-03,4.30534e-01,8.01982e-02,1.19162e-01
3.18085e-03,4.27867e-01,7.84404e-02,1.17425e-01
2.81345e-03,4.24843e-01,7.67218e-02,1.14265e-01
2.30262e-03,4.21127e-01,7.50418e-02,1.10468e-01
1.78011e-03,4.16107e-01,7.33994e-02,1.10839e-01
1.43478e-03,4.10736e-01,7.17936e-02,1.09502e-01
1.41746e-03,4.02464e-01,7.02238e-02,1.08710e-01
1.62400e-03,3.90697e-01,6.86891e-02,1.07813e-01
1.83875e-03,3.73111e-01,7.51361e-02,1.06995e-01
1.94045e-03,3.63719e-01,7.78820e-02,1.06215e-01
1.89182e-03,3.56321e-01,7.61710e-02,1.04170e-01
1.70416e-03,3.49737e-01,7.44984e-02,1.02029e-01
1.42108e-03,3.34393e-01,7.28634e-02,1.00310e-01
1.11454e-03,3.31585e-01,7.12651e-02,9.86068e-02
8.87681e-04,3.30374e-01,6.97027e-02,9.59802e-02
8.38037e-04,3.30057e-01,6.81753e-02,9.32618e-02
9.36486e-04,3.25941e-01,6.66822e-02,9.10396e-02
1.06146e-03,3.25316e-01,7.50655e-02,8.83448e-02
1.13180e-03,3.28886e-01,7.33890e-02,8.54269e-02
1.11840e-03,3.30604e-01,7.49819e-02,8.45928e-02
1.02341e-03,3.36821e-01,7.77535e-02,8.20379e-02
8.69181e-04,3.44294e-01,7.59532e-02,8.06980e-02
6.94562e-04,3.51915e-01,7.41952e-02,8.00265e-02
5.55327e-04,3.59622e-01,7.97623e-02,7.72459e-02
5.08609e-04,3.65976e-01,7.85975e-02,7.62909e-02
5.51813e-04,3.68621e-01,7.68002e-02,7.41516e-02
6.21257e-04,3.73075e-01,7.50452e-02,7.31662e-02
6.65737e-04,3.75736e-01,7.33334e-02,7.08965e-02
6.64046e-04,3.76316e-01,7.95917e-02,7.01010e-02
6.14667e-04,3.73634e-01,8.82773e-02,6.83234e-02
5.28782e-04,3.68331e-01,8.76734e-02,6.87851e-02
4.27622e-04,3.61957e-01,8.92188e-02,6.87293e-02
3.42404e-04,3.53442e-01,8.69505e-02,6.87626e-02
3.07411e-04,3.42611e-01,8.47417e-02,6.90652e-02
3.27290e-04,3.28788e-01,8.25907e-02,6.90114e-02
3.67727e-04,3.15180e-01,8.04961e-02,6.77624e-02
3.96568e-04,3.01875e-01,7.90279e-02,6.74271e-02
3.99050e-04,2.88332e-01,8.43214e-02,6.74554e-02
3.72730e-04,2.73003e-01,8.61425e-02,6.74970e-02
3.23136e-04,2.61376e-01,8.41385e-02,6.74070e-02
2.61999e-04,2.52558e-01,8.70396e-02,6.72490e-02
2.07386e-04,2.46405e-01,8.51456e-02,6.70063e-02
1.81366e-04,2.43093e-01,8.40709e-02,6.60879e-02
1.91169e-04,2.42255e-01,9.26367e-02,6.56319e-02
2.17128e-04,2.43613e-01,9.06156e-02,6.45274e-02
2.37835e-04,2.39413e-01,9.27666e-02,6.37848e-02
2.42815e-04,2.46665e-01,9.20922e-02,6.33460e-02
2.29588e-04,2.56413e-01,9.73092e-02,6.30359e-02
2.00709e-04,2.67089e-01,9.80410e-02,6.28782e-02
1.62535e-04,2.77159e-01,9.81667e-02,6.26051e-02
1.25415e-04,2.86777e-01,9.59055e-02,6.26043e-02
1.04039e-04,2.95705e-01,9.37019e-02,6.27360e-02
1.07636e-04,3.02428e-01,9.15544e-02,6.25644e-02
1.25339e-04,3.06883e-01,8.94614e-02,6.25671e-02
1.41561e-04,3.10327e-01,8.74214e-02,6.28690e-02
1.48317e-04,3.10943e-01,8.58839e-02,6.24908e-02
1.43253e-04,3.09587e-01,8.61433e-02,6.25289e-02
1.27311e-04,3.08055e-01,8.41942e-02,6.24524e-02
1.03745e-04,3.03689e-01,8.22940e-02,6.25548e-02
7.81105e-05,2.98079e-01,8.04415e-02,6.23137e-02
5.94006e-05,2.87003e-01,7.88601e-02,6.20451e-02
5.76160e-05,2.77029e-01,8.13156e-02,6.18198e-02
6.92114e-05,2.68990e-01,8.08390e-02,6.12653e-02
8.21013e-05,2.62601e-01,8.48425e-02,6.08724e-02
8.95921e-05,2.56677e-01,8.51699e-02,6.04476e-02
8.94686e-05,2.51262e-01,8.53116e-02,5.98919e-02
8.18191e-05,2.46471e-01,8.91588e-02,5.92820e-02
6.81843e-05,2.41704e-01,8.97049e-02,5.84208e-02
5.13392e-05,2.38026e-01,9.01032e-02,5.77297e-02
3.59019e-05,2.31005e-01,9.13902e-02,5.70030e-02
2.96890e-05,2.28840e-01,9.11356e-02,5.59512e-02
3.57730e-05,2.27599e-01,8.89868e-02,5.47494e-02
4.54890e-05,2.25348e-01,8.68955e-02,5.39064e-02
5.26130e-05,2.22495e-01,8.48600e-02,5.28495e-02
5.50282e-05,2.19191e-01,8.28786e-02,5.18000e-02
5.24043e-05,2.18443e-01,8.25386e-02,5.05985e-02
4.53801e-05,2.20921e-01,8.38118e-02,4.88628e-02
3.52932e-05,2.19921e-01,8.18961e-02,4.67882e-02
2.42580e-05,2.16044e-01,8.00302e-02,4.57990e-02
1.62507e-05,2.14695e-01,7.83092e-02,4.49585e-02
1.70826e-05,2.14464e-01,8.04692e-02,4.41238e-02
2.35590e-05,2.13898e-01,8.39091e-02,4.25099e-02
2.95197e-05,2.12988e-01,8.19541e-02,4.20286e-02
3.27981e-05,2.09203e-01,8.00516e-02,4.19255e-02
3.28690e-05,2.05501e-01,8.17114e-02,4.20756e-02
2.99085e-05,2.02092e-01,8.15041e-02,4.22860e-02
2.45353e-05,1.97087e-01,8.01690e-02,4.28432e-02
1.77325e-05,1.94712e-01,7.82513e-02,4.35840e-02
1.10797e-05,1.93227e-01,7.63862e-02,4.43916e-02
8.10252e-06,1.91667e-01,7.45722e-02,4.53381e-02
1.11577e-05,1.91098e-01,7.28820e-02,4.63190e-02
1.55329e-05,1.91708e-01,7.33698e-02,4.72840e-02
1.86613e-05,1.93025e-01,7.25846e-02,4.81929e-02
1.98911e-05,1.94572e-01,7.13973e-02,4.90122e-02
1.91626e-05,1.96884e-01,7.39898e-02,4.94946e-02
1.67239e-05,1.96667e-01,7.22893e-02,5.01030e-02
1.30402e-05,1.98281e-01,7.06996e-02,5.05434e-02
8.79083e-06,1.98534e-01,6.96107e-02,5.07858e-02
5.20480e-06,1.97843e-01,6.93843e-02,5.08285e-02
4.96477e-06,1.96291e-01,6.83700e-02,5.06784e-02
7.52275e-06,1.97775e-01,6.67426e-02,5.03504e-02
9.98412e-06,1.97721e-01,6.51633e-02,4.98661e-02
1.14678e-05,1.97745e-01,6.36303e-02,4.92614e-02
1.17793e-05,1.97412e-01,6.23125e-02,4.85657e-02
1.09706e-05,1.96358e-01,6.11420e-02,4.78121e-02
9.24382e-06,1.94681e-01,5.97083e-02,4.70366e-02
6.91652e-06,1.92340e-01,5.84029e-02,4.57496e-02
4.45522e-06,1.89098e-01,6.12539e-02,4.49085e-02
2.82275e-06,1.84085e-01,6.01974e-02,4.41264e-02
3.40085e-06,1.78884e-01,5.87760e-02,4.32686e-02
4.95470e-06,1.74293e-01,5.73970e-02,4.25113e-02
6.22291e-06,1.66916e-01,5.63815e-02,4.20567e-02
6.87501e-06,1.61670e-01,5.64189e-02,4.17589e-02
6.85285e-06,1.56985e-01,5.51788e-02,4.15141e-02
6.21761e-06,1.52395e-01,5.43860e-02,4.14557e-02
5.10918e-06,1.48614e-01,5.50155e-02,4.15071e-02
3.73470e-06,1.45561e-01,5.41961e-02,4.16356e-02
2.41432e-06,1.43429e-01,5.62030e-02,4.18100e-02
1.79616e-06,1.40384e-01,5.48861e-02,4.19984e-02
2.31373e-06,1.39164e-01,5.45104e-02,4.21702e-02
3.14804e-06,1.39818e-01,5.37845e-02,4.22982e-02
3.77310e-06,1.41276e-01,5.25036e-02,4.22685e-02
4.04443e-06,1.43036e-01,5.12639e-02,4.20345e-02
3.94470e-06,1.45137e-01,5.02732e-02,4.18375e-02
3.51951e-06,1.47290e-01,4.91883e-02,4.15732e-02
2.85779e-06,1.49508e-01,4.80407e-02,4.07289e-02
2.08959e-06,1.52177e-01,4.69297e-02,4.02180e-02
1.42162e-06,1.54613e-01,4.58538e-02,3.94698e-02
1.20332e-06,1.56700e-01,4.48116e-02,3.89439e-02
1.50997e-06,1.58356e-01,4.47701e-02,3.83659e-02
1.93403e-06,1.59509e-01,4.69186e-02,3.77584e-02
2.23794e-06,1.60204e-01,4.59797e-02,3.71659e-02
2.34981e-06,1.58529e-01,4.51897e-02,3.65957e-02
2.26329e-06,1.58114e-01,4.42118e-02,3.60686e-02
2.00666e-06,1.57295e-01,4.33061e-02,3.56066e-02
1.63260e-06,1.56135e-01,4.28414e-02,3.52266e-02
1.21817e-06,1.54712e-01,4.19943e-02,3.49375e-02
8.82722e-07,1.52887e-01,4.28576e-02,3.47427e-02
7.90323e-07,1.51171e-01,4.21329e-02,3.46400e-02
9.43907e-07,1.49486e-01,4.11368e-02,3.45932e-02
1.15522e-06,1.47793e-01,4.01725e-02,3.46273e-02
1.30647e-06,1.46237e-01,4.00086e-02,3.47400e-02
1.35741e-06,1.44872e-01,4.03142e-02,3.48970e-02
1.30352e-06,1.43142e-01,4.08167e-02,3.50820e-02
1.15990e-06,1.41923e-01,3.98548e-02,3.52796e-02
9.55454e-07,1.40918e-01,3.89234e-02,3.54761e-02
7.32704e-07,1.40060e-01,3.81676e-02,3.56601e-02
5.54699e-07,1.39314e-01,3.79069e-02,3.58252e-02
4.98895e-07,1.38633e-01,3.70171e-02,3.59681e-02
5.68059e-07,1.37963e-01,3.93490e-02,3.60855e-02
6.75010e-07,1.37256e-01,3.93512e-02,3.61766e-02
7.55738e-07,1.36475e-01,3.84331e-02,3.62427e-02
7.84989e-07,1.35582e-01,3.75443e-02,3.62871e-02
7.57993e-07,1.34547e-01,3.77519e-02,3.63166e-02
6.81511e-07,1.33286e-01,3.72385e-02,3.63346e-02
5.70348e-07,1.31907e-01,3.96043e-02,3.63440e-02
4.46878e-07,1.30382e-01,3.97638e-02,3.62200e-02
3.43865e-07,1.28755e-01,3.91615e-02,3.61952e-02
3.02251e-07,1.27091e-01,3.82085e-02,3.61749e-02
3.31176e-07,1.25401e-01,3.72861e-02,3.61551e-02
3.88657e-07,1.23598e-01,3.63932e-02,3.61357e-02
4.36439e-07,1.22140e-01,3.55287e-02,3.61143e-02
4.57235e-07,1.20911e-01,3.46916e-02,3.60874e-02
4.46331e-07,1.19962e-01,3.38871e-02,3.60502e-02
4.06181e-07,1.19329e-01,3.38604e-02,3.59978e-02
3.44190e-07,1.19032e-01,3.30713e-02,3.59250e-02
2.72233e-07,1.19066e-01,3.23067e-02,3.58259e-02
2.08154e-07,1.19306e-01,3.15658e-02,3.56942e-02
1.76422e-07,1.19507e-01,3.08552e-02,3.55242e-02
1.88498e-07,1.19610e-01,3.03105e-02,3.53118e-02
2.22508e-07,1.20186e-01,2.96333e-02,3.50545e-02
2.53477e-07,1.20822e-01,2.89766e-02,3.47348e-02
2.69236e-07,1.21470e-01,2.83397e-02,3.43759e-02
2.65895e-07,1.21997e-01,2.77220e-02,3.39842e-02
2.44214e-07,1.22462e-01,2.71227e-02,3.35581e-02
2.08097e-07,1.22980e-01,2.65412e-02,3.31045e-02
1.64208e-07,1.23357e-01,2.59769e-02,3.26319e-02
1.22891e-07,1.22514e-01,2.54291e-02,3.21493e-02
9.98852e-08,1.22364e-01,2.76087e-02,3.16660e-02
1.05882e-07,1.22164e-01,2.94580e-02,3.11705e-02
1.27935e-07,1.21816e-01,2.92152e-02,3.06988e-02
1.48823e-07,1.21342e-01,2.86375e-02,3.00338e-02
1.60279e-07,1.20723e-01,2.85544e-02,2.95515e-02
1.59635e-07,1.19544e-01,2.82941e-02,2.91429e-02
1.47204e-07,1.18664e-01,2.76885e-02,2.87797e-02
1.25268e-07,1.17786e-01,2.71002e-02,2.84361e-02
9.77969e-08,1.16918e-01,2.65288e-02,2.81575e-02
7.10560e-08,1.16064e-01,2.59743e-02,2.79171e-02
5.54519e-08,1.15241e-01,2.55854e-02,2.77407e-02
5.95536e-08,1.14462e-01,2.50565e-02,2.76247e-02
7.45088e-08,1.13727e-01,2.45424e-02,2.75577e-02
8.84454e-08,1.12636e-01,2.45422e-02,2.74322e-02
9.61646e-08,1.11821e-01,2.40837e-02,2.73288e-02
9.61056e-08,1.10975e-01,2.37593e-02,2.73619e-02
8.85270e-08,1.10281e-01,2.37871e-02,2.74390e-02
7.48741e-08,1.09711e-01,2.36876e-02,2.75511e-02
5.75998e-08,1.09165e-01,2.33638e-02,2.76940e-02
4.05802e-08,1.08618e-01,2.28827e-02,2.78636e-02
3.07066e-08,1.08049e-01,2.43319e-02,2.80557e-02
3.40770e-08,1.07440e-01,2.53442e-02,2.82661e-02
4.41224e-08,1.06771e-01,2.61533e-02,2.84908e-02
5.30625e-08,1.05976e-01,2.66961e-02,2.87257e-02
5.78837e-08,1.05004e-01,2.60905e-02,2.89703e-02
5.77743e-08,1.04044e-01,2.55040e-02,2.92207e-02
5.29821e-08,1.02444e-01,2.49361e-02,2.94708e-02
4.44484e-08,1.01181e-01,2.44372e-02,2.97141e-02
3.37085e-08,1.00032e-01,2.46096e-02,2.99439e-02
2.31805e-08,9.83032e-02,2.41974e-02,3.01537e-02
1.73529e-08,9.72229e-02,2.36617e-02,3.03223e-02
2.00526e-08,9.63422e-02,2.31428e-02,3.04628e-02
2.65073e-08,9.56695e-02,2.49187e-02,3.05683e-02
3.19771e-08,9.52195e-02,2.54404e-02,3.06326e-02
3.48038e-08,9.50085e-02,2.57339e-02,3.06536e-02
3.45903e-08,9.50429e-02,2.57450e-02,3.06303e-02
3.15437e-08,9.53159e-02,2.51979e-02,3.05630e-02
2.62723e-08,9.58073e-02,2.46681e-02,3.04532e-02
1.97350e-08,9.64855e-02,2.43922e-02,3.03034e-02
1.34406e-08,9.72415e-02,2.41400e-02,3.01169e-02
1.02066e-08,9.81130e-02,2.36395e-02,2.98977e-02
1.21282e-08,9.90770e-02,2.31546e-02,2.96503e-02
1.60501e-08,1.00019e-01,2.26849e-02,2.93792e-02
1.92567e-08,1.00748e-01,2.33549e-02,2.90888e-02
2.08416e-08,1.00255e-01,2.41355e-02,2.87678e-02
2.06086e-08,9.99866e-02,2.46254e-02,2.84464e-02
1.87078e-08,1.00132e-01,2.41473e-02,2.81195e-02
1.55222e-08,9.96917e-02,2.36831e-02,2.77867e-02
1.16435e-08,9.93890e-02,2.32321e-02,2.74495e-02
8.00171e-09,9.82860e-02,2.27941e-02,2.70541e-02
6.26585e-09,9.74487e-02,2.25529e-02,2.67027e-02
7.45959e-09,9.65406e-02,2.47017e-02,2.63477e-02
9.72126e-09,9.54799e-02,2.42566e-02,2.59878e-02
1.15427e-08,9.42921e-02,2.38236e-02,2.56222e-02
1.24132e-08,9.30077e-02,2.34457e-02,2.52356e-02
1.22271e-08,9.12477e-02,2.35146e-02,2.45859e-02
1.10806e-08,8.98612e-02,2.30957e-02,2.39498e-02
9.20635e-09,8.85461e-02,2.26882e-02,2.35216e-02
6.96137e-09,8.72951e-02,2.22916e-02,2.30780e-02
4.90133e-09,8.61462e-02,2.19055e-02,2.26709e-02
3.95370e-09,8.51420e-02,2.16353e-02,2.22977e-02
4.60316e-09,8.43075e-02,2.12784e-02,2.19613e-02
5.85392e-09,8.36576e-02,2.10605e-02,2.16711e-02
6.87157e-09,8.31970e-02,2.12613e-02,2.14363e-02
7.35453e-09,8.29206e-02,2.11211e-02,2.12650e-02
7.23735e-09,8.24700e-02,2.39765e-02,2.11639e-02
6.57444e-09,8.25034e-02,2.76285e-02,2.11378e-02
5.50099e-09,8.21587e-02,2.71118e-02,2.11888e-02
4.22517e-09,8.22661e-02,2.66088e-02,2.13159e-02
3.06503e-09,8.26079e-02,2.62943e-02,2.15155e-02
2.51278e-09,8.27144e-02,2.59826e-02,2.17814e-02
2.81947e-09,8.31193e-02,2.55035e-02,2.21047e-02
3.49124e-09,8.34334e-02,2.50369e-02,2.24750e-02
4.06061e-09,8.29439e-02,2.48448e-02,2.28806e-02
4.34047e-09,8.30658e-02,2.49596e-02,2.33089e-02
4.28439e-09,8.29312e-02,2.49229e-02,2.37474e-02
3.91850e-09,8.29467e-02,2.44457e-02,2.41840e-02
3.31723e-09,8.27259e-02,2.39819e-02,2.46072e-02
2.59730e-09,8.25181e-02,2.38280e-02,2.50065e-02
1.93376e-09,8.22291e-02,2.34628e-02,2.53724e-02
1.58498e-09,8.18604e-02,2.30263e-02,2.56971e-02
1.70297e-09,8.14210e-02,2.26015e-02,2.59712e-02
2.05855e-09,8.09184e-02,2.22725e-02,2.61805e-02
2.38387e-09,8.03614e-02,2.18852e-02,2.63261e-02
2.55730e-09,7.95294e-02,2.14862e-02,2.63799e-02
2.54303e-09,7.88227e-02,2.10978e-02,2.64350e-02
2.35037e-09,7.81777e-02,2.07101e-02,2.64286e-02
2.01797e-09,7.75127e-02,2.16024e-02,2.63620e-02
1.60918e-09,7.68358e-02,2.33555e-02,2.62374e-02
1.21850e-09,7.60987e-02,2.29015e-02,2.60578e-02
9.84583e-10,7.50149e-02,2.24643e-02,2.58273e-02
1.01103e-09,7.42588e-02,2.24419e-02,2.55504e-02
1.19996e-09,7.35719e-02,2.41230e-02,2.52326e-02
1.39307e-09,7.27351e-02,2.48329e-02,2.48797e-02
1.50797e-09,7.10310e-02,2.50532e-02,2.44981e-02
1.51651e-09,7.04538e-02,2.48793e-02,2.40949e-02
1.41940e-09,6.99632e-02,2.46355e-02,2.36766e-02
1.23577e-09,6.95633e-02,2.56648e-02,2.32492e-02
9.99546e-10,6.92547e-02,2.51385e-02,2.28182e-02
7.62031e-10,6.89054e-02,2.46285e-02,2.23893e-02
6.00589e-10,6.81901e-02,2.41837e-02,2.19674e-02
5.89284e-10,6.79494e-02,2.39153e-02,2.15565e-02
6.92385e-10,6.78974e-02,2.34413e-02,2.11600e-02
8.12499e-10,6.79319e-02,2.30099e-02,2.07666e-02
8.92110e-10,6.80476e-02,2.26683e-02,2.03921e-02
9.09559e-10,6.82353e-02,2.22274e-02,2.00406e-02
8.62299e-10,6.84833e-02,2.17996e-02,1.97106e-02
7.59594e-10,6.87779e-02,2.13843e-02,1.94029e-02
6.19866e-10,6.91042e-02,2.09811e-02,1.91191e-02
4.71632e-10,6.94464e-02,2.07661e-02,1.88614e-02
3.59669e-10,6.97881e-02,2.07141e-02,1.86322e-02
3.37226e-10,7.01132e-02,2.03148e-02,1.84345e-02
3.96396e-10,7.04087e-02,1.99251e-02,1.82715e-02
4.74381e-10,7.06629e-02,1.95251e-02,1.81458e-02
5.30417e-10,7.08626e-02,1.91568e-02,1.80605e-02
5.48649e-10,7.09958e-02,1.87990e-02,1.80180e-02
5.26082e-10,7.10527e-02,1.87168e-02,1.80203e-02
4.67348e-10,7.10298e-02,1.91064e-02,1.80008e-02
3.82791e-10,7.08689e-02,1.88062e-02,1.80786e-02
2.88731e-10,7.05299e-02,1.84474e-02,1.82154e-02
2.11723e-10,7.02124e-02,1.82117e-02,1.83988e-02
1.89644e-10,6.98000e-02,1.79200e-02,1.86254e-02
2.25914e-10,6.92356e-02,1.75796e-02,1.88902e-02
2.78031e-10,6.86065e-02,1.72491e-02,1.91873e-02
3.17198e-10,6.78849e-02,1.69282e-02,1.95099e-02
3.32524e-10,6.70730e-02,1.66165e-02,1.98505e-02
3.21686e-10,6.61794e-02,1.63136e-02,2.02013e-02
2.87204e-10,6.52156e-02,1.60193e-02,2.05547e-02
2.35121e-10,6.41959e-02,1.57332e-02,2.08580e-02
1.75008e-10,6.31379e-02,1.54550e-02,2.11739e-02
1.22776e-10,6.20651e-02,1.51845e-02,2.14866e-02
1.04972e-10,6.09996e-02,1.49363e-02,2.17650e-02
1.28677e-10,5.99237e-02,1.51511e-02,2.19918e-02
1.63909e-10,5.89440e-02,1.48890e-02,2.22082e-02
1.90744e-10,5.80423e-02,1.46340e-02,2.23881e-02
2.02197e-10,5.72391e-02,1.56452e-02,2.24720e-02
1.96799e-10,5.65510e-02,1.62690e-02,2.25590e-02
1.76064e-10,5.59885e-02,1.59566e-02,2.25989e-02
1.43638e-10,5.55065e-02,1.56535e-02,2.25899e-02
1.05218e-10,5.51818e-02,1.53594e-02,2.25307e-02
7.03394e-11,5.48307e-02,1.50740e-02,2.24208e-02
5.73260e-11,5.45844e-02,1.47970e-02,2.22605e-02
7.35489e-11,5.46633e-02,1.45279e-02,2.20508e-02
9.72852e-11,5.48696e-02,1.42665e-02,2.17926e-02
1.15221e-10,5.51955e-02,1.40126e-02,2.14877e-02
1.23161e-10,5.53520e-02,1.37657e-02,2.11412e-02
1.20298e-10,5.58329e-02,1.35258e-02,2.07564e-02
1.07608e-10,5.63785e-02,1.32924e-02,2.03380e-02
8.73335e-11,5.69748e-02,1.30654e-02,1.98918e-02
6.28895e-11,5.76062e-02,1.28445e-02,1.94243e-02
3.99564e-11,5.82140e-02,1.26295e-02,1.89428e-02
3.09887e-11,5.88555e-02,1.24202e-02,1.84553e-02
4.23331e-11,5.94146e-02,1.22164e-02,1.79704e-02
5.81159e-11,5.93015e-02,1.20196e-02,1.74052e-02
6.98151e-11,5.98163e-02,1.19962e-02,1.68860e-02
7.50475e-11,6.02773e-02,1.25103e-02,1.64126e-02
7.34186e-11,6.06688e-02,1.22910e-02,1.60078e-02
6.55751e-11,6.09743e-02,1.21700e-02,1.56533e-02
5.29055e-11,6.11774e-02,1.24829e-02,1.53574e-02
3.74628e-11,6.12585e-02,1.23310e-02,1.51269e-02
2.26000e-11,6.12150e-02,1.22043e-02,1.49661e-02
1.66530e-11,6.07588e-02,1.20169e-02,1.46572e-02
2.45881e-11,5.99186e-02,1.22984e-02,1.45942e-02
3.49009e-11,5.93129e-02,1.20821e-02,1.46160e-02
4.23718e-11,5.81697e-02,1.18718e-02,1.45926e-02
4.57040e-11,5.73561e-02,1.16673e-02,1.47172e-02
4.47248e-11,5.65387e-02,1.14684e-02,1.49085e-02
3.98606e-11,5.56390e-02,1.19256e-02,1.51478e-02
3.19720e-11,5.46756e-02,1.36253e-02,1.54255e-02
2.22938e-11,5.36691e-02,1.46615e-02,1.57321e-02
1.27863e-11,5.26420e-02,1.43991e-02,1.60579e-02
8.94116e-12,5.15292e-02,1.42168e-02,1.63937e-02
1.44166e-11,5.01388e-02,1.43707e-02,1.67311e-02
2.10359e-11,4.87876e-02,1.41138e-02,1.70622e-02
2.57282e-11,4.78522e-02,1.38646e-02,1.73802e-02
2.78038e-11,4.70929e-02,1.36228e-02,1.76792e-02
2.71964e-11,4.64496e-02,1.33882e-02,1.79546e-02
2.41843e-11,4.59450e-02,1.32708e-02,1.82027e-02
1.92974e-11,4.56027e-02,1.78971e-02,1.84202e-02
1.32785e-11,4.54210e-02,1.75792e-02,1.86041e-02
7.26694e-12,4.51969e-02,1.72704e-02,1.87450e-02
4.82004e-12,4.52772e-02,1.72805e-02,1.88492e-02
8.52183e-12,4.54881e-02,1.73009e-02,1.89165e-02
1.27051e-11,4.58013e-02,1.69968e-02,1.89452e-02
1.56162e-11,4.61902e-02,1.67015e-02,1.89358e-02
1.68929e-11,4.66263e-02,1.64146e-02,1.88901e-02
1.65132e-11,4.70815e-02,1.62888e-02,1.88100e-02
1.46550e-11,4.75338e-02,1.60446e-02,1.86979e-02
1.16444e-11,4.79681e-02,1.57736e-02,1.85023e-02
7.92711e-12,4.80349e-02,1.55101e-02,1.83467e-02
4.16277e-12,4.81358e-02,1.52540e-02,1.81713e-02
2.61853e-12,4.84217e-02,1.50535e-02,1.79747e-02
5.06705e-12,4.86443e-02,1.52229e-02,1.77605e-02
7.67943e-12,4.87971e-02,1.50149e-02,1.75301e-02
9.47173e-12,4.88763e-02,1.48565e-02,1.72866e-02
1.02519e-11,4.88802e-02,1.46119e-02,1.70378e-02
1.00155e-11,4.87864e-02,1.43744e-02,1.67848e-02
8.87530e-12,4.86378e-02,1.44289e-02,1.65323e-02
7.02964e-12,4.84234e-02,1.54152e-02,1.62834e-02
4.74608e-12,4.81490e-02,1.51488e-02,1.60405e-02
2.40724e-12,4.78238e-02,1.48909e-02,1.58055e-02
1.43482e-12,4.74577e-02,1.46410e-02,1.55801e-02
3.02434e-12,4.70602e-02,1.46746e-02,1.53657e-02
4.64181e-12,4.66414e-02,1.51322e-02,1.51631e-02
5.74014e-12,4.62120e-02,1.48789e-02,1.49731e-02
6.21603e-12,4.57836e-02,1.46334e-02,1.47962e-02
6.07070e-12,4.53702e-02,1.43955e-02,1.46327e-02
5.37339e-12,4.48994e-02,1.41786e-02,1.43835e-02
4.24679e-12,4.45235e-02,1.51127e-02,1.42288e-02
2.84988e-12,4.41714e-02,1.53204e-02,1.40989e-02
1.40532e-12,4.38727e-02,1.56463e-02,1.39867e-02
7.92118e-13,4.36130e-02,1.58562e-02,1.38934e-02
1.80823e-12,4.33922e-02,1.55966e-02,1.38197e-02
2.80446e-12,4.32088e-02,1.53494e-02,1.37668e-02
3.47566e-12,4.30603e-02,1.51955e-02,1.37352e-02
3.76645e-12,4.29427e-02,1.49541e-02,1.37255e-02
3.67822e-12,4.28523e-02,1.47195e-02,1.37378e-02
3.25378e-12,4.27066e-02,1.44914e-02,1.37720e-02
2.56811e-12,4.25626e-02,1.42695e-02,1.38275e-02
1.71635e-12,4.25269e-02,1.40535e-02,1.39033e-02
8.27333e-13,4.24381e-02,1.38433e-02,1.39981e-02
4.38920e-13,4.23706e-02,1.36385e-02,1.41098e-02
1.08204e-12,4.23156e-02,1.34390e-02,1.42364e-02
1.69348e-12,4.22511e-02,1.32446e-02,1.43752e-02
2.10347e-12,4.21750e-02,1.30550e-02,1.45233e-02
2.28101e-12,4.20858e-02,1.28701e-02,1.46775e-02
2.22803e-12,4.19817e-02,1.26896e-02,1.48346e-02
1.97098e-12,4.18613e-02,1.25135e-02,1.49913e-02
1.55436e-12,4.17241e-02,1.23416e-02,1.51443e-02
1.03581e-12,4.15695e-02,1.21736e-02,1.52902e-02
4.90469e-13,4.13321e-02,1.20095e-02,1.54260e-02
2.44097e-13,4.09558e-02,1.18492e-02,1.55487e-02
6.47929e-13,4.06243e-02,1.16924e-02,1.56556e-02
1.02229e-12,4.03791e-02,1.15391e-02,1.57444e-02
1.27282e-12,4.01343e-02,1.13891e-02,1.58131e-02
1.38104e-12,3.90263e-02,1.12424e-02,1.58598e-02
1.34947e-12,3.88165e-02,1.10988e-02,1.58833e-02
1.19367e-12,3.85883e-02,1.09582e-02,1.58827e-02
9.41689e-13,3.80940e-02,1.08206e-02,1.58575e-02
6.25933e-13,3.79603e-02,1.06858e-02,1.58074e-02
2.92564e-13,3.78528e-02,1.05537e-02,1.57328e-02
1.35639e-13,3.77695e-02,1.05474e-02,1.56344e-02
3.88162e-13,3.77078e-02,1.17863e-02,1.55133e-02
6.17432e-13,3.76642e-02,1.16136e-02,1.53708e-02
7.69384e-13,3.76352e-02,1.14455e-02,1.52087e-02
8.35989e-13,3.76190e-02,1.12817e-02,1.50293e-02
8.17618e-13,3.76113e-02,1.10507e-02,1.48349e-02
7.23439e-13,3.76071e-02,1.08943e-02,1.46282e-02
5.70422e-13,3.76018e-02,1.07420e-02,1.44121e-02
3.79237e-13,3.75910e-02,1.05934e-02,1.41899e-02
1.74798e-13,3.73408e-02,1.04486e-02,1.39646e-02
7.62163e-14,3.73167e-02,1.03072e-02,1.37397e-02
2.33076e-13,3.73316e-02,1.01698e-02,1.35186e-02
3.72664e-13,3.73215e-02,1.47287e-02,1.33045e-02
4.65542e-13,3.72857e-02,1.46816e-02,1.31006e-02
5.06339e-13,3.71126e-02,1.46140e-02,1.29101e-02
4.95422e-13,3.70192e-02,1.44518e-02,1.27355e-02
4.38505e-13,3.68850e-02,1.42062e-02,1.25794e-02
3.45652e-13,3.65909e-02,1.39574e-02,1.24438e-02
2.29454e-13,3.64253e-02,1.37159e-02,1.23303e-02
1.05729e-13,3.62567e-02,1.34815e-02,1.22399e-02
4.36694e-14,3.58639e-02,1.32539e-02,1.21733e-02
1.40180e-13,3.56166e-02,1.30310e-02,1.21304e-02
2.24915e-13,3.51993e-02,1.28127e-02,1.21108e-02
2.81597e-13,3.49519e-02,1.26032e-02,1.21136e-02
3.06306e-13,3.42974e-02,1.23994e-02,1.21374e-02
2.99828e-13,3.40522e-02,1.22012e-02,1.21805e-02
2.65430e-13,3.38790e-02,1.20083e-02,1.22411e-02
2.09816e-13,3.37483e-02,1.18506e-02,1.23167e-02
1.40098e-13,3.36621e-02,1.19203e-02,1.24052e-02
6.42094e-14,3.36200e-02,1.17311e-02,1.25040e-02
2.62307e-14,3.36079e-02,1.15470e-02,1.26106e-02
8.45445e-14,3.34643e-02,1.13678e-02,1.27226e-02
1.36004e-13,3.34203e-02,1.11932e-02,1.28375e-02
1.70207e-13,3.34950e-02,1.10232e-02,1.29528e-02
1.85421e-13,3.35898e-02,1.08575e-02,1.30664e-02
1.81576e-13,3.36931e-02,1.06959e-02,1.31760e-02
1.61127e-13,3.37930e-02,1.05385e-02,1.32796e-02
1.27558e-13,3.38773e-02,1.03849e-02,1.33752e-02
8.51065e-14,3.39349e-02,1.02350e-02,1.34610e-02
3.95913e-14,3.39556e-02,1.00888e-02,1.35353e-02
1.65775e-14,3.39307e-02,9.94604e-03,1.35968e-02
5.09935e-14,3.38538e-02,9.80666e-03,1.36441e-02
8.24272e-14,3.37201e-02,9.67053e-03,1.36761e-02
1.03245e-13,3.32423e-02,9.90598e-03,1.36919e-02
1.12402e-13,3.27404e-02,1.04948e-02,1.36908e-02
1.10084e-13,3.24291e-02,1.03345e-02,1.36723e-02
9.77335e-14,3.20796e-02,1.01785e-02,1.36363e-02
7.73675e-14,3.16990e-02,1.00267e-02,1.35826e-02
5.19798e-14,3.12811e-02,9.87873e-03,1.35125e-02
2.50211e-14,3.07813e-02,9.73461e-03,1.34275e-02
1.19656e-14,3.03633e-02,9.59415e-03,1.33283e-02
3.12826e-14,2.98812e-02,9.45722e-03,1.32161e-02
5.01398e-14,2.94701e-02,9.32369e-03,1.30920e-02
6.24099e-14,2.91247e-02,9.19343e-03,1.29574e-02
6.82423e-14,2.88300e-02,9.06632e-03,1.28138e-02
6.68383e-14,2.85944e-02,8.94226e-03,1.26631e-02
5.95027e-14,2.84230e-02,8.82113e-03,1.25071e-02
4.73370e-14,2.83183e-02,8.70283e-03,1.23480e-02
3.20455e-14,2.82363e-02,8.58726e-03,1.21879e-02
1.63195e-14,2.80904e-02,8.47432e-03,1.20292e-02
9.07164e-15,2.81418e-02,8.36393e-03,1.18743e-02
1.99161e-14,2.82438e-02,8.25599e-03,1.16859e-02
3.05592e-14,2.82361e-02,8.15044e-03,1.15555e-02
3.80810e-14,2.83601e-02,8.04717e-03,1.14357e-02
4.16319e-14,2.85464e-02,7.94613e-03,1.13268e-02
4.06567e-14,2.87492e-02,7.84723e-03,1.12305e-02
3.61679e-14,2.89591e-02,7.75041e-03,1.11485e-02
2.90912e-14,2.91669e-02,7.65560e-03,1.10817e-02
1.98743e-14,2.93646e-02,7.56274e-03,1.10309e-02
1.13471e-14,2.95449e-02,7.47176e-03,1.09968e-02
7.67678e-15,2.97022e-02,7.34426e-03,1.09803e-02
1.30595e-14,2.98317e-02,7.36483e-03,1.09809e-02
1.93671e-14,2.99305e-02,7.78768e-03,1.09974e-02
2.35156e-14,2.99980e-02,7.68298e-03,1.10283e-02
2.56818e-14,3.00326e-02,7.58061e-03,1.10719e-02
2.51056e-14,3.00330e-02,7.48049e-03,1.11262e-02
2.22765e-14,2.99988e-02,7.38255e-03,1.11888e-02
1.80527e-14,2.99300e-02,7.28671e-03,1.12574e-02
1.26621e-14,2.98271e-02,7.19292e-03,1.13297e-02
8.15288e-15,2.96912e-02,7.10109e-03,1.14034e-02
6.54080e-15,2.95238e-02,7.10096e-03,1.14762e-02
9.13790e-15,2.93265e-02,9.51731e-03,1.15461e-02
1.26723e-14,2.91016e-02,9.36088e-03,1.16111e-02
1.47416e-14,2.88514e-02,9.20876e-03,1.16697e-02
1.60782e-14,2.85042e-02,9.15735e-03,1.17205e-02
1.54209e-14,2.82004e-02,9.17475e-03,1.17622e-02
1.38099e-14,2.78830e-02,9.02661e-03,1.17940e-02
1.15236e-14,2.75550e-02,8.88247e-03,1.18153e-02
8.62545e-15,2.72050e-02,8.74220e-03,1.18256e-02
6.70049e-15,2.66317e-02,8.60563e-03,1.18249e-02
6.08353e-15,2.62560e-02,8.47264e-03,1.18132e-02
7.10543e-15,2.58970e-02,8.33260e-03,1.17908e-02
8.82147e-15,2.55567e-02,8.19729e-03,1.17582e-02
9.73769e-15,2.52412e-02,8.36732e-03,1.17161e-02
1.05938e-14,2.49477e-02,9.15414e-03,1.16653e-02
9.94061e-15,2.46996e-02,9.08894e-03,1.16066e-02
9.63990e-15,2.44929e-02,8.93068e-03,1.15412e-02
8.19222e-15,2.43308e-02,8.77665e-03,1.14700e-02
6.91248e-15,2.42150e-02,8.62671e-03,1.13522e-02
5.91269e-15,2.41456e-02,8.48072e-03,1.12254e-02
5.74941e-15,2.41214e-02,8.50243e-03,1.11530e-02
6.06670e-15,2.41395e-02,8.38982e-03,1.10795e-02
7.05550e-15,2.41958e-02,8.24575e-03,1.10058e-02
7.49177e-15,2.42849e-02,8.10549e-03,1.09324e-02
7.88219e-15,2.43033e-02,7.96891e-03,1.08602e-02
7.44510e-15,2.43324e-02,7.83587e-03,1.07897e-02
7.00115e-15,2.44761e-02,7.69439e-03,1.07214e-02
6.31041e-15,2.46320e-02,7.55844e-03,1.06557e-02
5.84049e-15,2.47939e-02,7.43445e-03,1.05931e-02
5.53064e-15,2.49550e-02,7.31357e-03,1.05338e-02
5.60910e-15,2.51098e-02,7.19572e-03,1.04780e-02
5.56165e-15,2.52527e-02,7.08079e-03,1.04258e-02
5.71859e-15,2.53785e-02,7.14974e-03,1.03772e-02
6.10751e-15,2.54827e-02,9.26230e-03,1.03321e-02
6.21049e-15,2.55616e-02,9.09723e-03,1.02905e-02
5.92985e-15,2.56118e-02,8.93721e-03,1.02521e-02
5.89738e-15,2.56311e-02,8.78205e-03,1.02166e-02
5.51764e-15,2.56001e-02,8.63155e-03,1.01838e-02
5.71303e-15,2.55603e-02,8.48551e-03,1.01533e-02
5.57266e-15,2.54957e-02,8.34376e-03,1.01250e-02
5.28325e-15,2.53942e-02,8.20613e-03,1.00985e-02
5.28313e-15,2.52580e-02,8.07246e-03,1.00736e-02
5.55816e-15,2.50931e-02,7.94259e-03,1.00501e-02
5.55913e-15,2.49021e-02,7.93344e-03,1.00279e-02
5.85608e-15,2.46889e-02,7.85988e-03,1.00069e-02
5.51446e-15,2.44574e-02,7.73188e-03,9.98726e-03
5.19524e-15,2.42116e-02,7.60749e-03,9.96900e-03
5.31925e-15,2.39553e-02,7.48655e-03,9.95233e-03
5.27420e-15,2.36932e-02,7.36894e-03,9.93752e-03
5.36353e-15,2.34298e-02,7.25454e-03,9.92488e-03
5.34900e-15,2.31702e-02,7.14322e-03,9.91474e-03
5.22305e-15,2.29194e-02,7.03488e-03,9.90747e-03
5.25616e-15,2.26825e-02,6.92940e-03,9.90341e-03
5.30349e-15,2.24648e-02,6.82669e-03,9.90292e-03
5.24577e-15,2.22727e-02,6.72663e-03,9.90670e-03
5.40993e-15,2.21100e-02,6.62915e-03,9.91506e-03
5.44401e-15,2.19799e-02,6.53414e-03,9.92807e-03
5.40673e-15,2.18836e-02,6.44152e-03,9.94566e-03
5.08774e-15,2.18210e-02,6.35121e-03,9.96754e-03
5.06570e-15,2.17908e-02,6.55250e-03,9.99324e-03
5.09653e-15,2.17906e-02,6.65172e-03,1.00221e-02
4.89173e-15,2.18169e-02,6.55686e-03,1.00533e-02
4.98210e-15,2.18483e-02,6.46431e-03,1.00857e-02
5.04378e-15,2.19035e-02,6.37399e-03,1.01182e-02
5.24946e-15,2.19716e-02,6.28582e-03,1.01496e-02
5.42028e-15,2.20447e-02,6.19718e-03,1.01783e-02
5.34721e-15,2.21175e-02,6.10831e-03,1.02030e-02
5.04047e-15,2.21850e-02,6.02648e-03,1.02223e-02
5.02224e-15,2.22425e-02,5.94656e-03,1.02347e-02
5.12203e-15,2.22858e-02,5.86847e-03,1.02390e-02
5.42725e-15,2.23112e-02,5.79216e-03,1.02339e-02
5.34182e-15,2.23109e-02,5.71757e-03,1.02183e-02
5.32808e-15,2.22473e-02,5.64465e-03,1.01916e-02
5.23092e-15,2.22128e-02,5.57334e-03,1.01529e-02
4.96617e-15,2.21577e-02,5.50360e-03,1.01018e-02
5.20432e-15,2.20813e-02,5.43537e-03,1.00383e-02
5.27809e-15,2.19810e-02,5.36861e-03,9.96237e-03
5.18234e-15,2.18627e-02,6.05086e-03,9.87451e-03
5.06023e-15,2.16845e-02,6.45590e-03,9.77543e-03
5.07670e-15,2.13660e-02,6.36125e-03,9.66616e-03
5.06045e-15,2.10077e-02,6.26917e-03,9.54802e-03
5.04045e-15,2.08151e-02,6.17954e-03,9.42264e-03
5.18196e-15,2.06190e-02,6.05823e-03,9.29194e-03
5.18954e-15,2.04243e-02,5.96621e-03,9.15808e-03
5.35762e-15,2.02360e-02,5.88269e-03,9.02346e-03
5.14927e-15,2.00369e-02,5.80132e-03,8.89063e-03
5.19103e-15,1.97887e-02,5.72203e-03,8.76230e-03
5.11023e-15,1.96473e-02,5.85407e-03,8.64120e-03
5.14973e-15,1.95327e-02,6.93766e-03,8.53003e-03
5.10420e-15,1.93901e-02,7.10353e-03,8.43137e-03
5.19468e-15,1.91738e-02,6.98746e-03,8.34755e-03
5.14950e-15,1.91432e-02,6.88844e-03,8.28058e-03
5.26061e-15,1.91546e-02,6.78411e-03,8.23204e-03
5.18628e-15,1.92038e-02,6.67706e-03,8.20297e-03
5.22005e-15,1.92882e-02,6.65327e-03,8.19387e-03
5.18938e-15,1.94038e-02,9.22024e-03,8.20463e-03
5.45886e-15,1.95450e-02,9.06317e-03,8.23454e-03
5.29197e-15,1.97054e-02,9.19311e-03,8.28234e-03
5.04362e-15,1.98777e-02,9.01706e-03,8.34628e-03
4.99406e-15,2.00542e-02,8.84729e-03,8.42420e-03
5.08313e-15,2.02271e-02,8.68351e-03,8.51363e-03
5.18157e-15,2.03887e-02,8.52547e-03,8.61193e-03
5.11319e-15,2.05316e-02,8.37291e-03,8.71631e-03
5.23283e-15,2.06489e-02,8.22559e-03,8.82399e-03
5.19634e-15,2.07347e-02,8.08328e-03,8.93224e-03
5.05585e-15,2.07838e-02,7.94577e-03,9.03847e-03
5.22633e-15,2.07918e-02,7.81285e-03,9.14022e-03
5.39026e-15,2.07556e-02,7.75884e-03,9.23528e-03
5.42285e-15,2.06732e-02,7.75970e-03,9.32165e-03
5.26781e-15,2.05145e-02,7.63620e-03,9.39758e-03
5.37470e-15,2.01540e-02,7.51659e-03,9.46158e-03
5.30689e-15,1.99104e-02,7.40071e-03,9.51241e-03
5.33585e-15,1.96418e-02,7.28839e-03,9.54911e-03
5.29626e-15,1.93399e-02,7.17948e-03,9.57096e-03
5.23387e-15,1.90102e-02,7.07102e-03,9.57749e-03
5.40995e-15,1.86589e-02,6.96707e-03,9.56849e-03
5.15158e-15,1.82932e-02,6.86741e-03,9.54397e-03
5.01836e-15,1.79210e-02,6.77064e-03,9.50416e-03
5.11276e-15,1.75507e-02,6.67664e-03,9.44952e-03
4.99796e-15,1.71912e-02,6.58529e-03,9.38069e-03
5.07259e-15,1.68514e-02,6.52809e-03,9.23564e-03
5.25296e-15,1.65404e-02,6.83374e-03,9.14370e-03
5.20794e-15,1.62663e-02,6.73801e-03,9.04121e-03
5.04716e-15,1.60238e-02,6.64488e-03,8.92893e-03
5.04916e-15,1.58522e-02,6.55426e-03,8.80847e-03
4.98024e-15,1.57343e-02,6.46603e-03,8.68162e-03
5.19892e-15,1.56733e-02,6.38012e-03,8.55023e-03
5.20849e-15,1.56747e-02,6.29644e-03,8.41629e-03
5.02730e-15,1.57381e-02,7.05358e-03,8.28182e-03
5.04832e-15,1.57656e-02,7.18763e-03,8.14888e-03
4.93174e-15,1.58270e-02,7.08055e-03,8.01951e-03
5.00621e-15,1.60368e-02,6.97631e-03,7.89569e-03
5.18734e-15,1.62810e-02,6.87481e-03,7.77930e-03
4.87505e-15,1.65491e-02,6.77594e-03,7.67208e-03
4.99954e-15,1.68305e-02,6.67962e-03,7.57556e-03
5.02401e-15,1.71149e-02,6.58573e-03,7.49103e-03
5.08530e-15,1.73935e-02,6.49618e-03,7.41951e-03
5.30139e-15,1.76595e-02,6.48745e-03,7.36169e-03
5.30232e-15,1.79054e-02,6.56528e-03,7.31795e-03
5.22582e-15,1.81252e-02,6.47250e-03,7.28835e-03
5.19166e-15,1.83125e-02,6.38206e-03,7.27260e-03
5.42089e-15,1.84625e-02,6.29387e-03,7.27014e-03
5.12614e-15,1.85715e-02,6.20784e-03,7.28014e-03
5.35676e-15,1.86372e-02,6.12392e-03,7.30155e-03
5.35186e-15,1.86581e-02,6.04201e-03,7.33314e-03
5.05082e-15,1.86337e-02,5.96206e-03,7.37361e-03
4.98549e-15,1.85644e-02,5.88399e-03,7.42154e-03
5.30728e-15,1.84520e-02,5.80774e-03,7.47552e-03
5.27378e-15,1.82989e-02,5.73325e-03,7.53416e-03
5.35603e-15,1.81086e-02,5.66046e-03,7.59613e-03
5.27353e-15,1.78853e-02,5.58931e-03,7.66014e-03
5.24934e-15,1.76338e-02,5.51976e-03,7.72505e-03
5.15087e-15,1.73596e-02,5.45174e-03,7.78978e-03
5.17698e-15,1.70693e-02,5.38522e-03,7.85338e-03
5.19293e-15,1.67692e-02,5.32013e-03,7.91501e-03
5.19339e-15,1.64653e-02,5.25644e-03,7.97394e-03
5.17790e-15,1.61636e-02,5.19411e-03,8.02952e-03
5.42831e-15,1.58588e-02,5.13309e-03,8.08120e-03
5.23545e-15,1.55671e-02,5.45750e-03,8.12942e-03
5.43504e-15,1.51696e-02,5.55167e-03,8.17461e-03
5.33225e-15,1.49134e-02,5.47864e-03,8.21645e-03
4.98648e-15,1.43737e-02,5.41132e-03,8.25455e-03
5.04567e-15,1.39949e-02,5.34556e-03,8.28847e-03
5.15466e-15,1.38211e-02,5.27922e-03,8.31770e-03
5.17757e-15,1.36968e-02,5.21527e-03,8.34168e-03
5.28660e-15,1.36228e-02,5.15366e-03,8.35962e-03
5.28074e-15,1.35980e-02,5.09341e-03,8.37092e-03
5.08597e-15,1.35123e-02,5.03446e-03,8.37479e-03
5.10515e-15,1.34807e-02,4.97678e-03,8.37050e-03
4.81905e-15,1.35444e-02,4.92033e-03,8.35733e-03
4.94093e-15,1.36226e-02,4.86505e-03,8.33460e-03
4.96654e-15,1.37656e-02,4.81092e-03,8.30172e-03
5.20238e-15,1.39321e-02,4.75789e-03,8.25818e-03
5.07155e-15,1.41150e-02,4.70593e-03,8.20363e-03
5.21264e-15,1.42946e-02,4.65500e-03,8.13784e-03
5.14080e-15,1.43530e-02,4.60508e-03,8.06077e-03
5.19387e-15,1.45461e-02,4.59430e-03,7.97254e-03
5.14712e-15,1.47237e-02,5.17376e-03,7.87353e-03
5.08697e-15,1.48955e-02,5.10684e-03,7.76429e-03
5.08972e-15,1.50517e-02,5.04158e-03,7.64564e-03
4.84721e-15,1.51886e-02,4.97793e-03,7.51861e-03
5.01009e-15,1.53033e-02,4.91583e-03,7.38452e-03
5.27494e-15,1.53937e-02,4.87218e-03,7.24490e-03
5.06311e-15,1.54584e-02,5.25440e-03,7.10153e-03
5.04768e-15,1.54966e-02,5.17783e-03,6.95645e-03
4.97293e-15,1.55080e-02,5.10349e-03,6.81189e-03
4.90094e-15,1.54931e-02,5.03128e-03,6.67028e-03
4.82598e-15,1.54015e-02,4.96112e-03,6.53419e-03
4.92704e-15,1.53287e-02,4.89292e-03,6.40629e-03
5.08702e-15,1.52423e-02,4.82660e-03,6.28926e-03
5.22711e-15,1.51373e-02,4.76208e-03,6.18574e-03
5.23665e-15,1.50159e-02,4.70755e-03,6.09816e-03
5.20696e-15,1.48810e-02,4.73582e-03,6.02870e-03
5.15314e-15,1.47352e-02,4.67203e-03,5.97913e-03
5.04885e-15,1.45814e-02,4.60994e-03,5.95074e-03
5.05142e-15,1.44224e-02,4.54947e-03,5.94421e-03
4.91108e-15,1.42608e-02,4.49057e-03,5.95963e-03
5.03733e-15,1.40993e-02,4.43316e-03,5.97255e-03
5.24021e-15,1.39402e-02,4.37719e-03,6.04072e-03
5.27682e-15,1.37856e-02,4.32261e-03,6.12441e-03
5.27439e-15,1.36375e-02,4.26937e-03,6.22130e-03
5.05865e-15,1.34972e-02,4.21740e-03,6.32894e-03
5.15347e-15,1.33659e-02,4.16667e-03,6.44640e-03
5.23237e-15,1.31692e-02,4.11714e-03,6.57240e-03
5.15692e-15,1.30486e-02,4.06874e-03,6.70420e-03
5.10839e-15,1.29457e-02,4.00643e-03,6.83916e-03
4.91976e-15,1.28461e-02,3.95957e-03,6.97469e-03
5.08960e-15,1.27609e-02,3.91378e-03,7.10837e-03
5.28340e-15,1.26935e-02,3.86899e-03,7.23792e-03
5.14975e-15,1.26387e-02,4.08051e-03,7.36126e-03
5.25844e-15,1.25957e-02,4.20350e-03,7.47645e-03
5.10183e-15,1.25641e-02,4.15304e-03,7.58177e-03
5.16646e-15,1.25422e-02,4.10383e-03,7.67566e-03
5.35385e-15,1.25277e-02,4.05581e-03,7.75674e-03
5.24951e-15,1.25185e-02,4.01068e-03,7.82380e-03
5.09805e-15,1.25125e-02,4.18696e-03,7.87582e-03
4.93651e-15,1.25083e-02,4.13471e-03,7.85562e-03
5.18126e-15,1.25043e-02,4.08379e-03,7.86968e-03
5.13411e-15,1.24997e-02,4.03416e-03,7.88081e-03
5.23119e-15,1.24940e-02,4.23943e-03,7.87342e-03
5.17234e-15,1.24871e-02,4.45583e-03,7.84726e-03
5.22726e-15,1.24799e-02,4.39501e-03,7.80230e-03
4.83596e-15,1.24730e-02,4.33594e-03,7.73871e-03
4.96925e-15,1.24681e-02,4.34961e-03,7.65688e-03
5.15903e-15,1.24659e-02,4.34904e-03,7.55740e-03
4.91721e-15,1.24480e-02,4.29191e-03,7.44108e-03
4.81560e-15,1.24514e-02,4.23639e-03,7.30896e-03
5.15858e-15,1.24584e-02,4.18240e-03,7.16228e-03
4.91791e-15,1.24691e-02,4.12988e-03,7.00252e-03
5.14554e-15,1.24836e-02,4.07875e-03,6.83140e-03
5.16437e-15,1.24974e-02,4.02896e-03,6.65089e-03
5.03751e-15,1.25102e-02,3.98045e-03,6.46321e-03
5.15291e-15,1.25333e-02,3.93318e-03,6.27085e-03
5.60497e-15,1.25569e-02,3.92345e-03,6.07659e-03
5.34758e-15,1.25794e-02,4.25623e-03,5.88347e-03
5.17510e-15,1.25993e-02,4.20308e-03,5.69478e-03
5.36593e-15,1.26152e-02,4.15123e-03,5.51406e-03
5.06524e-15,1.26264e-02,4.10064e-03,5.34501e-03
5.04648e-15,1.26326e-02,4.05126e-03,5.19142e-03
4.96146e-15,1.26330e-02,4.00304e-03,5.05702e-03
5.19760e-15,1.26267e-02,3.95593e-03,4.94530e-03
5.09108e-15,1.26134e-02,3.90990e-03,4.85931e-03
5.04953e-15,1.25807e-02,3.86491e-03,4.80142e-03
5.06685e-15,1.25305e-02,3.82091e-03,4.77309e-03
5.39277e-15,1.25005e-02,3.77788e-03,4.77478e-03
5.16457e-15,1.24656e-02,3.73466e-03,4.80584e-03
5.45260e-15,1.24240e-02,3.69321e-03,4.86463e-03
5.33361e-15,1.23128e-02,3.65284e-03,4.94869e-03
5.13931e-15,1.22627e-02,3.61331e-03,5.05523e-03
5.08573e-15,1.22084e-02,3.65265e-03,5.18072e-03
5.40340e-15,1.21499e-02,3.84395e-03,5.32137e-03
5.16893e-15,1.20869e-02,3.79835e-03,5.47334e-03
5.16636e-15,1.20195e-02,3.75381e-03,5.63292e-03
4.89163e-15,1.19473e-02,3.71028e-03,5.79657e-03
5.03264e-15,1.18700e-02,3.80500e-03,5.96101e-03
5.05624e-15,1.17877e-02,4.66019e-03,6.12325e-03
5.09375e-15,1.17000e-02,4.87690e-03,6.28062e-03
5.27685e-15,1.16069e-02,5.06961e-03,6.43072e-03
5.28702e-15,1.14995e-02,5.00557e-03,6.57144e-03
4.94501e-15,1.13568e-02,4.92857e-03,6.70096e-03
5.32142e-15,1.12056e-02,4.85396e-03,6.81771e-03
5.13752e-15,1.10527e-02,4.78163e-03,6.92035e-03
5.49907e-15,1.09101e-02,4.73917e-03,7.00779e-03
4.99810e-15,1.07792e-02,7.04926e-03,7.07916e-03
4.91367e-15,1.06626e-02,7.00138e-03,7.13377e-03
4.97489e-15,1.04628e-02,7.15987e-03,7.17116e-03
5.11911e-15,1.03488e-02,7.03565e-03,7.19103e-03
5.03226e-15,1.02518e-02,6.91541e-03,7.19328e-03
5.17181e-15,1.01647e-02,6.79898e-03,7.17798e-03
5.01509e-15,1.00892e-02,6.75076e-03,7.14535e-03
5.01827e-15,1.00263e-02,7.07108e-03,7.09581e-03
4.95046e-15,9.97697e-03,6.94895e-03,7.02990e-03
4.96022e-15,9.94222e-03,6.83067e-03,6.94835e-03
5.16868e-15,9.92244e-03,6.71605e-03,6.85203e-03
5.17081e-15,9.90030e-03,6.62577e-03,6.74196e-03
5.09430e-15,9.89135e-03,7.26408e-03,6.61932e-03
4.91240e-15,9.90795e-03,7.14650e-03,6.48545e-03
5.01762e-15,9.94537e-03,7.03250e-03,6.34182e-03
5.07381e-15,9.99949e-03,6.92191e-03,6.19008e-03
5.08427e-15,1.00683e-02,6.81462e-03,6.03200e-03
5.19245e-15,1.01508e-02,6.71048e-03,5.86956e-03
5.13749e-15,1.01526e-02,6.60937e-03,5.70482e-03
4.95693e-15,1.02338e-02,6.51117e-03,5.54005e-03
5.27948e-15,1.03447e-02,6.47972e-03,5.37761e-03
5.37438e-15,1.04650e-02,6.51156e-03,5.21999e-03
5.31982e-15,1.05903e-02,6.41643e-03,5.06975e-03
5.25445e-15,1.07171e-02,6.32392e-03,4.92948e-03
5.23335e-15,1.08426e-02,6.23391e-03,4.80174e-03
5.32265e-15,1.09638e-02,6.14633e-03,4.68896e-03
4.97308e-15,1.10715e-02,6.05747e-03,4.59334e-03
5.02537e-15,1.11741e-02,5.97426e-03,4.51676e-03
5.23780e-15,1.12662e-02,5.89987e-03,4.46063e-03
5.25294e-15,1.13429e-02,5.96046e-03,4.42581e-03
5.15297e-15,1.14017e-02,5.88229e-03,4.41256e-03
5.22388e-15,1.14404e-02,5.80604e-03,4.42048e-03
5.18822e-15,1.14416e-02,5.73165e-03,4.44861e-03
5.24929e-15,1.14310e-02,5.66197e-03,4.49541e-03
5.25573e-15,1.13972e-02,5.59227e-03,4.55895e-03
5.27871e-15,1.13390e-02,5.52333e-03,4.63698e-03
5.27228e-15,1.12243e-02,5.45598e-03,4.72710e-03
5.16408e-15,1.11089e-02,5.39019e-03,4.82681e-03
5.17448e-15,1.09733e-02,5.32588e-03,4.93367e-03
5.07340e-15,1.08140e-02,5.26302e-03,5.04533e-03
5.10388e-15,1.06320e-02,5.20156e-03,5.15958e-03
5.03151e-15,1.04285e-02,5.14145e-03,5.27439e-03
5.08656e-15,1.02055e-02,5.08264e-03,5.38791e-03
5.01798e-15,9.94870e-03,5.02509e-03,5.49848e-03
5.09095e-15,9.68830e-03,4.96877e-03,5.60464e-03
5.06587e-15,9.42666e-03,4.91362e-03,5.70511e-03
5.31827e-15,9.15837e-03,4.85963e-03,5.79877e-03
5.32710e-15,8.88906e-03,4.80674e-03,5.88466e-03
5.31884e-15,8.62427e-03,4.75493e-03,5.96199e-03
4.98926e-15,8.36945e-03,4.80821e-03,6.03007e-03
5.04511e-15,8.09048e-03,5.24470e-03,6.08835e-03
5.07137e-15,7.79131e-03,5.17706e-03,6.13642e-03
5.12094e-15,7.62200e-03,5.14304e-03,6.17394e-03
5.21619e-15,7.48547e-03,5.86836e-03,6.20070e-03
5.39328e-15,7.38630e-03,5.78316e-03,6.21656e-03
5.25386e-15,7.32793e-03,5.70042e-03,6.22148e-03
5.18637e-15,7.31237e-03,5.62004e-03,6.21550e-03
5.00140e-15,7.34038e-03,5.54193e-03,6.19875e-03
5.25862e-15,7.41074e-03,5.46599e-03,6.17141e-03
5.32197e-15,7.52046e-03,5.39214e-03,6.13377e-03
5.11214e-15,7.66548e-03,5.32029e-03,6.08617e-03
4.99161e-15,7.84102e-03,5.25037e-03,6.02902e-03
5.00854e-15,8.04086e-03,5.18230e-03,5.96281e-03
5.12140e-15,8.25844e-03,5.11634e-03,5.88373e-03
4.97438e-15,8.48847e-03,5.05185e-03,5.80139e-03
5.21805e-15,8.72671e-03,4.98901e-03,5.71293e-03
5.35941e-15,8.96781e-03,4.92775e-03,5.61778e-03
5.30696e-15,9.20697e-03,4.86802e-03,5.51685e-03
5.31201e-15,9.43889e-03,4.80977e-03,5.41107e-03
5.26364e-15,9.65863e-03,4.75294e-03,5.30148e-03
5.10941e-15,9.86176e-03,4.69747e-03,5.18920e-03
5.11198e-15,1.00444e-02,4.64332e-03,5.07549e-03
4.97737e-15,1.02031e-02,4.61984e-03,4.96173e-03
5.00879e-15,1.03351e-02,4.68595e-03,4.84927e-03
5.35252e-15,1.03590e-02,4.62979e-03,4.73948e-03
5.24487e-15,1.03745e-02,4.57508e-03,4.63383e-03
5.00357e-15,1.04129e-02,4.52176e-03,4.53377e-03
4.97952e-15,1.04201e-02,4.46977e-03,4.44078e-03
5.08467e-15,1.03644e-02,4.41906e-03,4.35630e-03
5.10567e-15,1.02778e-02,4.36959e-03,4.28172e-03
5.22278e-15,1.01875e-02,4.32130e-03,4.21827e-03
5.34247e-15,1.00693e-02,4.27416e-03,4.16704e-03
4.90258e-15,9.92506e-03,4.22813e-03,4.12891e-03
5.13159e-15,9.75668e-03,4.18316e-03,4.10445e-03
5.08072e-15,9.56651e-03,4.13921e-03,4.09398e-03
5.09176e-15,9.35717e-03,4.09626e-03,4.09748e-03
4.95246e-15,9.13052e-03,4.05425e-03,4.11461e-03
5.13489e-15,8.89232e-03,4.01317e-03,4.14472e-03
4.94618e-15,8.64609e-03,3.97298e-03,4.18690e-03
4.77348e-15,8.39549e-03,3.93365e-03,4.24001e-03
5.16327e-15,8.14443e-03,3.89515e-03,4.30274e-03
4.91768e-15,7.89696e-03,3.85744e-03,4.37363e-03
4.98930e-15,7.58199e-03,3.82052e-03,4.45118e-03
5.26419e-15,7.34157e-03,3.78434e-03,4.53382e-03
5.03067e-15,7.11784e-03,3.74889e-03,4.62003e-03
5.10918e-15,6.90370e-03,3.71414e-03,4.70829e-03
5.17889e-15,6.74568e-03,3.68007e-03,4.79718e-03
5.04431e-15,6.61751e-03,3.68938e-03,4.88530e-03
5.07714e-15,6.47135e-03,3.65457e-03,4.97139e-03
5.14872e-15,6.39150e-03,3.71731e-03,5.05426e-03
5.34297e-15,6.35831e-03,3.67906e-03,5.13281e-03
5.16600e-15,6.35437e-03,3.64174e-03,5.20604e-03
5.00365e-15,6.40144e-03,3.60533e-03,5.27307e-03
5.10996e-15,6.44633e-03,3.56979e-03,5.33309e-03
4.97574e-15,6.53483e-03,3.53508e-03,5.38541e-03
5.31595e-15,6.63717e-03,3.50116e-03,5.42943e-03
5.00270e-15,6.77285e-03,3.46801e-03,5.46464e-03
5.07019e-15,6.85837e-03,3.43560e-03,5.49063e-03
5.09362e-15,6.98465e-03,3.40177e-03,5.50708e-03
4.91938e-15,7.12789e-03,3.36180e-03,5.51377e-03
5.13714e-15,7.30624e-03,3.33137e-03,5.51056e-03
4.98056e-15,7.48342e-03,3.30159e-03,5.49741e-03
5.31216e-15,7.65564e-03,3.27243e-03,5.47439e-03
5.06818e-15,7.73419e-03,3.24385e-03,5.44164e-03
4.98197e-15,7.88279e-03,3.21585e-03,5.39939e-03
5.08066e-15,8.02110e-03,3.18840e-03,5.34798e-03
4.96883e-15,8.15391e-03,3.16148e-03,5.28784e-03
5.07325e-15,8.22747e-03,3.13507e-03,5.21949e-03
4.99088e-15,8.29456e-03,3.10915e-03,5.14353e-03
5.00485e-15,8.37265e-03,3.08372e-03,5.06069e-03
5.26892e-15,8.43157e-03,3.05874e-03,4.97177e-03
5.16232e-15,8.47115e-03,3.06551e-03,4.87767e-03
5.08124e-15,8.49150e-03,3.08910e-03,4.77938e-03
5.12127e-15,8.49298e-03,3.06177e-03,4.67798e-03
5.15624e-15,8.47619e-03,3.04631e-03,4.57466e-03
5.15348e-15,8.44223e-03,3.49576e-03,4.47067e-03
5.02419e-15,8.39277e-03,3.59693e-03,4.36734e-03
5.20918e-15,8.32878e-03,3.55508e-03,4.26606e-03
4.94496e-15,8.25115e-03,3.51446e-03,4.16827e-03
4.99178e-15,8.16092e-03,3.47500e-03,4.07543e-03
5.10222e-15,8.05921e-03,3.43666e-03,3.98898e-03
5.07167e-15,7.87822e-03,3.44748e-03,3.91033e-03
5.12707e-15,7.73200e-03,3.55390e-03,3.84078e-03
5.24602e-15,7.60672e-03,3.51387e-03,3.78152e-03
5.19881e-15,7.47715e-03,3.47497e-03,3.73352e-03
5.14701e-15,7.34476e-03,3.43715e-03,3.69753e-03
5.15174e-15,7.21103e-03,3.40036e-03,3.67403e-03
5.29283e-15,7.07660e-03,3.36455e-03,3.66320e-03
5.12871e-15,6.93630e-03,3.32969e-03,3.66490e-03
4.97658e-15,6.80827e-03,3.29573e-03,3.67869e-03
5.12624e-15,6.68581e-03,3.26263e-03,3.70387e-03
5.14405e-15,6.57034e-03,3.23035e-03,3.73948e-03
5.19227e-15,6.46311e-03,3.19886e-03,3.78440e-03
5.24506e-15,6.36523e-03,3.16813e-03,3.83735e-03
4.96423e-15,6.27761e-03,3.13812e-03,3.89700e-03
5.20215e-15,6.20092e-03,3.10881e-03,3.96196e-03
5.27706e-15,6.13563e-03,3.08017e-03,4.03087e-03
5.15679e-15,6.08194e-03,3.05217e-03,4.10239e-03
5.25097e-15,5.98913e-03,3.02478e-03,4.17527e-03
5.05613e-15,5.93897e-03,2.99799e-03,4.24831e-03
4.79337e-15,5.91760e-03,2.97176e-03,4.32043e-03
5.07710e-15,5.90921e-03,2.94608e-03,4.39063e-03
5.16851e-15,5.91365e-03,2.92093e-03,4.45802e-03
4.98629e-15,5.91235e-03,2.89629e-03,4.52181e-03
4.96939e-15,5.93722e-03,2.87214e-03,4.58128e-03
5.20816e-15,5.97299e-03,2.84846e-03,4.63584e-03
5.38656e-15,6.01890e-03,2.82523e-03,4.68496e-03
5.21810e-15,6.07305e-03,2.80245e-03,4.72821e-03
5.31075e-15,6.13647e-03,2.81192e-03,4.76522e-03
5.46149e-15,6.20555e-03,2.84486e-03,4.79570e-03
5.14133e-15,6.27805e-03,2.81924e-03,4.81945e-03
4.96067e-15,6.35178e-03,2.79423e-03,4.83629e-03
4.99077e-15,6.42465e-03,2.76980e-03,4.84612e-03
5.08502e-15,6.49472e-03,2.74592e-03,4.84892e-03
4.99554e-15,6.56031e-03,2.79962e-03,4.84467e-03
5.02842e-15,6.62014e-03,2.95486e-03,4.83343e-03
5.10814e-15,6.67356e-03,2.93001e-03,4.81530e-03
5.05945e-15,6.71980e-03,2.90570e-03,4.79043e-03
4.95873e-15,6.75422e-03,2.88192e-03,4.75898e-03
4.98687e-15,6.78244e-03,2.85864e-03,4.72119e-03
5.09836e-15,6.79383e-03,2.83585e-03,4.67731e-03
5.04629e-15,6.81076e-03,2.81351e-03,4.62764e-03
4.98840e-15,6.82116e-03,2.79162e-03,4.57252e-03
4.93701e-15,6.82496e-03,2.77015e-03,4.51231e-03
4.91420e-15,6.82254e-03,2.75053e-03,4.44744e-03
4.81267e-15,6.81084e-03,3.77574e-03,4.37836e-03
4.89225e-15,6.79909e-03,3.71980e-03,4.30558e-03
4.99993e-15,6.78139e-03,3.66589e-03,4.22964e-03
5.47776e-15,6.75714e-03,3.61388e-03,4.15115e-03
5.23085e-15,6.73308e-03,3.56370e-03,4.07076e-03
5.13396e-15,6.70459e-03,3.51524e-03,3.98918e-03
5.33875e-15,6.67209e-03,3.46843e-03,3.90717e-03
5.10061e-15,6.63580e-03,3.42319e-03,3.82558e-03
5.06611e-15,6.59616e-03,3.37944e-03,3.74527e-03
4.85383e-15,6.55332e-03,3.33711e-03,3.66720e-03
4.99110e-15,6.50721e-03,3.29238e-03,3.59236e-03
5.00565e-15,6.45790e-03,3.25126e-03,3.52177e-03
5.02443e-15,6.40557e-03,3.21255e-03,3.45648e-03
5.07322e-15,6.35013e-03,3.17503e-03,3.39754e-03
5.05625e-15,6.29152e-03,3.13865e-03,3.34597e-03
5.12181e-15,6.21311e-03,3.10335e-03,3.30272e-03
5.32747e-15,6.13707e-03,3.06908e-03,3.26864e-03
5.01283e-15,6.02258e-03,3.03580e-03,3.24445e-03
4.91104e-15,5.95825e-03,4.34230e-03,3.23069e-03
5.06984e-15,5.89204e-03,4.77179e-03,3.22767e-03
5.01160e-15,5.79350e-03,4.68879e-03,3.23548e-03
4.96886e-15,5.62472e-03,4.60870e-03,3.25398e-03
4.95642e-15,5.55010e-03,4.53141e-03,3.28277e-03
5.02671e-15,5.46911e-03,4.45678e-03,3.32124e-03
5.40162e-15,5.39583e-03,4.38471e-03,3.36857e-03
5.28523e-15,5.32660e-03,4.31507e-03,3.42379e-03
5.28106e-15,5.26265e-03,4.24777e-03,3.48580e-03
5.38188e-15,5.10016e-03,4.18270e-03,3.55342e-03
5.11545e-15,5.01910e-03,4.11977e-03,3.62542e-03
5.33252e-15,4.98286e-03,4.05887e-03,3.70053e-03
5.28949e-15,4.95768e-03,3.99993e-03,3.77750e-03
5.25825e-15,4.94353e-03,3.94287e-03,3.85511e-03
5.26114e-15,4.93220e-03,3.88759e-03,3.93217e-03
5.33969e-15,4.91778e-03,3.83403e-03,4.00756e-03
5.13404e-15,4.94460e-03,3.78211e-03,4.08022e-03
5.14369e-15,4.98213e-03,3.73177e-03,4.14913e-03
5.01258e-15,5.02835e-03,3.68293e-03,4.21339e-03
5.05942e-15,5.02960e-03,3.71910e-03,4.27214e-03
5.16806e-15,5.07435e-03,5.30207e-03,4.32460e-03
5.09214e-15,5.14566e-03,5.20729e-03,4.37010e-03
5.28757e-15,5.22073e-03,5.11563e-03,4.40801e-03
5.29189e-15,5.27140e-03,5.02698e-03,4.43781e-03
5.10553e-15,5.34462e-03,4.94121e-03,4.45905e-03
5.18717e-15,5.41146e-03,4.85819e-03,4.47134e-03
5.23475e-15,5.49070e-03,4.77782e-03,4.47442e-03
5.14066e-15,5.56664e-03,4.69999e-03,4.46808e-03
5.24836e-15,5.63836e-03,4.62459e-03,4.45219e-03
5.09076e-15,5.70474e-03,4.55153e-03,4.42674e-03
4.96326e-15,5.76451e-03,4.48071e-03,4.39176e-03
5.13003e-15,5.81645e-03,4.41205e-03,4.34741e-03
5.12819e-15,5.85942e-03,4.34545e-03,4.29392e-03
5.11289e-15,5.89238e-03,4.28084e-03,4.23162e-03
4.92114e-15,5.91483e-03,4.21814e-03,4.16093e-03
5.29416e-15,5.92390e-03,4.15728e-03,4.08239e-03
5.09178e-15,5.91390e-03,4.09817e-03,3.99663e-03
5.26704e-15,5.90289e-03,4.04076e-03,3.90439e-03
5.43783e-15,5.82273e-03,3.98498e-03,3.80653e-03
5.39172e-15,5.77529e-03,3.93077e-03,3.70403e-03
5.37148e-15,5.72624e-03,3.87807e-03,3.59801e-03
5.18939e-15,5.64529e-03,3.82681e-03,3.48971e-03
5.31600e-15,5.56252e-03,5.26039e-03,3.38053e-03
4.97077e-15,5.48500e-03,5.85999e-03,3.27201e-03
4.98104e-15,5.39694e-03,5.77072e-03,3.16582e-03
5.11102e-15,5.27731e-03,5.68433e-03,3.06377e-03
5.31346e-15,5.15266e-03,5.60068e-03,2.96780e-03
5.18543e-15,5.02692e-03,5.51967e-03,2.87989e-03
5.01639e-15,4.87647e-03,5.44118e-03,2.80203e-03
5.30277e-15,4.75424e-03,5.36513e-03,2.73617e-03
5.23934e-15,4.62676e-03,5.29139e-03,2.68402e-03
5.13226e-15,4.50255e-03,5.21989e-03,2.64704e-03
5.16687e-15,4.37848e-03,5.15054e-03,2.62622e-03
5.16152e-15,4.26600e-03,5.08323e-03,2.62207e-03
4.86658e-15,4.16251e-03,5.01790e-03,2.63452e-03
5.15562e-15,4.07125e-03,4.95447e-03,2.66292e-03
5.09308e-15,3.99477e-03,4.89285e-03,2.70613e-03
4.97532e-15,3.93527e-03,4.83299e-03,2.76260e-03
4.91631e-15,3.89162e-03,4.77480e-03,2.83049e-03
4.96287e-15,3.84579e-03,4.71822e-03,2.90781e-03
5.04590e-15,3.85137e-03,4.66319e-03,2.99250e-03
5.20058e-15,3.87710e-03,4.60966e-03,3.08253e-03
5.20674e-15,3.91647e-03,4.55756e-03,3.17597e-03
5.22025e-15,3.93360e-03,4.50683e-03,3.27101e-03
5.13206e-15,4.01127e-03,4.45743e-03,3.36599e-03
5.20363e-15,4.10193e-03,4.40931e-03,3.45939e-03
5.14571e-15,4.20183e-03,4.36241e-03,3.54986e-03
5.14867e-15,4.30718e-03,4.31669e-03,3.63620e-03
5.05511e-15,4.41439e-03,4.27211e-03,3.71734e-03
5.62077e-15,4.52000e-03,4.22862e-03,3.79235e-03
5.72441e-15,4.62113e-03,4.18619e-03,3.86042e-03
5.43805e-15,4.71557e-03,4.14478e-03,3.92087e-03
5.13145e-15,4.80136e-03,4.10770e-03,3.97311e-03
5.29781e-15,4.87678e-03,4.09478e-03,4.01667e-03
4.99508e-15,4.94073e-03,4.05539e-03,4.05116e-03
5.04355e-15,4.99264e-03,4.01693e-03,4.07630e-03
5.02459e-15,5.03183e-03,3.97935e-03,4.09187e-03
5.01283e-15,5.05792e-03,3.94263e-03,4.09778e-03
5.11393e-15,5.07082e-03,3.90674e-03,4.09397e-03
5.13089e-15,5.07064e-03,3.87164e-03,4.08049e-03
5.22829e-15,5.04708e-03,3.83731e-03,4.05747e-03
5.17430e-15,4.95619e-03,3.80372e-03,4.02510e-03
5.23311e-15,4.91744e-03,3.77084e-03,3.98367e-03
5.31537e-15,4.86835e-03,3.73866e-03,3.93351e-03
5.41867e-15,4.81013e-03,3.70713e-03,3.87507e-03
5.15086e-15,4.74409e-03,3.67625e-03,3.80885e-03
5.14185e-15,4.67161e-03,3.64796e-03,3.73544e-03
5.05246e-15,4.59422e-03,3.62124e-03,3.65551e-03
5.21509e-15,4.48879e-03,3.59192e-03,3.56981e-03
5.25861e-15,4.37946e-03,3.56318e-03,3.47918e-03
5.28293e-15,4.27366e-03,3.53499e-03,3.38457e-03
5.00322e-15,4.15683e-03,3.50733e-03,3.28702e-03
4.89459e-15,4.06984e-03,3.48019e-03,3.18765e-03
4.82391e-15,3.98333e-03,3.45355e-03,3.08772e-03
4.98986e-15,3.91696e-03,3.42740e-03,2.98857e-03
5.10084e-15,3.85840e-03,3.40171e-03,2.89166e-03
4.87064e-15,3.80895e-03,3.37647e-03,2.79853e-03
4.90639e-15,3.72212e-03,3.35168e-03,2.71080e-03
5.02594e-15,3.69240e-03,3.32731e-03,2.63012e-03
4.96632e-15,3.67137e-03,3.30335e-03,2.55816e-03
5.05695e-15,3.65257e-03,3.27980e-03,2.49648e-03
4.97784e-15,3.66055e-03,3.26281e-03,2.44651e-03
5.08065e-15,3.68025e-03,3.25809e-03,2.40941e-03
5.26121e-15,3.71027e-03,3.31234e-03,2.38602e-03
5.27972e-15,3.74887e-03,3.35398e-03,2.37676e-03
5.01645e-15,3.79410e-03,3.56624e-03,2.38162e-03
4.99245e-15,3.84388e-03,3.52952e-03,2.40010e-03
5.11598e-15,3.89610e-03,3.49388e-03,2.43132e-03
4.95758e-15,3.94871e-03,3.50336e-03,2.47405e-03
5.11481e-15,3.99977e-03,3.68042e-03,2.52680e-03
5.03145e-15,4.04748e-03,3.63848e-03,2.58794e-03
5.06798e-15,4.09029e-03,3.59784e-03,2.65580e-03
5.31858e-15,4.12695e-03,3.55843e-03,2.72869e-03
5.15064e-15,4.15634e-03,3.52021e-03,2.80498e-03
5.18784e-15,4.17746e-03,3.48311e-03,2.88317e-03
4.87595e-15,4.18925e-03,3.47052e-03,2.96184e-03
5.09687e-15,4.18609e-03,3.64029e-03,3.03972e-03
5.11695e-15,4.16669e-03,3.59853e-03,3.11567e-03
5.39621e-15,4.15199e-03,3.55800e-03,3.18867e-03
5.11896e-15,4.08291e-03,3.51942e-03,3.25781e-03
5.21210e-15,4.03796e-03,3.49608e-03,3.32232e-03
5.13771e-15,3.97293e-03,3.45802e-03,3.38151e-03
5.31655e-15,3.92064e-03,3.42106e-03,3.43480e-03
5.07833e-15,3.86742e-03,3.38515e-03,3.48171e-03
5.04644e-15,3.80847e-03,3.35024e-03,3.52184e-03
5.26037e-15,3.73461e-03,3.31629e-03,3.55488e-03
5.38156e-15,3.66972e-03,3.28326e-03,3.58059e-03
5.28331e-15,3.60548e-03,3.24671e-03,3.59879e-03
5.33240e-15,3.54370e-03,3.21475e-03,3.60941e-03
5.17339e-15,3.44604e-03,3.18403e-03,3.61240e-03
5.15782e-15,3.38782e-03,3.15408e-03,3.60780e-03
5.26040e-15,3.34879e-03,3.12487e-03,3.59573e-03
5.30528e-15,3.30139e-03,3.09637e-03,3.57632e-03
5.07623e-15,3.28106e-03,3.06854e-03,3.54981e-03
5.29772e-15,3.26977e-03,3.04137e-03,3.51648e-03
4.95736e-15,3.26513e-03,3.01483e-03,3.47666e-03
5.00493e-15,3.26387e-03,2.98888e-03,3.43074e-03
5.09991e-15,3.27540e-03,2.96352e-03,3.37917e-03
5.19229e-15,3.29301e-03,2.93870e-03,3.32247e-03
5.06780e-15,3.31555e-03,2.91442e-03,3.26119e-03
5.35191e-15,3.33115e-03,2.89065e-03,3.19596e-03
5.08610e-15,3.33338e-03,2.86737e-03,3.12745e-03
5.19521e-15,3.29932e-03,2.84457e-03,3.05640e-03
5.17580e-15,3.31217e-03,2.82222e-03,2.98360e-03
5.23993e-15,3.35028e-03,2.80032e-03,2.90989e-03
5.11363e-15,3.38184e-03,2.77883e-03,2.83617e-03
4.88890e-15,3.40121e-03,2.75776e-03,2.76337e-03
4.94770e-15,3.43647e-03,2.73709e-03,2.69249e-03
4.87458e-15,3.46947e-03,2.71679e-03,2.62452e-03
5.24665e-15,3.50174e-03,2.69687e-03,2.56049e-03
4.96658e-15,3.53228e-03,2.67730e-03,2.50138e-03
5.08072e-15,3.56082e-03,2.65807e-03,2.44817e-03
4.95900e-15,3.58685e-03,2.63918e-03,2.40175e-03
5.08078e-15,3.60980e-03,2.62061e-03,2.36289e-03
5.02001e-15,3.62969e-03,2.60235e-03,2.33225e-03
5.14671e-15,3.65694e-03,2.58440e-03,2.31027e-03
5.00313e-15,3.69326e-03,2.56673e-03,2.29721e-03
4.96973e-15,3.73565e-03,2.54935e-03,2.29311e-03
5.06269e-15,3.78086e-03,2.53225e-03,2.29776e-03
5.27703e-15,3.82565e-03,2.51541e-03,2.31076e-03
5.03777e-15,3.86718e-03,2.49883e-03,2.33152e-03
5.01754e-15,3.90271e-03,2.48251e-03,2.35929e-03
5.15584e-15,3.92996e-03,2.46642e-03,2.39321e-03
4.93774e-15,3.94718e-03,2.45058e-03,2.43235e-03
4.95543e-15,3.95325e-03,2.43496e-03,2.47573e-03
5.06623e-15,3.94759e-03,2.41957e-03,2.52238e-03
5.07032e-15,3.93025e-03,2.40440e-03,2.57135e-03
5.21237e-15,3.90180e-03,2.38944e-03,2.62172e-03
5.31590e-15,3.86331e-03,2.37468e-03,2.67265e-03
5.09601e-15,3.81632e-03,2.36013e-03,2.72334e-03
4.91335e-15,3.76266e-03,2.34577e-03,2.77306e-03
5.02713e-15,3.70443e-03,2.33160e-03,2.82117e-03
5.56485e-15,3.62892e-03,2.31762e-03,2.86708e-03
5.29494e-15,3.54075e-03,2.30381e-03,2.91027e-03
5.38097e-15,3.48593e-03,2.29019e-03,2.95031e-03
5.21285e-15,3.38201e-03,2.27673e-03,2.98679e-03
5.29747e-15,3.27813e-03,2.26345e-03,3.01939e-03
5.27730e-15,3.24342e-03,2.25033e-03,3.04785e-03
5.09734e-15,3.21746e-03,2.23736e-03,3.07194e-03
5.08779e-15,3.19229e-03,2.22456e-03,3.09148e-03
5.24064e-15,3.18383e-03,2.21191e-03,3.10637e-03
5.16467e-15,3.18409e-03,2.19940e-03,3.11651e-03
5.15681e-15,3.18116e-03,2.18704e-03,3.12187e-03
5.08205e-15,3.18900e-03,2.17483e-03,3.12245e-03
5.06738e-15,3.20562e-03,2.16275e-03,3.11829e-03
5.04212e-15,3.18636e-03,2.15081e-03,3.10947e-03
5.16043e-15,3.17129e-03,2.13907e-03,3.09608e-03
5.28432e-15,3.19895e-03,2.53551e-03,3.07827e-03
5.08793e-15,3.23073e-03,2.51013e-03,3.05622e-03
5.39883e-15,3.26350e-03,2.48552e-03,3.03011e-03
5.31388e-15,3.29654e-03,2.46165e-03,3.00019e-03
5.05525e-15,3.32926e-03,2.43848e-03,2.96671e-03
5.19231e-15,3.36102e-03,2.41597e-03,2.92996e-03
5.24004e-15,3.39123e-03,2.39409e-03,2.89025e-03
5.24867e-15,3.37549e-03,2.37281e-03,2.84791e-03
5.11439e-15,3.40273e-03,2.35210e-03,2.80333e-03
5.17720e-15,3.42776e-03,2.33193e-03,2.75688e-03
5.01043e-15,3.44935e-03,2.31228e-03,2.70898e-03
5.20337e-15,3.44619e-03,2.29312e-03,2.66008e-03
5.13954e-15,3.45961e-03,2.27442e-03,2.61064e-03
5.10292e-15,3.45477e-03,2.25618e-03,2.56114e-03
4.91766e-15,3.44008e-03,2.23836e-03,2.51209e-03
5.19863e-15,3.42599e-03,2.22081e-03,2.46400e-03
5.06747e-15,3.42051e-03,2.19978e-03,2.41742e-03
5.18647e-15,3.38087e-03,2.18302e-03,2.37286e-03
5.12700e-15,3.36234e-03,2.16661e-03,2.33088e-03
5.35729e-15,3.34095e-03,2.15055e-03,2.29199e-03
5.34354e-15,3.31483e-03,2.13481e-03,2.25669e-03
5.12566e-15,3.28443e-03,2.11939e-03,2.22546e-03
5.05977e-15,3.24794e-03,2.10427e-03,2.19873e-03
4.92354e-15,3.19538e-03,2.08944e-03,2.17684e-03
5.15659e-15,3.12911e-03,2.07489e-03,2.16011e-03
5.21119e-15,3.04531e-03,2.06061e-03,2.14873e-03
5.08371e-15,3.00628e-03,2.05308e-03,2.14282e-03
5.17136e-15,2.95756e-03,2.10956e-03,2.14240e-03
5.06557e-15,2.91216e-03,2.09412e-03,2.14738e-03
5.04336e-15,2.87064e-03,2.07901e-03,2.15760e-03
5.03937e-15,2.83314e-03,2.06421e-03,2.17278e-03
5.17019e-15,2.79857e-03,2.19753e-03,2.19258e-03
5.00029e-15,2.76747e-03,2.21280e-03,2.21657e-03
5.02728e-15,2.74029e-03,2.19413e-03,2.24430e-03
4.90457e-15,2.71732e-03,2.17595e-03,2.27524e-03
5.05312e-15,2.69833e-03,2.15822e-03,2.30886e-03
5.10836e-15,2.68381e-03,2.14092e-03,2.34461e-03
4.99962e-15,2.67298e-03,2.17105e-03,2.38193e-03
5.10131e-15,2.65693e-03,2.23942e-03,2.42026e-03
5.20575e-15,2.65150e-03,2.21820e-03,2.45907e-03
5.38114e-15,2.65053e-03,2.19756e-03,2.49782e-03
5.37536e-15,2.65255e-03,2.17748e-03,2.53602e-03
5.21935e-15,2.65716e-03,2.15793e-03,2.57317e-03
5.11049e-15,2.66318e-03,2.13889e-03,2.60883e-03
5.15821e-15,2.66803e-03,2.12033e-03,2.64256e-03
5.17997e-15,2.67258e-03,2.10222e-03,2.67397e-03
5.02683e-15,2.68192e-03,2.08455e-03,2.70268e-03
5.39823e-15,2.69538e-03,2.07661e-03,2.72836e-03
5.54835e-15,2.70865e-03,2.10990e-03,2.75070e-03
5.12769e-15,2.72133e-03,2.09128e-03,2.76943e-03
5.12336e-15,2.73305e-03,2.07314e-03,2.78428e-03
4.95400e-15,2.74351e-03,2.05546e-03,2.79505e-03
5.16966e-15,2.75245e-03,2.03821e-03,2.80155e-03
5.04267e-15,2.75964e-03,2.02138e-03,2.80364e-03
5.50207e-15,2.76515e-03,2.00494e-03,2.80119e-03
5.19143e-15,2.76869e-03,1.98888e-03,2.79414e-03
4.95504e-15,2.76997e-03,1.97319e-03,2.78242e-03
5.06538e-15,2.76892e-03,1.95784e-03,2.76605e-03
5.37804e-15,2.76577e-03,1.94281e-03,2.74503e-03
5.28503e-15,2.76047e-03,1.92811e-03,2.71946e-03
5.37793e-15,2.75298e-03,1.91371e-03,2.68944e-03
5.25253e-15,2.74332e-03,1.89960e-03,2.65513e-03
5.40250e-15,2.73158e-03,1.88576e-03,2.61673e-03
5.16786e-15,2.71793e-03,1.87220e-03,2.57450e-03
5.05601e-15,2.70258e-03,1.85889e-03,2.52875e-03
4.97867e-15,2.68587e-03,1.84583e-03,2.47982e-03
4.83569e-15,2.66826e-03,1.83300e-03,2.42814e-03
4.75133e-15,2.65015e-03,1.82040e-03,2.37419e-03
4.93734e-15,2.63232e-03,1.80803e-03,2.31850e-03
5.06178e-15,2.61610e-03,1.79586e-03,2.26168e-03
5.29220e-15,2.60196e-03,1.78390e-03,2.20439e-03
5.26312e-15,2.59015e-03,1.77214e-03,2.14738e-03
5.10908e-15,2.58084e-03,1.76057e-03,2.09145e-03
5.27313e-15,2.57403e-03,1.74918e-03,2.03746e-03
5.15982e-15,2.56971e-03,1.73797e-03,1.98630e-03
5.06107e-15,2.56788e-03,1.72693e-03,1.93893e-03
4.98922e-15,2.56811e-03,1.71606e-03,1.89629e-03
4.97336e-15,2.56985e-03,1.70535e-03,1.85929e-03
5.24831e-15,2.57246e-03,1.69479e-03,1.82879e-03
5.19946e-15,2.57530e-03,1.69227e-03,1.80554e-03
5.22286e-15,2.57771e-03,1.69895e-03,1.79012e-03
4.93135e-15,2.57914e-03,1.68799e-03,1.78293e-03
5.01853e-15,2.57885e-03,1.67721e-03,1.78414e-03
4.86791e-15,2.54923e-03,1.66661e-03,1.79368e-03
5.18014e-15,2.54529e-03,1.65862e-03,1.81124e-03
5.11103e-15,2.53925e-03,1.78957e-03,1.83630e-03
5.22666e-15,2.53094e-03,1.77323e-03,1.86815e-03
5.16571e-15,2.52029e-03,1.75737e-03,1.90595e-03
5.06799e-15,2.50731e-03,1.74198e-03,1.94876e-03
5.08202e-15,2.49213e-03,1.97869e-03,1.99559e-03
5.06998e-15,2.47492e-03,2.16588e-03,2.04544e-03
5.19895e-15,2.45595e-03,2.14053e-03,2.09733e-03
5.31972e-15,2.43555e-03,2.11600e-03,2.15029e-03
5.06766e-15,2.40581e-03,2.09224e-03,2.20344e-03
4.83327e-15,2.38285e-03,2.06922e-03,2.25592e-03
4.97420e-15,2.35993e-03,2.04691e-03,2.30696e-03
5.03234e-15,2.33750e-03,2.02526e-03,2.35584e-03
5.02174e-15,2.31296e-03,2.00426e-03,2.40193e-03
5.18189e-15,2.28932e-03,1.98386e-03,2.44463e-03
5.25376e-15,2.25043e-03,2.07003e-03,2.48344e-03
5.05500e-15,2.23352e-03,2.12470e-03,2.51789e-03
4.91033e-15,2.20631e-03,2.09733e-03,2.54759e-03
5.03183e-15,2.19709e-03,2.07086e-03,2.57221e-03
5.19653e-15,2.19444e-03,2.04526e-03,2.59146e-03
5.04655e-15,2.19456e-03,2.02047e-03,2.60512e-03
5.14680e-15,2.19702e-03,1.99647e-03,2.61301e-03
5.04232e-15,2.20139e-03,1.97321e-03,2.61502e-03
5.08749e-15,2.20716e-03,1.95067e-03,2.61107e-03
4.99981e-15,2.19782e-03,1.92880e-03,2.60116e-03
5.31275e-15,2.20015e-03,1.90759e-03,2.58532e-03
4.99077e-15,2.20738e-03,2.03966e-03,2.56364e-03
5.06292e-15,2.20677e-03,2.07035e-03,2.53626e-03
5.14324e-15,2.20028e-03,2.04614e-03,2.50338e-03
5.09871e-15,2.20790e-03,2.02263e-03,2.46525e-03
5.40974e-15,2.21532e-03,1.99979e-03,2.42218e-03
5.25706e-15,2.22235e-03,1.97759e-03,2.37452e-03
5.28760e-15,2.22891e-03,1.95601e-03,2.32271e-03
4.95437e-15,2.23496e-03,1.93501e-03,2.26724e-03
4.92911e-15,2.24046e-03,1.91458e-03,2.20866e-03
5.23823e-15,2.24534e-03,1.89470e-03,2.14759e-03
5.05632e-15,2.24956e-03,1.86660e-03,2.08474e-03
5.03981e-15,2.25307e-03,1.84733e-03,2.02089e-03
5.11996e-15,2.25581e-03,1.82876e-03,1.95688e-03
4.98305e-15,2.23787e-03,1.81066e-03,1.89366e-03
4.99773e-15,2.22062e-03,1.79301e-03,1.83224e-03
5.07269e-15,2.21576e-03,1.77580e-03,1.77369e-03
5.41093e-15,2.21863e-03,1.75901e-03,1.71915e-03
5.14798e-15,2.22130e-03,1.74319e-03,1.66976e-03
5.18092e-15,2.22248e-03,1.88422e-03,1.62665e-03
4.94078e-15,2.22206e-03,1.86759e-03,1.59089e-03
5.07808e-15,2.21993e-03,1.84685e-03,1.56339e-03
5.11180e-15,2.21595e-03,1.81846e-03,1.54488e-03
4.97492e-15,2.20630e-03,1.80162e-03,1.53580e-03
4.93153e-15,2.19022e-03,1.79081e-03,1.53631e-03
5.21446e-15,2.17974e-03,2.28976e-03,1.54621e-03
5.35087e-15,2.16712e-03,2.25944e-03,1.56502e-03
5.36929e-15,2.15246e-03,2.22804e-03,1.59197e-03
5.10177e-15,2.13603e-03,2.19778e-03,1.62610e-03
5.21787e-15,2.11790e-03,2.16859e-03,1.66632e-03
5.47579e-15,2.09817e-03,2.14043e-03,1.71147e-03
5.09904e-15,2.07699e-03,2.11323e-03,1.76035e-03
5.37122e-15,2.05453e-03,2.08695e-03,1.81184e-03
5.39960e-15,2.03104e-03,2.06155e-03,1.86485e-03
5.30377e-15,2.00698e-03,2.03698e-03,1.91837e-03
5.33999e-15,1.95465e-03,2.01319e-03,1.97148e-03
5.22942e-15,1.91151e-03,1.99015e-03,2.02336e-03
5.14446e-15,1.89170e-03,1.96783e-03,2.07327e-03
4.94533e-15,1.87333e-03,1.94618e-03,2.12055e-03
5.08277e-15,1.85679e-03,1.92517e-03,2.16463e-03
5.28875e-15,1.84241e-03,1.90478e-03,2.20500e-03
5.00143e-15,1.83062e-03,1.88498e-03,2.24125e-03
4.93793e-15,1.82163e-03,1.88124e-03,2.27302e-03
4.83335e-15,1.81546e-03,2.05431e-03,2.30000e-03
5.19788e-15,1.81216e-03,2.03136e-03,2.32196e-03
5.28683e-15,1.81198e-03,2.00910e-03,2.33871e-03
5.33994e-15,1.81475e-03,1.98749e-03,2.35014e-03
5.28737e-15,1.82016e-03,1.96651e-03,2.35615e-03
5.20049e-15,1.82710e-03,1.94611e-03,2.35673e-03
5.37130e-15,1.83147e-03,1.92628e-03,2.35190e-03
5.28684e-15,1.84264e-03,1.90698e-03,2.34173e-03
5.10159e-15,1.85462e-03,1.88820e-03,2.32632e-03
5.11142e-15,1.86686e-03,1.86990e-03,2.30585e-03
5.01467e-15,1.87885e-03,1.85207e-03,2.28052e-03
5.16355e-15,1.89009e-03,1.83469e-03,2.25058e-03
5.31674e-15,1.90016e-03,1.81773e-03,2.21633e-03
5.08595e-15,1.90868e-03,1.80117e-03,2.17811e-03
5.12840e-15,1.91536e-03,1.78501e-03,2.13633e-03
5.10189e-15,1.91790e-03,1.76922e-03,2.09141e-03
5.12369e-15,1.91946e-03,1.75379e-03,2.04384e-03
5.02871e-15,1.92044e-03,1.73860e-03,1.99416e-03
4.94930e-15,1.91930e-03,1.72328e-03,1.94295e-03
5.05303e-15,1.91129e-03,1.70881e-03,1.89086e-03
5.15102e-15,1.88127e-03,1.69464e-03,1.83856e-03
5.13359e-15,1.87444e-03,1.68077e-03,1.78678e-03
4.98967e-15,1.86601e-03,1.76202e-03,1.73630e-03
5.16970e-15,1.86313e-03,1.80251e-03,1.68792e-03
5.35432e-15,1.87482e-03,1.78430e-03,1.64246e-03
5.19851e-15,1.90027e-03,1.76658e-03,1.60073e-03
5.03709e-15,1.93784e-03,1.74931e-03,1.56355e-03
5.19264e-15,1.98548e-03,1.73248e-03,1.53163e-03
5.17146e-15,2.04106e-03,1.71607e-03,1.50563e-03
5.30828e-15,2.09981e-03,1.79664e-03,1.48606e-03
5.22492e-15,2.16215e-03,1.79326e-03,1.47328e-03
5.12069e-15,2.22649e-03,1.77413e-03,1.46745e-03
5.11753e-15,2.28898e-03,1.75554e-03,1.46853e-03
5.11016e-15,2.34777e-03,1.73746e-03,1.47630e-03
5.13078e-15,2.40103e-03,1.71987e-03,1.49032e-03
4.86687e-15,2.43992e-03,1.70275e-03,1.51002e-03
5.05918e-15,2.47911e-03,1.68270e-03,1.53472e-03
5.16227e-15,2.49806e-03,1.66604e-03,1.56364e-03
5.10759e-15,2.51281e-03,1.65002e-03,1.59597e-03
5.10140e-15,2.52961e-03,1.63440e-03,1.63090e-03
5.17501e-15,2.53805e-03,1.61915e-03,1.66763e-03
5.04330e-15,2.53835e-03,1.60428e-03,1.70540e-03
5.02436e-15,2.53093e-03,1.58975e-03,1.74349e-03
5.01145e-15,2.48727e-03,1.57556e-03,1.78126e-03
4.90589e-15,2.46390e-03,1.56169e-03,1.81811e-03
5.19519e-15,2.43704e-03,1.58812e-03,1.85350e-03
5.30634e-15,2.40523e-03,1.58908e-03,1.88697e-03
5.08156e-15,2.37016e-03,1.57446e-03,1.91811e-03
4.99641e-15,2.33250e-03,1.56018e-03,1.94655e-03
4.86067e-15,2.28385e-03,1.54622e-03,1.97201e-03
5.08240e-15,2.24288e-03,1.53258e-03,1.99423e-03
5.34488e-15,2.20298e-03,1.51924e-03,2.01300e-03
5.23426e-15,2.16426e-03,1.50618e-03,2.02818e-03
4.88638e-15,2.09324e-03,1.49341e-03,2.03964e-03
5.23137e-15,2.05676e-03,1.48090e-03,2.04733e-03
5.26744e-15,2.02417e-03,1.46865e-03,2.05120e-03
5.22635e-15,1.99504e-03,1.45664e-03,2.05127e-03
4.96756e-15,1.96902e-03,1.44487e-03,2.04758e-03
5.32440e-15,1.88926e-03,1.43333e-03,2.04020e-03
5.69933e-15,1.83047e-03,1.42201e-03,2.02925e-03
5.07624e-15,1.81411e-03,1.41091e-03,2.01488e-03
5.36954e-15,1.80050e-03,1.40000e-03,1.99726e-03
5.01096e-15,1.78886e-03,1.38930e-03,1.97660e-03
5.14058e-15,1.77992e-03,1.37879e-03,1.95314e-03
5.17573e-15,1.75930e-03,1.36846e-03,1.92714e-03
5.04916e-15,1.75337e-03,1.35831e-03,1.89891e-03
5.18215e-15,1.75014e-03,1.34833e-03,1.86878e-03
5.06330e-15,1.74852e-03,1.33852e-03,1.83708e-03
4.90982e-15,1.70527e-03,1.32888e-03,1.80419e-03
5.16276e-15,1.70174e-03,1.31939e-03,1.77052e-03
5.42812e-15,1.70654e-03,1.31005e-03,1.73648e-03
5.18300e-15,1.71392e-03,1.30085e-03,1.70251e-03
5.22525e-15,1.72383e-03,1.29180e-03,1.66906e-03
5.26884e-15,1.73184e-03,1.28289e-03,1.63657e-03
5.18706e-15,1.74700e-03,1.27411e-03,1.60550e-03
5.27802e-15,1.76320e-03,1.26547e-03,1.57630e-03
5.37539e-15,1.77109e-03,1.25695e-03,1.54939e-03
5.38839e-15,1.79236e-03,1.24855e-03,1.52516e-03
5.18266e-15,1.81501e-03,1.24027e-03,1.50396e-03
5.21640e-15,1.83865e-03,1.23211e-03,1.48610e-03
5.31177e-15,1.86281e-03,1.22407e-03,1.47181e-03
5.18177e-15,1.88702e-03,1.21613e-03,1.46124e-03
5.14519e-15,1.89927e-03,1.20830e-03,1.45448e-03
5.29703e-15,1.92345e-03,1.20057e-03,1.45151e-03
5.14813e-15,1.94619e-03,1.19295e-03,1.45224e-03
5.18596e-15,1.96680e-03,1.18543e-03,1.45649e-03
4.96178e-15,1.98473e-03,1.17800e-03,1.46404e-03
5.08513e-15,1.99942e-03,1.17067e-03,1.47457e-03
4.99134e-15,2.01033e-03,1.16343e-03,1.48773e-03
5.28924e-15,2.01507e-03,1.15628e-03,1.50313e-03
5.29422e-15,2.00563e-03,1.14922e-03,1.52039e-03
5.04842e-15,2.00360e-03,1.14224e-03,1.53907e-03
5.04756e-15,1.99671e-03,1.13535e-03,1.55877e-03
5.14724e-15,1.98490e-03,1.12854e-03,1.57908e-03
4.80842e-15,1.96823e-03,1.12181e-03,1.59963e-03
5.05887e-15,1.94688e-03,1.11516e-03,1.62004e-03
5.20403e-15,1.92110e-03,1.10859e-03,1.63999e-03
4.89908e-15,1.89128e-03,1.10209e-03,1.65917e-03
5.30524e-15,1.85780e-03,1.09567e-03,1.67730e-03
5.39755e-15,1.82126e-03,1.08931e-03,1.69414e-03
5.38745e-15,1.78230e-03,1.13086e-03,1.70947e-03
5.07167e-15,1.74166e-03,1.42915e-03,1.72312e-03
5.31025e-15,1.70010e-03,1.41062e-03,1.73493e-03
4.97042e-15,1.65841e-03,1.39276e-03,1.74477e-03
5.13898e-15,1.61742e-03,1.37556e-03,1.75256e-03
5.02365e-15,1.57795e-03,1.35897e-03,1.75823e-03
5.11423e-15,1.53758e-03,1.34296e-03,1.76174e-03
5.19558e-15,1.50079e-03,1.32750e-03,1.76308e-03
5.08486e-15,1.46933e-03,1.31256e-03,1.76225e-03
4.99399e-15,1.44333e-03,1.29812e-03,1.75929e-03
4.95124e-15,1.41776e-03,1.29452e-03,1.75426e-03
5.28875e-15,1.39715e-03,3.90188e-03,1.74724e-03
5.25831e-15,1.38498e-03,3.82882e-03,1.73833e-03
5.17756e-15,1.37834e-03,3.75847e-03,1.72763e-03
5.07857e-15,1.37715e-03,3.69071e-03,1.71529e-03
4.98062e-15,1.38121e-03,3.62542e-03,1.70146e-03
5.08080e-15,1.39005e-03,3.56249e-03,1.68630e-03
5.33264e-15,1.40140e-03,3.50180e-03,1.66999e-03
5.38065e-15,1.41275e-03,3.44326e-03,1.65273e-03
5.42835e-15,1.42596e-03,3.38677e-03,1.63472e-03
5.56958e-15,1.44084e-03,3.33223e-03,1.61617e-03
5.56213e-15,1.46372e-03,3.27955e-03,1.59730e-03
5.45964e-15,1.48733e-03,3.22866e-03,1.57832e-03
5.33641e-15,1.51099e-03,3.17873e-03,1.55947e-03
5.29449e-15,1.53413e-03,3.13098e-03,1.54096e-03
5.21094e-15,1.55623e-03,3.08482e-03,1.52301e-03
5.17808e-15,1.57687e-03,3.04015e-03,1.50582e-03
5.04696e-15,1.59571e-03,2.99689e-03,1.48959e-03
5.19009e-15,1.61249e-03,2.95498e-03,1.47450e-03
5.42460e-15,1.62701e-03,2.91438e-03,1.46071e-03
4.96224e-15,1.63913e-03,2.87501e-03,1.44836e-03
5.01067e-15,1.64883e-03,2.83683e-03,1.43756e-03
5.31364e-15,1.65609e-03,2.79979e-03,1.42840e-03
5.19145e-15,1.66089e-03,2.76384e-03,1.42094e-03
5.07450e-15,1.66322e-03,2.72893e-03,1.41520e-03
5.04421e-15,1.66305e-03,2.69502e-03,1.41117e-03
4.83529e-15,1.66066e-03,2.66206e-03,1.40883e-03
5.31857e-15,1.65607e-03,2.63003e-03,1.40811e-03
5.11495e-15,1.64774e-03,2.59887e-03,1.40892e-03
5.21445e-15,1.63876e-03,2.56856e-03,1.41115e-03
5.05741e-15,1.62832e-03,2.53906e-03,1.41466e-03
4.94580e-15,1.61632e-03,2.51034e-03,1.41931e-03
5.13126e-15,1.59722e-03,2.48237e-03,1.42495e-03
5.26035e-15,1.58205e-03,2.47617e-03,1.43139e-03
5.22517e-15,1.56666e-03,2.47469e-03,1.43848e-03
5.10592e-15,1.55063e-03,2.44813e-03,1.44603e-03
5.02769e-15,1.53341e-03,2.42224e-03,1.45388e-03
5.22913e-15,1.51632e-03,2.41263e-03,1.46186e-03
5.06469e-15,1.50028e-03,2.52841e-03,1.46981e-03
5.01090e-15,1.48462e-03,2.49851e-03,1.47758e-03
5.12325e-15,1.46956e-03,2.46942e-03,1.48503e-03
5.02874e-15,1.44537e-03,2.44112e-03,1.49204e-03
5.20132e-15,1.43086e-03,2.41356e-03,1.49849e-03
5.13409e-15,1.41855e-03,2.38674e-03,1.50429e-03
5.39760e-15,1.40750e-03,2.36060e-03,1.50933e-03
5.04709e-15,1.39771e-03,2.33447e-03,1.51355e-03
5.23637e-15,1.38916e-03,2.30951e-03,1.51690e-03
5.06516e-15,1.37579e-03,2.28531e-03,1.51932e-03
5.26268e-15,1.36007e-03,2.26171e-03,1.52078e-03
5.09971e-15,1.35237e-03,2.23868e-03,1.52126e-03
5.06390e-15,1.34475e-03,2.21621e-03,1.52077e-03
5.03662e-15,1.33984e-03,2.19427e-03,1.51930e-03
5.23605e-15,1.33532e-03,2.17285e-03,1.51687e-03
5.05383e-15,1.33099e-03,2.15193e-03,1.51352e-03
5.13901e-15,1.32668e-03,2.13148e-03,1.50928e-03
5.00388e-15,1.31350e-03,2.11150e-03,1.50420e-03
5.12252e-15,1.30938e-03,2.09196e-03,1.49833e-03
5.13546e-15,1.30277e-03,2.07286e-03,1.49176e-03
5.15794e-15,1.29761e-03,2.05417e-03,1.48454e-03
5.01999e-15,1.29249e-03,2.03588e-03,1.47676e-03
4.96274e-15,1.28688e-03,2.01797e-03,1.46850e-03
5.20483e-15,1.28087e-03,2.00045e-03,1.45985e-03
5.19851e-15,1.27460e-03,1.98328e-03,1.45090e-03
5.18817e-15,1.26824e-03,1.96646e-03,1.44176e-03
5.23272e-15,1.26202e-03,2.28899e-03,1.43250e-03
5.15024e-15,1.25623e-03,5.68459e-03,1.42322e-03
5.04354e-15,1.25120e-03,5.57542e-03,1.41402e-03
5.20134e-15,1.24718e-03,5.47052e-03,1.40498e-03
5.15856e-15,1.24448e-03,5.36971e-03,1.39619e-03
5.07161e-15,1.24327e-03,5.27279e-03,1.38773e-03
5.10697e-15,1.24372e-03,5.17956e-03,1.37967e-03
5.44357e-15,1.24591e-03,5.08987e-03,1.37207e-03
5.15163e-15,1.24994e-03,5.00353e-03,1.36500e-03
5.00410e-15,1.25578e-03,4.92040e-03,1.35849e-03
5.19885e-15,1.26328e-03,4.84031e-03,1.35258e-03
5.21140e-15,1.27221e-03,4.76314e-03,1.34731e-03
5.24491e-15,1.27833e-03,4.68873e-03,1.34268e-03
5.05985e-15,1.28662e-03,4.67373e-03,1.33869e-03
5.32015e-15,1.29767e-03,4.60290e-03,1.33536e-03
5.43687e-15,1.30905e-03,4.53423e-03,1.33265e-03
5.13982e-15,1.32053e-03,4.46793e-03,1.33055e-03
5.30131e-15,1.33186e-03,4.40389e-03,1.32901e-03
5.04522e-15,1.34282e-03,4.34202e-03,1.32800e-03
5.18430e-15,1.35316e-03,4.28220e-03,1.32747e-03
5.15515e-15,1.36249e-03,4.22435e-03,1.32737e-03
5.09995e-15,1.37046e-03,4.16838e-03,1.32762e-03
5.09855e-15,1.37676e-03,4.11420e-03,1.32818e-03
5.04796e-15,1.38114e-03,4.06139e-03,1.32898e-03
4.98099e-15,1.38337e-03,4.01019e-03,1.32995e-03
5.08113e-15,1.38323e-03,3.96095e-03,1.33102e-03
4.99901e-15,1.38060e-03,3.91320e-03,1.33213e-03
5.23264e-15,1.37543e-03,3.86689e-03,1.33323e-03
5.24127e-15,1.36768e-03,3.82104e-03,1.33425e-03
5.24645e-15,1.35738e-03,3.77694e-03,1.33513e-03
4.89055e-15,1.34459e-03,3.73444e-03,1.33583e-03
5.00540e-15,1.32945e-03,3.69313e-03,1.33631e-03
5.16671e-15,1.31212e-03,3.65299e-03,1.33651e-03
5.20624e-15,1.29282e-03,3.61395e-03,1.33642e-03
5.18768e-15,1.27182e-03,3.57598e-03,1.33600e-03
5.25408e-15,1.24939e-03,3.53902e-03,1.33524e-03
5.16774e-15,1.22587e-03,3.50305e-03,1.33411e-03
5.07462e-15,1.20161e-03,3.46801e-03,1.33262e-03
5.33409e-15,1.17696e-03,3.43388e-03,1.33075e-03
5.22916e-15,1.15180e-03,3.42715e-03,1.32853e-03
5.13220e-15,1.12685e-03,3.42409e-03,1.32595e-03
5.24050e-15,1.10274e-03,3.39041e-03,1.32304e-03
5.05116e-15,1.06767e-03,3.35812e-03,1.31983e-03
5.09658e-15,1.04729e-03,3.32600e-03,1.31633e-03
5.16028e-15,1.03035e-03,3.29467e-03,1.31258e-03
5.26074e-15,1.00455e-03,3.26413e-03,1.30862e-03
5.05245e-15,9.75346e-04,3.23433e-03,1.30449e-03
5.16168e-15,9.65869e-04,3.20525e-03,1.30022e-03
5.13125e-15,9.59458e-04,3.17687e-03,1.29587e-03
4.96908e-15,9.56161e-04,3.14914e-03,1.29149e-03
4.84610e-15,9.55840e-04,3.12206e-03,1.28710e-03
4.92770e-15,9.59486e-04,3.09560e-03,1.28277e-03
4.84343e-15,9.66450e-04,3.07076e-03,1.27853e-03
5.05007e-15,9.76542e-04,3.04579e-03,1.27443e-03
5.03532e-15,9.83181e-04,3.02110e-03,1.27050e-03
4.98103e-15,9.93463e-04,2.99695e-03,1.26678e-03
4.99334e-15,1.01211e-03,2.97332e-03,1.26331e-03
4.99551e-15,1.03267e-03,2.95017e-03,1.26010e-03
5.00505e-15,1.05456e-03,2.93231e-03,1.25717e-03
5.10628e-15,1.07715e-03,2.91514e-03,1.25455e-03
5.05279e-15,1.09984e-03,2.89330e-03,1.25223e-03
5.03933e-15,1.11175e-03,2.87189e-03,1.25023e-03
5.35463e-15,1.13341e-03,2.85090e-03,1.24852e-03
5.11456e-15,1.15400e-03,2.83030e-03,1.24710e-03
4.97962e-15,1.17232e-03,2.81008e-03,1.24596e-03
5.08131e-15,1.18773e-03,2.79024e-03,1.24506e-03
5.11564e-15,1.20114e-03,2.77077e-03,1.24437e-03
4.95290e-15,1.21152e-03,2.75164e-03,1.24386e-03
5.02139e-15,1.21875e-03,2.73285e-03,1.24348e-03
5.20710e-15,1.22262e-03,2.71439e-03,1.24320e-03
5.24448e-15,1.22105e-03,2.69625e-03,1.24296e-03
5.23112e-15,1.21848e-03,2.67843e-03,1.24272e-03
5.31135e-15,1.19885e-03,2.66090e-03,1.24242e-03
5.28345e-15,1.19123e-03,2.64366e-03,1.24201e-03
5.04114e-15,1.18116e-03,2.62671e-03,1.24143e-03
4.91079e-15,1.16842e-03,2.61004e-03,1.24065e-03
5.19272e-15,1.15327e-03,2.59363e-03,1.23962e-03
4.99521e-15,1.13601e-03,2.57749e-03,1.23828e-03
4.89624e-15,1.11696e-03,2.56160e-03,1.23660e-03
4.94100e-15,1.09649e-03,2.54595e-03,1.23455e-03
5.07923e-15,1.07499e-03,2.53054e-03,1.23210e-03
4.89089e-15,1.04779e-03,2.51537e-03,1.22922e-03
4.95440e-15,1.02209e-03,2.50043e-03,1.22589e-03
4.96386e-15,1.00005e-03,2.48570e-03,1.22212e-03
4.93234e-15,9.78613e-04,2.47120e-03,1.21789e-03
5.05884e-15,9.58181e-04,2.45690e-03,1.21321e-03
5.21151e-15,9.39121e-04,2.44280e-03,1.20811e-03
5.14985e-15,9.21748e-04,2.42891e-03,1.20261e-03
5.03822e-15,9.06343e-04,2.41521e-03,1.19673e-03
5.08573e-15,8.93179e-04,2.40170e-03,1.19052e-03
5.07454e-15,8.82375e-04,2.38838e-03,1.18404e-03
5.00338e-15,8.73955e-04,2.37523e-03,1.17733e-03
5.13376e-15,8.67863e-04,2.36227e-03,1.17047e-03
5.20514e-15,8.55052e-04,2.34947e-03,1.16353e-03
5.13802e-15,8.54536e-04,2.33684e-03,1.15658e-03
5.26564e-15,8.57520e-04,2.32438e-03,1.14972e-03
5.16328e-15,8.46477e-04,2.31208e-03,1.14302e-03
4.99352e-15,8.22742e-04,2.29993e-03,1.13658e-03
5.07279e-15,8.32749e-04,2.28794e-03,1.13048e-03
5.39087e-15,8.44719e-04,2.27609e-03,1.12482e-03
5.34182e-15,8.57824e-04,2.26440e-03,1.11969e-03
5.35451e-15,8.71593e-04,2.25284e-03,1.11516e-03
5.24398e-15,8.85535e-04,2.24143e-03,1.11131e-03
5.09279e-15,8.99174e-04,2.23015e-03,1.10820e-03
4.90671e-15,9.12065e-04,2.21901e-03,1.10589e-03
5.22252e-15,9.23834e-04,2.25503e-03,1.10441e-03
5.16313e-15,9.34182e-04,2.24768e-03,1.10381e-03
5.18221e-15,9.31956e-04,2.23427e-03,1.10407e-03
5.07936e-15,9.37892e-04,2.22192e-03,1.10521e-03
5.17597e-15,9.44544e-04,2.20978e-03,1.10719e-03
5.01361e-15,9.49209e-04,2.19784e-03,1.10998e-03
4.99952e-15,9.49734e-04,2.18526e-03,1.11353e-03
5.10673e-15,9.50345e-04,2.17203e-03,1.11776e-03
4.99692e-15,9.49559e-04,2.16052e-03,1.12259e-03
5.39722e-15,9.47176e-04,2.14919e-03,1.12792e-03
5.24945e-15,9.43382e-04,2.13802e-03,1.13365e-03
5.29377e-15,9.38389e-04,2.12702e-03,1.13965e-03
5.30112e-15,9.32459e-04,2.11618e-03,1.14581e-03
5.26890e-15,9.25831e-04,2.10550e-03,1.15199e-03
5.21453e-15,9.18727e-04,2.09496e-03,1.15806e-03
4.99098e-15,9.11402e-04,2.08457e-03,1.16390e-03
4.89953e-15,9.04177e-04,2.07431e-03,1.16936e-03
5.16943e-15,8.97232e-04,2.06419e-03,1.17433e-03
5.15540e-15,8.90697e-04,2.05420e-03,1.17868e-03
4.98402e-15,8.84655e-04,2.04434e-03,1.18229e-03
5.15836e-15,8.79861e-04,2.03461e-03,1.18505e-03
5.32699e-15,8.79223e-04,2.02499e-03,1.18688e-03
5.21140e-15,8.82835e-04,2.01549e-03,1.18767e-03
5.22365e-15,8.90273e-04,2.00610e-03,1.18735e-03
4.79032e-15,9.00949e-04,1.99682e-03,1.18586e-03
5.12892e-15,9.14175e-04,1.98765e-03,1.18314e-03
5.05794e-15,9.29211e-04,1.97859e-03,1.17916e-03
5.18210e-15,9.45316e-04,2.00435e-03,1.17390e-03
5.20780e-15,9.61792e-04,2.19499e-03,1.16736e-03
5.14429e-15,9.76113e-04,2.35844e-03,1.15954e-03
5.14191e-15,9.88379e-04,2.33252e-03,1.15047e-03
5.09085e-15,1.00319e-03,2.31013e-03,1.14022e-03
5.12104e-15,1.01452e-03,2.28856e-03,1.12883e-03
4.92312e-15,1.02422e-03,2.40449e-03,1.11639e-03
5.11422e-15,1.01165e-03,2.45084e-03,1.10302e-03
5.03935e-15,1.01835e-03,2.42612e-03,1.08884e-03
5.14395e-15,1.02355e-03,2.40219e-03,1.07398e-03
5.29222e-15,1.02829e-03,2.37900e-03,1.05863e-03
5.00721e-15,1.03084e-03,2.35652e-03,1.04296e-03
5.17560e-15,1.02878e-03,2.33472e-03,1.02717e-03
5.03339e-15,1.02721e-03,2.31356e-03,1.01148e-03
5.07443e-15,1.02424e-03,2.29301e-03,9.96123e-04
5.11515e-15,1.01965e-03,2.27305e-03,9.81347e-04
5.28537e-15,1.01365e-03,2.39123e-03,9.67399e-04
5.26152e-15,1.00066e-03,4.04272e-03,9.54530e-04
5.31765e-15,9.87875e-04,3.97608e-03,9.42988e-04
5.24142e-15,9.77386e-04,3.91211e-03,9.33005e-04
5.20185e-15,9.67795e-04,3.85067e-03,9.24797e-04
5.35839e-15,9.54979e-04,3.79164e-03,9.18550e-04
5.17487e-15,9.43111e-04,3.73489e-03,9.14411e-04
5.43309e-15,9.27034e-04,3.68032e-03,9.12489e-04
5.39081e-15,9.06714e-04,3.62780e-03,9.12840e-04
5.27520e-15,8.95267e-04,3.57725e-03,9.15469e-04
5.18866e-15,8.83640e-04,3.52856e-03,9.20329e-04
5.01734e-15,8.69827e-04,3.48163e-03,9.27319e-04
5.10409e-15,8.56375e-04,3.43640e-03,9.36294e-04
5.35354e-15,8.43908e-04,3.39276e-03,9.47064e-04
5.32278e-15,8.32071e-04,3.37926e-03,9.59406e-04
5.07878e-15,8.06945e-04,3.34744e-03,9.73070e-04
5.23027e-15,7.92894e-04,3.30834e-03,9.87787e-04
5.27712e-15,7.81770e-04,3.27054e-03,1.00327e-03
4.80713e-15,7.72955e-04,3.24091e-03,1.01925e-03
5.18716e-15,7.65436e-04,3.20531e-03,1.03542e-03
5.23103e-15,7.59406e-04,3.17084e-03,1.05151e-03
5.12990e-15,7.55036e-04,3.13747e-03,1.06726e-03
5.23384e-15,7.52176e-04,3.10630e-03,1.08239e-03
5.33262e-15,7.50447e-04,3.20039e-03,1.09668e-03
5.25909e-15,7.51557e-04,3.17951e-03,1.10989e-03
5.24662e-15,7.54509e-04,3.14551e-03,1.12181e-03
5.39522e-15,7.59196e-04,3.11259e-03,1.13226e-03
5.31355e-15,7.65452e-04,3.08071e-03,1.14107e-03
5.27738e-15,7.73060e-04,3.04982e-03,1.14808e-03
5.12506e-15,7.81764e-04,3.01986e-03,1.15316e-03
5.28276e-15,7.91338e-04,2.99079e-03,1.15622e-03
4.96935e-15,7.98488e-04,2.96258e-03,1.15715e-03
5.36402e-15,7.96164e-04,2.93517e-03,1.15590e-03
4.99562e-15,8.07929e-04,2.90793e-03,1.15242e-03
5.11755e-15,8.19373e-04,2.88179e-03,1.14668e-03
5.02649e-15,8.30235e-04,2.85657e-03,1.13869e-03
4.91621e-15,8.40279e-04,2.83202e-03,1.12846e-03
4.83274e-15,8.49302e-04,2.80813e-03,1.11605e-03
5.15126e-15,8.57136e-04,2.78485e-03,1.10152e-03
4.99785e-15,8.63646e-04,2.76216e-03,1.08497e-03
5.12465e-15,8.68732e-04,2.74004e-03,1.06652e-03
5.03777e-15,8.72345e-04,2.71854e-03,1.04631e-03
5.03402e-15,8.74653e-04,2.69778e-03,1.02452e-03
5.00884e-15,8.75710e-04,2.67723e-03,1.00136e-03
5.09074e-15,8.75528e-04,2.65715e-03,9.77066e-04
5.05294e-15,8.74169e-04,2.63753e-03,9.51904e-04
4.87495e-15,8.71696e-04,2.61836e-03,9.26180e-04
5.00620e-15,8.68124e-04,2.59961e-03,9.00235e-04
4.97150e-15,8.63468e-04,2.58127e-03,8.74442e-04
5.01868e-15,8.55760e-04,2.56332e-03,8.49213e-04
4.98035e-15,8.48736e-04,2.54575e-03,8.24988e-04
5.08953e-15,8.40669e-04,2.52855e-03,8.02233e-04
5.01981e-15,8.29168e-04,2.51170e-03,7.81431e-04
5.01135e-15,8.19094e-04,2.49519e-03,7.63064e-04
5.10274e-15,8.08016e-04,2.47901e-03,7.47597e-04
4.82449e-15,7.95981e-04,2.46315e-03,7.35450e-04
5.12188e-15,7.83056e-04,2.44759e-03,7.26976e-04
5.09082e-15,7.69343e-04,2.43232e-03,7.22428e-04
5.05049e-15,7.54952e-04,2.41735e-03,7.21947e-04
4.91265e-15,7.40011e-04,2.40265e-03,7.25542e-04
4.90255e-15,7.24678e-04,2.38616e-03,7.33089e-04
4.88955e-15,7.09145e-04,2.37184e-03,7.44347e-04
4.93787e-15,6.93622e-04,2.35778e-03,7.58971e-04
5.22372e-15,6.78347e-04,2.34397e-03,7.76542e-04
5.02498e-15,6.63589e-04,2.33040e-03,7.96589e-04
5.01559e-15,6.49631e-04,2.31706e-03,8.18620e-04
4.94589e-15,6.36767e-04,2.30394e-03,8.42137e-04
5.07141e-15,6.25296e-04,2.29104e-03,8.66652e-04
5.00493e-15,6.15523e-04,2.27836e-03,8.91702e-04
5.25207e-15,6.07889e-04,2.26588e-03,9.16851e-04
5.19302e-15,6.02697e-04,2.25359e-03,9.41697e-04
5.38916e-15,6.00125e-04,2.24151e-03,9.65872e-04
5.39360e-15,6.00262e-04,2.22961e-03,9.89040e-04
5.29868e-15,6.03101e-04,2.21790e-03,1.01090e-03
5.26909e-15,6.08538e-04,2.20636e-03,1.03118e-03
5.18807e-15,6.16377e-04,2.19500e-03,1.04965e-03
5.33751e-15,6.26363e-04,2.18381e-03,1.06608e-03
5.02357e-15,6.38184e-04,2.17278e-03,1.08031e-03
4.88693e-15,6.45121e-04,2.16192e-03,1.09217e-03
5.04780e-15,6.58443e-04,2.15121e-03,1.10153e-03
4.99491e-15,6.73261e-04,2.14065e-03,1.10828e-03
4.79979e-15,6.88436e-04,2.13025e-03,1.11234e-03
5.12007e-15,7.03593e-04,2.11999e-03,1.11365e-03
5.00814e-15,7.18442e-04,2.10987e-03,1.11217e-03
5.24343e-15,7.32653e-04,2.09989e-03,1.10787e-03
5.13369e-15,7.45933e-04,2.09005e-03,1.10078e-03
5.17284e-15,7.56944e-04,2.08034e-03,1.09090e-03
5.07159e-15,7.67982e-04,2.06775e-03,1.07830e-03
5.10425e-15,7.77519e-04,2.05816e-03,1.06304e-03
4.94113e-15,7.85329e-04,2.04877e-03,1.04523e-03
4.98394e-15,7.91246e-04,2.03951e-03,1.02496e-03
4.97449e-15,7.94568e-04,2.03038e-03,1.00240e-03
5.04415e-15,7.95445e-04,2.02136e-03,9.77708e-04
5.01733e-15,7.93707e-04,2.01246e-03,9.51083e-04
4.99609e-15,7.90994e-04,2.00367e-03,9.22754e-04
4.80571e-15,7.86231e-04,1.99499e-03,8.92981e-04
4.89884e-15,7.64846e-04,1.98643e-03,8.62062e-04
4.86195e-15,7.55564e-04,1.97797e-03,8.30335e-04
5.08933e-15,7.46117e-04,1.96961e-03,7.98184e-04
5.00045e-15,7.34925e-04,1.96136e-03,7.66041e-04
5.09038e-15,7.21727e-04,1.95320e-03,7.34392e-04
5.06707e-15,7.07631e-04,1.94515e-03,7.03781e-04
5.10654e-15,6.92361e-04,1.93719e-03,6.74806e-04
4.96000e-15,6.76176e-04,1.92946e-03,6.48114e-04
4.89043e-15,6.59359e-04,1.93063e-03,6.24385e-04
5.21120e-15,6.42015e-04,1.92238e-03,6.04305e-04
5.23663e-15,6.24489e-04,1.91426e-03,5.88520e-04
5.06527e-15,5.96565e-04,1.90625e-03,5.77585e-04
5.16178e-15,5.79855e-04,1.89836e-03,5.71902e-04
5.04396e-15,5.65133e-04,1.89058e-03,5.71667e-04
5.01139e-15,5.51869e-04,1.88290e-03,5.76848e-04
5.26001e-15,5.40328e-04,1.87533e-03,5.87180e-04
5.09855e-15,5.30728e-04,1.86786e-03,6.02208e-04
5.20145e-15,5.23228e-04,1.86048e-03,6.21333e-04
5.31874e-15,5.17924e-04,1.85283e-03,6.43882e-04
5.21818e-15,5.14843e-04,1.84546e-03,6.69151e-04
5.10940e-15,5.13940e-04,1.83835e-03,6.96454e-04
5.03514e-15,5.15109e-04,1.83133e-03,7.25146e-04
5.05762e-15,5.18189e-04,1.82439e-03,7.54634e-04
5.09896e-15,5.22979e-04,1.81753e-03,7.84387e-04
5.25180e-15,5.29250e-04,1.81076e-03,8.13930e-04
5.19330e-15,5.36779e-04,1.80406e-03,8.42845e-04
5.03996e-15,5.45316e-04,1.79744e-03,8.70762e-04
4.98138e-15,5.50562e-04,1.79089e-03,8.97360e-04
5.04843e-15,5.60511e-04,1.78704e-03,9.22355e-04
5.14145e-15,5.70899e-04,1.85624e-03,9.45501e-04
5.33300e-15,5.80399e-04,1.84705e-03,9.66585e-04
5.12171e-15,5.90631e-04,1.83808e-03,9.85422e-04
4.90563e-15,6.00602e-04,1.82932e-03,1.00185e-03
4.99461e-15,6.09958e-04,1.82075e-03,1.01575e-03
4.97766e-15,6.18517e-04,1.81238e-03,1.02700e-03
5.15169e-15,6.26123e-04,1.80417e-03,1.03552e-03
5.09399e-15,6.32641e-04,1.79614e-03,1.04124e-03
5.08348e-15,6.37953e-04,1.78827e-03,1.04412e-03
5.66464e-15,6.38507e-04,1.78055e-03,1.04413e-03
5.08988e-15,6.41805e-04,1.77297e-03,1.04126e-03
5.01860e-15,6.43876e-04,1.76554e-03,1.03553e-03
5.01867e-15,6.41669e-04,1.75824e-03,1.02696e-03
5.11018e-15,6.41124e-04,1.75106e-03,1.01560e-03
5.68069e-15,6.35056e-04,1.74401e-03,1.00153e-03
5.08433e-15,6.32291e-04,1.73708e-03,9.84814e-04
5.11296e-15,6.28330e-04,1.73025e-03,9.65571e-04
5.23765e-15,6.23179e-04,1.72354e-03,9.43923e-04
5.07133e-15,6.16921e-04,1.71692e-03,9.20017e-04
5.35725e-15,6.09668e-04,1.71041e-03,8.94019e-04
5.23233e-15,6.00797e-04,1.70399e-03,8.66125e-04
5.16862e-15,5.90680e-04,1.69767e-03,8.36553e-04
5.14324e-15,5.80532e-04,1.69143e-03,8.05553e-04
4.98113e-15,5.71067e-04,1.68528e-03,7.73408e-04
4.82452e-15,5.61414e-04,1.67921e-03,7.40443e-04
5.09908e-15,5.51881e-04,1.67323e-03,7.07023e-04
5.32125e-15,5.42751e-04,1.66732e-03,6.73571e-04
5.23849e-15,5.34250e-04,1.66148e-03,6.40567e-04
5.17304e-15,5.26563e-04,1.65572e-03,6.08557e-04
5.40669e-15,5.19843e-04,1.65002e-03,5.78163e-04
5.27762e-15,5.14204e-04,1.64440e-03,5.50077e-04
5.09374e-15,5.09723e-04,1.63884e-03,5.25052e-04
5.11059e-15,5.06427e-04,1.63589e-03,5.03870e-04
5.14204e-15,5.04334e-04,1.66653e-03,4.87296e-04
4.98016e-15,5.03630e-04,1.65996e-03,4.75995e-04
5.10320e-15,5.04029e-04,1.65387e-03,4.70449e-04
4.98198e-15,5.05377e-04,1.64949e-03,4.70877e-04
4.97119e-15,5.07496e-04,1.64320e-03,4.77191e-04
5.03199e-15,5.10189e-04,1.63702e-03,4.89013e-04
4.91640e-15,5.13249e-04,1.63094e-03,5.05737e-04
4.96720e-15,5.16476e-04,1.62600e-03,5.26614e-04
5.08629e-15,5.19678e-04,1.77120e-03,5.50839e-04
5.25020e-15,5.22684e-04,1.75976e-03,5.77623e-04
5.27089e-15,5.25351e-04,1.74866e-03,6.06225e-04
5.01491e-15,5.27555e-04,1.73787e-03,6.35982e-04
5.26249e-15,5.29198e-04,1.72739e-03,6.66307e-04
5.31875e-15,5.30214e-04,1.71719e-03,6.96692e-04
5.48288e-15,5.30568e-04,1.70727e-03,7.26693e-04
5.32791e-15,5.30245e-04,1.69760e-03,7.55930e-04
5.32243e-15,5.31227e-04,1.68819e-03,7.84072e-04
5.25602e-15,5.40077e-04,1.67901e-03,8.10836e-04
5.47246e-15,5.56365e-04,1.67006e-03,8.35974e-04
5.15157e-15,5.77356e-04,1.66132e-03,8.59273e-04
5.10357e-15,6.03209e-04,1.65279e-03,8.80548e-04
5.04942e-15,6.32546e-04,1.64445e-03,8.99642e-04
4.87198e-15,6.60473e-04,1.63630e-03,9.16420e-04
4.97607e-15,6.90919e-04,1.62833e-03,9.30768e-04
5.10711e-15,7.20334e-04,1.62054e-03,9.42594e-04
5.03620e-15,7.47711e-04,1.61290e-03,9.51822e-04
5.28231e-15,7.72434e-04,1.60542e-03,9.58396e-04
5.07034e-15,7.94114e-04,1.59810e-03,9.62274e-04
5.31439e-15,8.10204e-04,1.59092e-03,9.63433e-04
4.98933e-15,8.23922e-04,1.58387e-03,9.61865e-04
5.52938e-15,8.35288e-04,1.57696e-03,9.57576e-04
5.14891e-15,8.43242e-04,1.57018e-03,9.50589e-04
5.12332e-15,8.47960e-04,1.56352e-03,9.40942e-04
5.04458e-15,8.49675e-04,1.55698e-03,9.28688e-04
5.19519e-15,8.48686e-04,1.54848e-03,9.13896e-04
5.26204e-15,8.45337e-04,1.54206e-03,8.96648e-04
5.20006e-15,8.40004e-04,1.53576e-03,8.77046e-04
5.28541e-15,8.33083e-04,1.52957e-03,8.55208e-04
5.14605e-15,8.24970e-04,1.52347e-03,8.31268e-04
5.18233e-15,8.07634e-04,1.51748e-03,8.05381e-04
5.17797e-15,7.88103e-04,1.51157e-03,7.77724e-04
5.32186e-15,7.74567e-04,1.50576e-03,7.48498e-04
5.09407e-15,7.64773e-04,1.50003e-03,7.17929e-04
5.30524e-15,7.54355e-04,1.49439e-03,6.86278e-04
5.23088e-15,7.44925e-04,1.48883e-03,6.53842e-04
5.33067e-15,7.31055e-04,1.48335e-03,6.20963e-04
5.15783e-15,7.20601e-04,1.47794e-03,5.88036e-04
5.10810e-15,7.11331e-04,1.47261e-03,5.55524e-04
5.05309e-15,7.02643e-04,1.46735e-03,5.23961e-04
5.11013e-15,6.79261e-04,1.46216e-03,4.93974e-04
5.09819e-15,6.70985e-04,1.45704e-03,4.66278e-04
5.07767e-15,6.65317e-04,1.45198e-03,4.41677e-04
4.90888e-15,6.56786e-04,1.44699e-03,4.21031e-04
4.91155e-15,6.36056e-04,1.44205e-03,4.05195e-04
5.08003e-15,6.31482e-04,1.43718e-03,3.94920e-04
5.21063e-15,6.26943e-04,1.43236e-03,3.90732e-04
5.21428e-15,6.18906e-04,1.42761e-03,3.92823e-04
5.09545e-15,6.13888e-04,1.42290e-03,4.01006e-04
5.04260e-15,6.09146e-04,1.41825e-03,4.14756e-04
5.15309e-15,6.04482e-04,1.41366e-03,4.33307e-04
5.08449e-15,5.95620e-04,1.40911e-03,4.55784e-04
5.22553e-15,5.85825e-04,1.40461e-03,4.81301e-04
5.10382e-15,5.81346e-04,1.40016e-03,5.09032e-04
5.19980e-15,5.77397e-04,1.39576e-03,5.38239e-04
5.41592e-15,5.69809e-04,1.39141e-03,5.68286e-04
5.03961e-15,5.62179e-04,1.38710e-03,5.98626e-04
4.82348e-15,5.56758e-04,1.38283e-03,6.28796e-04
4.86832e-15,5.55061e-04,1.37860e-03,6.58402e-04
5.01755e-15,5.56649e-04,1.37442e-03,6.87107e-04
5.47741e-15,5.59948e-04,1.37028e-03,7.14622e-04
5.36873e-15,5.64480e-04,1.36617e-03,7.40698e-04
5.13552e-15,5.70052e-04,1.36211e-03,7.65120e-04
5.25900e-15,5.76426e-04,1.35809e-03,7.87703e-04
5.02877e-15,5.83335e-04,1.35410e-03,8.08284e-04
5.08554e-15,5.90500e-04,1.35014e-03,8.26726e-04
5.20562e-15,5.97645e-04,1.34623e-03,8.42909e-04
5.12844e-15,6.04503e-04,1.34235e-03,8.56733e-04
5.03264e-15,6.10711e-04,1.33850e-03,8.68115e-04
5.27414e-15,6.16232e-04,1.33468e-03,8.76986e-04
5.22519e-15,6.20827e-04,1.33090e-03,8.83295e-04
4.94653e-15,6.24357e-04,1.32715e-03,8.87003e-04
5.09227e-15,6.26728e-04,1.32343e-03,8.88087e-04
5.32358e-15,6.27883e-04,1.31975e-03,8.86537e-04
5.20280e-15,6.27802e-04,1.31609e-03,8.82357e-04
5.10482e-15,6.26498e-04,1.31246e-03,8.75564e-04
5.16718e-15,6.24016e-04,1.30886e-03,8.66189e-04
5.09084e-15,6.20430e-04,1.30529e-03,8.54277e-04
5.39777e-15,6.15836e-04,1.30778e-03,8.39885e-04
5.37581e-15,6.10361e-04,1.39655e-03,8.23085e-04
5.11948e-15,6.04136e-04,1.38889e-03,8.03964e-04
5.15670e-15,5.97297e-04,1.38147e-03,7.82624e-04
5.24683e-15,5.89985e-04,1.37429e-03,7.59180e-04
5.13239e-15,5.82346e-04,1.37118e-03,7.33768e-04
5.07158e-15,5.74525e-04,1.46641e-03,7.06542e-04
4.95106e-15,5.66670e-04,1.45608e-03,6.77675e-04
5.04278e-15,5.58924e-04,1.44611e-03,6.47368e-04
5.16135e-15,5.51423e-04,1.43646e-03,6.15847e-04
5.10027e-15,5.44249e-04,1.45702e-03,5.83379e-04
4.99922e-15,5.34324e-04,1.45383e-03,5.50269e-04
5.24971e-15,5.26715e-04,1.44383e-03,5.16879e-04
5.10740e-15,5.21107e-04,1.43417e-03,4.83643e-04
5.18174e-15,5.16263e-04,1.42483e-03,4.51079e-04
4.93347e-15,5.11136e-04,1.41579e-03,4.19818e-04
5.22143e-15,5.08047e-04,1.40703e-03,3.90623e-04
5.11999e-15,5.05957e-04,1.39855e-03,3.64403e-04
5.21400e-15,5.04867e-04,1.39032e-03,3.42200e-04
5.10215e-15,5.04747e-04,1.38234e-03,3.25124e-04
5.04253e-15,5.05540e-04,1.37458e-03,3.14211e-04
5.00484e-15,5.07157e-04,1.36704e-03,3.10210e-04
5.18160e-15,5.09488e-04,1.35971e-03,3.13384e-04
4.96837e-15,5.12399e-04,1.35258e-03,3.23420e-04
5.34549e-15,5.15741e-04,1.34563e-03,3.39523e-04
5.02360e-15,5.19353e-04,1.33886e-03,3.60621e-04
5.12144e-15,5.22529e-04,1.33226e-03,3.85578e-04
5.07592e-15,5.25505e-04,1.32582e-03,4.13334e-04
4.94444e-15,5.28783e-04,1.31953e-03,4.42971e-04
5.18005e-15,5.31705e-04,1.31339e-03,4.73721e-04
5.03028e-15,5.34139e-04,1.30738e-03,5.04956e-04
5.01886e-15,5.35966e-04,1.30151e-03,5.36157e-04
5.08338e-15,5.37087e-04,1.29577e-03,5.66899e-04
5.18143e-15,5.37422e-04,1.28984e-03,5.96827e-04
5.24341e-15,5.36916e-04,1.28429e-03,6.25644e-04
5.14993e-15,5.35535e-04,1.27888e-03,6.53095e-04
5.19784e-15,5.33273e-04,1.27357e-03,6.78964e-04
5.10413e-15,5.30150e-04,1.26836e-03,7.03064e-04
5.20066e-15,5.26211e-04,1.26326e-03,7.25232e-04
5.01354e-15,5.21526e-04,1.25825e-03,7.45331e-04
5.00948e-15,5.16190e-04,1.25332e-03,7.63237e-04
4.91082e-15,5.10320e-04,1.24849e-03,7.78851e-04
5.19368e-15,5.04050e-04,1.24374e-03,7.92083e-04
5.25438e-15,4.97531e-04,1.24020e-03,8.02864e-04
5.32134e-15,4.90927e-04,1.35834e-03,8.11135e-04
5.13578e-15,4.84405e-04,1.34849e-03,8.16854e-04
5.17603e-15,4.78132e-04,1.33897e-03,8.19990e-04
5.08131e-15,4.72269e-04,1.32977e-03,8.20527e-04
5.17149e-15,4.66964e-04,1.32088e-03,8.18461e-04
5.10119e-15,4.62341e-04,1.31226e-03,8.13799e-04
5.21533e-15,4.58503e-04,1.30392e-03,8.06563e-04
5.25211e-15,4.55518e-04,1.29584e-03,7.96786e-04
5.06175e-15,4.53423e-04,1.28799e-03,7.84515e-04
5.17143e-15,4.52219e-04,1.28038e-03,7.69807e-04
