1.77695e+02,0.00000e+00,0.00000e+00,0.00000e+00
1.48735e+02,0.00000e+00,0.00000e+00,0.00000e+00
1.34379e+02,0.00000e+00,0.00000e+00,1.86038e-02
1.26057e+02,0.00000e+00,0.00000e+00,2.44457e-01
1.20323e+02,0.00000e+00,0.00000e+00,9.65100e-01
1.16120e+02,0.00000e+00,0.00000e+00,2.70326e+00
1.12685e+02,0.00000e+00,0.00000e+00,6.04049e+00
1.09532e+02,0.00000e+00,0.00000e+00,1.14615e+01
1.06925e+02,1.83766e-02,0.00000e+00,1.91292e+01
1.04856e+02,1.10730e-01,0.00000e+00,2.89603e+01
1.02932e+02,3.10282e-01,0.00000e+00,4.06251e+01
1.01399e+02,6.35686e-01,0.00000e+00,5.35989e+01
9.99654e+01,1.13958e+00,0.00000e+00,6.72552e+01
9.87843e+01,1.88919e+00,0.00000e+00,8.09052e+01
9.77074e+01,2.93953e+00,0.00000e+00,9.38873e+01
9.66568e+01,4.33621e+00,0.00000e+00,1.05611e+02
9.56276e+01,6.06602e+00,0.00000e+00,1.15577e+02
9.44714e+01,7.92579e+00,0.00000e+00,1.23513e+02
9.33752e+01,1.01616e+01,0.00000e+00,1.29907e+02
9.25886e+01,1.28140e+01,0.00000e+00,1.35598e+02
9.19787e+01,1.58994e+01,0.00000e+00,1.39171e+02
9.14261e+01,1.94538e+01,0.00000e+00,1.38906e+02
9.08982e+01,2.34268e+01,0.00000e+00,1.35634e+02
9.05999e+01,2.77869e+01,0.00000e+00,1.31066e+02
9.02712e+01,3.24765e+01,0.00000e+00,1.27076e+02
8.99281e+01,3.74258e+01,0.00000e+00,1.22971e+02
8.95171e+01,4.25534e+01,0.00000e+00,1.18180e+02
8.90837e+01,4.77907e+01,0.00000e+00,1.12178e+02
8.87192e+01,5.30422e+01,0.00000e+00,1.06485e+02
8.84593e+01,5.82139e+01,0.00000e+00,1.01647e+02
8.83137e+01,6.32168e+01,0.00000e+00,9.76012e+01
8.81363e+01,6.79701e+01,0.00000e+00,9.41451e+01
8.81937e+01,7.24027e+01,0.00000e+00,9.12763e+01
8.81570e+01,7.64498e+01,0.00000e+00,8.90157e+01
8.77504e+01,8.00510e+01,0.00000e+00,8.72197e+01
8.75618e+01,8.31606e+01,0.00000e+00,8.58114e+01
8.75156e+01,8.57434e+01,0.00000e+00,8.38428e+01
8.74766e+01,8.77961e+01,0.00000e+00,8.20682e+01
8.74569e+01,8.94134e+01,0.00000e+00,8.06024e+01
8.74119e+01,9.05428e+01,0.00000e+00,7.94562e+01
8.74124e+01,9.12903e+01,0.00000e+00,7.86410e+01
8.73847e+01,9.16159e+01,0.00000e+00,7.81351e+01
8.72459e+01,9.20807e+01,0.00000e+00,7.81002e+01
8.70505e+01,9.16844e+01,0.00000e+00,7.88721e+01
8.68204e+01,9.02823e+01,0.00000e+00,7.97940e+01
8.66079e+01,8.92747e+01,0.00000e+00,8.08718e+01
8.64247e+01,8.80353e+01,0.00000e+00,8.21112e+01
8.62979e+01,8.67062e+01,0.00000e+00,8.34611e+01
8.62395e+01,8.53087e+01,0.00000e+00,8.48323e+01
8.62367e+01,8.38483e+01,0.00000e+00,8.62147e+01
8.62145e+01,8.22651e+01,0.00000e+00,8.75681e+01
8.61803e+01,8.07523e+01,0.00000e+00,8.88991e+01
8.61194e+01,7.92468e+01,0.00000e+00,9.01762e+01
8.60358e+01,7.77080e+01,0.00000e+00,9.13187e+01
8.59413e+01,7.62114e+01,0.00000e+00,9.23021e+01
8.58518e+01,7.47569e+01,0.00000e+00,9.30945e+01
8.57805e+01,7.34178e+01,0.00000e+00,9.36696e+01
8.57408e+01,7.22776e+01,0.00000e+00,9.40321e+01
8.57306e+01,7.12272e+01,0.00000e+00,9.42222e+01
8.57389e+01,7.02630e+01,0.00000e+00,9.42048e+01
8.57491e+01,6.97300e+01,0.00000e+00,9.40910e+01
8.57624e+01,6.86642e+01,0.00000e+00,9.38416e+01
8.57710e+01,6.80670e+01,0.00000e+00,9.34619e+01
8.57724e+01,6.76258e+01,0.00000e+00,9.30332e+01
8.57575e+01,6.73467e+01,0.00000e+00,9.25653e+01
8.57263e+01,6.71876e+01,0.00000e+00,9.20124e+01
8.56922e+01,6.72241e+01,0.00000e+00,9.15550e+01
8.56587e+01,6.74357e+01,0.00000e+00,9.10552e+01
8.56340e+01,6.77528e+01,0.00000e+00,9.05370e+01
8.56184e+01,6.81764e+01,6.79718e-02,9.00222e+01
8.56086e+01,6.86990e+01,1.81846e-01,8.94932e+01
8.55975e+01,6.93061e+01,2.93470e-01,8.89841e+01
8.55815e+01,6.99972e+01,4.02887e-01,8.85353e+01
8.55604e+01,7.07724e+01,5.10141e-01,8.81230e+01
8.55339e+01,7.15818e+01,6.15276e-01,8.76964e+01
8.54959e+01,7.24084e+01,7.18334e-01,8.72458e+01
8.54602e+01,7.32926e+01,8.20056e-01,8.68151e+01
8.54356e+01,7.41767e+01,9.79605e-01,8.64320e+01
8.54168e+01,7.50561e+01,1.17781e+00,8.60701e+01
8.54012e+01,7.64121e+01,1.37183e+00,8.57591e+01
8.53878e+01,7.78173e+01,1.56175e+00,8.54548e+01
8.53782e+01,7.91255e+01,1.74766e+00,8.51674e+01
8.53719e+01,8.03087e+01,1.92965e+00,8.49099e+01
8.53664e+01,8.13591e+01,2.10779e+00,8.47244e+01
8.53587e+01,8.22737e+01,2.28218e+00,8.46164e+01
8.53466e+01,8.30306e+01,2.45289e+00,8.45296e+01
8.53286e+01,8.36213e+01,2.62000e+00,8.44740e+01
8.53088e+01,8.40546e+01,2.78358e+00,8.44623e+01
8.52882e+01,8.43097e+01,2.94372e+00,8.45156e+01
8.52703e+01,8.44381e+01,3.10047e+00,8.45707e+01
8.52571e+01,8.44638e+01,3.25393e+00,8.46460e+01
8.52486e+01,8.43656e+01,3.41359e+00,8.47250e+01
8.52482e+01,8.42051e+01,3.60526e+00,8.48127e+01
8.52543e+01,8.40311e+01,3.83060e+00,8.48971e+01
8.52640e+01,8.37134e+01,4.05090e+00,8.49675e+01
8.52786e+01,8.33144e+01,4.26629e+00,8.50363e+01
8.52914e+01,8.29197e+01,4.47687e+00,8.51074e+01
8.52977e+01,8.24529e+01,4.68276e+00,8.51639e+01
8.52923e+01,8.19381e+01,4.88405e+00,8.52032e+01
8.52760e+01,8.15094e+01,5.08086e+00,8.52342e+01
8.52514e+01,8.10597e+01,5.31561e+00,8.52519e+01
8.52220e+01,8.06032e+01,5.59429e+00,8.52628e+01
8.51947e+01,7.96062e+01,5.91866e+00,8.52534e+01
8.51760e+01,7.87637e+01,6.24007e+00,8.52617e+01
8.51684e+01,7.81831e+01,6.55401e+00,8.54183e+01
8.51689e+01,7.76212e+01,6.77331e+00,8.55749e+01
8.51722e+01,7.71530e+01,6.97149e+00,8.57313e+01
8.51753e+01,7.69846e+01,7.16505e+00,8.58568e+01
8.51768e+01,7.69697e+01,7.38738e+00,8.59509e+01
8.51759e+01,7.69248e+01,7.60610e+00,8.60054e+01
8.51727e+01,7.65687e+01,7.81974e+00,8.60271e+01
8.51683e+01,7.62357e+01,8.02842e+00,8.60230e+01
8.51643e+01,7.59324e+01,8.23280e+00,8.60123e+01
8.51632e+01,7.59977e+01,8.47979e+00,8.59837e+01
8.51679e+01,7.61609e+01,8.76727e+00,8.59343e+01
8.51756e+01,7.64028e+01,9.06426e+00,8.58572e+01
8.51821e+01,7.66890e+01,9.36762e+00,8.57583e+01
8.51856e+01,7.71059e+01,9.66316e+00,8.56609e+01
8.51853e+01,7.76574e+01,9.95108e+00,8.55613e+01
8.51815e+01,7.82369e+01,1.02316e+01,8.54555e+01
8.51748e+01,7.87749e+01,1.05048e+01,8.53449e+01
8.51664e+01,7.92982e+01,1.07806e+01,8.52255e+01
8.51579e+01,7.97966e+01,1.10835e+01,8.51179e+01
8.51510e+01,8.02755e+01,1.13969e+01,8.50169e+01
8.51478e+01,8.08742e+01,1.17027e+01,8.49229e+01
8.51480e+01,8.14619e+01,1.20297e+01,8.48489e+01
8.51496e+01,8.20311e+01,1.23491e+01,8.48089e+01
8.51512e+01,8.25753e+01,1.26943e+01,8.47669e+01
8.51519e+01,8.30951e+01,1.30535e+01,8.47332e+01
8.51519e+01,8.35726e+01,1.34063e+01,8.47148e+01
8.51511e+01,8.40095e+01,1.37836e+01,8.47105e+01
8.51497e+01,8.44460e+01,1.41680e+01,8.47117e+01
8.51484e+01,8.48402e+01,1.45837e+01,8.47276e+01
8.51474e+01,8.51789e+01,1.50085e+01,8.47450e+01
8.51475e+01,8.54589e+01,1.54367e+01,8.47630e+01
8.51489e+01,8.57021e+01,1.58546e+01,8.47847e+01
8.51508e+01,8.58908e+01,1.62624e+01,8.48032e+01
8.51524e+01,8.61497e+01,1.66604e+01,8.48107e+01
8.51530e+01,8.63767e+01,1.70489e+01,8.48162e+01
8.51527e+01,8.65069e+01,1.74282e+01,8.48213e+01
8.51514e+01,8.65650e+01,1.78071e+01,8.48212e+01
8.51495e+01,8.65418e+01,1.81896e+01,8.48185e+01
8.51473e+01,8.64175e+01,1.85629e+01,8.48117e+01
8.51451e+01,8.61996e+01,1.89272e+01,8.47967e+01
8.51433e+01,8.59210e+01,1.92829e+01,8.47698e+01
8.51423e+01,8.55724e+01,1.96360e+01,8.47386e+01
8.51420e+01,8.51652e+01,2.00014e+01,8.47081e+01
8.51421e+01,8.48955e+01,2.03727e+01,8.46782e+01
8.51423e+01,8.50603e+01,2.07687e+01,8.46627e+01
8.51424e+01,8.51591e+01,2.11630e+01,8.46514e+01
8.51424e+01,8.51869e+01,2.15738e+01,8.46373e+01
8.51423e+01,8.51551e+01,2.20078e+01,8.46267e+01
8.51421e+01,8.50723e+01,2.24519e+01,8.46130e+01
8.51420e+01,8.49557e+01,2.29001e+01,8.45964e+01
8.51419e+01,8.48358e+01,2.33677e+01,8.46187e+01
8.51419e+01,8.46953e+01,2.38360e+01,8.47405e+01
8.51420e+01,8.45366e+01,2.42925e+01,8.48614e+01
8.51421e+01,8.43947e+01,2.47377e+01,8.49688e+01
8.51422e+01,8.42921e+01,2.51718e+01,8.50611e+01
8.51422e+01,8.41935e+01,2.55951e+01,8.51369e+01
8.51421e+01,8.41035e+01,2.60240e+01,8.51955e+01
8.51418e+01,8.39857e+01,2.64544e+01,8.52365e+01
8.51415e+01,8.38883e+01,2.68744e+01,8.52594e+01
8.51412e+01,8.38246e+01,2.72842e+01,8.52693e+01
8.51407e+01,8.37842e+01,2.76880e+01,8.52651e+01
8.51403e+01,8.37417e+01,2.81173e+01,8.52480e+01
8.51399e+01,8.36945e+01,2.85641e+01,8.52165e+01
8.51395e+01,8.36313e+01,2.89999e+01,8.51698e+01
8.51392e+01,8.35764e+01,2.94249e+01,8.51070e+01
8.51390e+01,8.35565e+01,2.98632e+01,8.50335e+01
8.51389e+01,8.35358e+01,3.03136e+01,8.49478e+01
8.51389e+01,8.35520e+01,3.07567e+01,8.48557e+01
8.51390e+01,8.35845e+01,3.11884e+01,8.48460e+01
8.51392e+01,8.36127e+01,3.16091e+01,8.48742e+01
8.51393e+01,8.36449e+01,3.20191e+01,8.48979e+01
8.51393e+01,8.36822e+01,3.24218e+01,8.49205e+01
8.51393e+01,8.37075e+01,3.28342e+01,8.49413e+01
8.51392e+01,8.37205e+01,3.32433e+01,8.49620e+01
8.51390e+01,8.37316e+01,3.36506e+01,8.49785e+01
8.51389e+01,8.37301e+01,3.40650e+01,8.49903e+01
8.51388e+01,8.37479e+01,3.44689e+01,8.49953e+01
8.51387e+01,8.37685e+01,3.48655e+01,8.49914e+01
8.51387e+01,8.38041e+01,3.52608e+01,8.49806e+01
8.51388e+01,8.38482e+01,3.56615e+01,8.49656e+01
8.51388e+01,8.39122e+01,3.60566e+01,8.49460e+01
8.51387e+01,8.39623e+01,3.64412e+01,8.49238e+01
8.51386e+01,8.42426e+01,3.68155e+01,8.49015e+01
8.51384e+01,8.45072e+01,3.71797e+01,8.48783e+01
8.51382e+01,8.47704e+01,3.75389e+01,8.48531e+01
8.51380e+01,8.50268e+01,3.78915e+01,8.48270e+01
8.51378e+01,8.52583e+01,3.82344e+01,8.48057e+01
8.51377e+01,8.54548e+01,3.85714e+01,8.47813e+01
8.51378e+01,8.56192e+01,3.89278e+01,8.47525e+01
8.51379e+01,8.57468e+01,3.92761e+01,8.47204e+01
8.51380e+01,8.58206e+01,3.96149e+01,8.46873e+01
8.51381e+01,8.58688e+01,3.99446e+01,8.46761e+01
8.51381e+01,8.58766e+01,4.02735e+01,8.47192e+01
8.51381e+01,8.58335e+01,4.06039e+01,8.47561e+01
8.51381e+01,8.57441e+01,4.09283e+01,8.47889e+01
8.51380e+01,8.56092e+01,4.12509e+01,8.48160e+01
8.51378e+01,8.54418e+01,4.15771e+01,8.48363e+01
8.51377e+01,8.52494e+01,4.19023e+01,8.48492e+01
8.51377e+01,8.50262e+01,4.22350e+01,8.48546e+01
8.51377e+01,8.47774e+01,4.25582e+01,8.48523e+01
8.51378e+01,8.45092e+01,4.28850e+01,8.48422e+01
8.51378e+01,8.42245e+01,4.32070e+01,8.48244e+01
8.51378e+01,8.39429e+01,4.35196e+01,8.47998e+01
8.51378e+01,8.36834e+01,4.38233e+01,8.47724e+01
8.51378e+01,8.34278e+01,4.41227e+01,8.47399e+01
8.51377e+01,8.31658e+01,4.44144e+01,8.47010e+01
8.51376e+01,8.29006e+01,4.46975e+01,8.46598e+01
8.51375e+01,8.26412e+01,4.49725e+01,8.46403e+01
8.51374e+01,8.24191e+01,4.52396e+01,8.46705e+01
8.51374e+01,8.22089e+01,4.54989e+01,8.47200e+01
8.51375e+01,8.20105e+01,4.57601e+01,8.47651e+01
8.51375e+01,8.18785e+01,4.60247e+01,8.48089e+01
8.51376e+01,8.17997e+01,4.62855e+01,8.48469e+01
8.51376e+01,8.17121e+01,4.65439e+01,8.48795e+01
8.51376e+01,8.16250e+01,4.67955e+01,8.49062e+01
8.51376e+01,8.15551e+01,4.70428e+01,8.49299e+01
8.51375e+01,8.15853e+01,4.72871e+01,8.49513e+01
8.51375e+01,8.16259e+01,4.75278e+01,8.49760e+01
8.51374e+01,8.16816e+01,4.77753e+01,8.50016e+01
8.51374e+01,8.17492e+01,4.80165e+01,8.50220e+01
8.51374e+01,8.18237e+01,4.82504e+01,8.50373e+01
8.51374e+01,8.19062e+01,4.84774e+01,8.50532e+01
8.51374e+01,8.19964e+01,4.87055e+01,8.50659e+01
8.51375e+01,8.20899e+01,4.89367e+01,8.50734e+01
8.51375e+01,8.22015e+01,4.91661e+01,8.50742e+01
8.51375e+01,8.23231e+01,4.93885e+01,8.50691e+01
8.51374e+01,8.24479e+01,4.96043e+01,8.50594e+01
8.51374e+01,8.25758e+01,4.98169e+01,8.50437e+01
8.51374e+01,8.27054e+01,5.00275e+01,8.50233e+01
8.51373e+01,8.28350e+01,5.02317e+01,8.50020e+01
8.51373e+01,8.29626e+01,5.04452e+01,8.49799e+01
8.51373e+01,8.30878e+01,5.06545e+01,8.49567e+01
8.51373e+01,8.32095e+01,5.08575e+01,8.49349e+01
8.51374e+01,8.33262e+01,5.10545e+01,8.49135e+01
8.51374e+01,8.34361e+01,5.12546e+01,8.48921e+01
8.51374e+01,8.35409e+01,5.14501e+01,8.48690e+01
8.51374e+01,8.36380e+01,5.16554e+01,8.48441e+01
8.51374e+01,8.37252e+01,5.18609e+01,8.48171e+01
8.51373e+01,8.38020e+01,5.20650e+01,8.47893e+01
8.51373e+01,8.38654e+01,5.22628e+01,8.47629e+01
8.51373e+01,8.39154e+01,5.24545e+01,8.47378e+01
8.51373e+01,8.39592e+01,5.26403e+01,8.47129e+01
8.51373e+01,8.39887e+01,5.28203e+01,8.46901e+01
8.51373e+01,8.40029e+01,5.29949e+01,8.46695e+01
8.51373e+01,8.40011e+01,5.31648e+01,8.46525e+01
8.51373e+01,8.39834e+01,5.33361e+01,8.46377e+01
8.51373e+01,8.39507e+01,5.35021e+01,8.46236e+01
8.51373e+01,8.39038e+01,5.36632e+01,8.46109e+01
8.51373e+01,8.38450e+01,5.38194e+01,8.46010e+01
8.51373e+01,8.37841e+01,5.39716e+01,8.45921e+01
8.51373e+01,8.37206e+01,5.41217e+01,8.45848e+01
8.51373e+01,8.36557e+01,5.42673e+01,8.45785e+01
8.51373e+01,8.36394e+01,5.44085e+01,8.45762e+01
8.51373e+01,8.36431e+01,5.45456e+01,8.45786e+01
8.51373e+01,8.36223e+01,5.46787e+01,8.45855e+01
8.51373e+01,8.35866e+01,5.48078e+01,8.45938e+01
8.51373e+01,8.35729e+01,5.49332e+01,8.46058e+01
8.51373e+01,8.35495e+01,5.50550e+01,8.46200e+01
8.51373e+01,8.35083e+01,5.51732e+01,8.46368e+01
8.51373e+01,8.34599e+01,5.53000e+01,8.46550e+01
8.51373e+01,8.34169e+01,5.54320e+01,8.46739e+01
8.51373e+01,8.33784e+01,5.55624e+01,8.46931e+01
8.51373e+01,8.33544e+01,5.56907e+01,8.47109e+01
8.51373e+01,8.33356e+01,5.58219e+01,8.47270e+01
8.51373e+01,8.33235e+01,5.59512e+01,8.47409e+01
8.51373e+01,8.33553e+01,5.60769e+01,8.47532e+01
8.51373e+01,8.34011e+01,5.61990e+01,8.47645e+01
8.51373e+01,8.34462e+01,5.63176e+01,8.47750e+01
8.51373e+01,8.34915e+01,5.64330e+01,8.47835e+01
8.51373e+01,8.35406e+01,5.65478e+01,8.47928e+01
8.51373e+01,8.35993e+01,5.66593e+01,8.48011e+01
8.51373e+01,8.36700e+01,5.67677e+01,8.48072e+01
8.51373e+01,8.37408e+01,5.68779e+01,8.48108e+01
8.51373e+01,8.38069e+01,5.69852e+01,8.48120e+01
8.51373e+01,8.38736e+01,5.70934e+01,8.48106e+01
8.51373e+01,8.39396e+01,5.72025e+01,8.48071e+01
8.51373e+01,8.39946e+01,5.73139e+01,8.48024e+01
8.51373e+01,8.40742e+01,5.74229e+01,8.47988e+01
8.51373e+01,8.41600e+01,5.75286e+01,8.47959e+01
8.51373e+01,8.42436e+01,5.76445e+01,8.47982e+01
8.51373e+01,8.43142e+01,5.77616e+01,8.47991e+01
8.51373e+01,8.43708e+01,5.78862e+01,8.48015e+01
8.51373e+01,8.44151e+01,5.80115e+01,8.48023e+01
8.51373e+01,8.44432e+01,5.81328e+01,8.48018e+01
8.51373e+01,8.44544e+01,5.82502e+01,8.48018e+01
8.51372e+01,8.44492e+01,5.83640e+01,8.48026e+01
8.51372e+01,8.44345e+01,5.84757e+01,8.48060e+01
8.51373e+01,8.44026e+01,5.85903e+01,8.48105e+01
8.51373e+01,8.43538e+01,5.87017e+01,8.48162e+01
8.51373e+01,8.42925e+01,5.88097e+01,8.48221e+01
8.51373e+01,8.42268e+01,5.89142e+01,8.48315e+01
8.51373e+01,8.41525e+01,5.90258e+01,8.48470e+01
8.51373e+01,8.41544e+01,5.91361e+01,8.48639e+01
8.51373e+01,8.41713e+01,5.92495e+01,8.48836e+01
8.51373e+01,8.41853e+01,5.93613e+01,8.49071e+01
8.51372e+01,8.41902e+01,5.94696e+01,8.49317e+01
8.51372e+01,8.41892e+01,5.95746e+01,8.49559e+01
8.51372e+01,8.41884e+01,5.96797e+01,8.49806e+01
8.51372e+01,8.41857e+01,5.97830e+01,8.50044e+01
8.51372e+01,8.41959e+01,5.98830e+01,8.50267e+01
8.51372e+01,8.41968e+01,5.99798e+01,8.50470e+01
8.51372e+01,8.41931e+01,6.00737e+01,8.50654e+01
8.51372e+01,8.41799e+01,6.01717e+01,8.50816e+01
8.51372e+01,8.41633e+01,6.02742e+01,8.50985e+01
8.51372e+01,8.41529e+01,6.03767e+01,8.51184e+01
8.51372e+01,8.41513e+01,6.04761e+01,8.51375e+01
8.51372e+01,8.41425e+01,6.05726e+01,8.51579e+01
8.51372e+01,8.41268e+01,6.06662e+01,8.51759e+01
8.51372e+01,8.41100e+01,6.07569e+01,8.51952e+01
8.51372e+01,8.40908e+01,6.08479e+01,8.52137e+01
8.51372e+01,8.40667e+01,6.09448e+01,8.52309e+01
8.51372e+01,8.40557e+01,6.10388e+01,8.52450e+01
8.51372e+01,8.40540e+01,6.11302e+01,8.52557e+01
8.51372e+01,8.40511e+01,6.12209e+01,8.52628e+01
8.51372e+01,8.40405e+01,6.13141e+01,8.52671e+01
8.51372e+01,8.40333e+01,6.14045e+01,8.52682e+01
8.51372e+01,8.40176e+01,6.14922e+01,8.52660e+01
8.51372e+01,8.39966e+01,6.15774e+01,8.52635e+01
8.51372e+01,8.39747e+01,6.16601e+01,8.52586e+01
8.51372e+01,8.39462e+01,6.17426e+01,8.52511e+01
8.51372e+01,8.39123e+01,6.18228e+01,8.52402e+01
8.51372e+01,8.38825e+01,6.19032e+01,8.52263e+01
8.51372e+01,8.38575e+01,6.19864e+01,8.52096e+01
8.51372e+01,8.38319e+01,6.20683e+01,8.51930e+01
8.51372e+01,8.38082e+01,6.21597e+01,8.51777e+01
8.51372e+01,8.37860e+01,6.22555e+01,8.51622e+01
8.51372e+01,8.37648e+01,6.23488e+01,8.51457e+01
8.51372e+01,8.37412e+01,6.24396e+01,8.51291e+01
8.51372e+01,8.37159e+01,6.25310e+01,8.51125e+01
8.51372e+01,8.36912e+01,6.26213e+01,8.50944e+01
8.51372e+01,8.36732e+01,6.27091e+01,8.50747e+01
8.51372e+01,8.36605e+01,6.27947e+01,8.50541e+01
8.51372e+01,8.36517e+01,6.28831e+01,8.50345e+01
8.51372e+01,8.36453e+01,6.29750e+01,8.50160e+01
8.51372e+01,8.36408e+01,6.30668e+01,8.49974e+01
8.51372e+01,8.37045e+01,6.31560e+01,8.49788e+01
8.51372e+01,8.37728e+01,6.32427e+01,8.49591e+01
8.51372e+01,8.38421e+01,6.33307e+01,8.49394e+01
8.51372e+01,8.39114e+01,6.34167e+01,8.49193e+01
8.51372e+01,8.39799e+01,6.35003e+01,8.48983e+01
8.51372e+01,8.40465e+01,6.35815e+01,8.48785e+01
8.51372e+01,8.41102e+01,6.36686e+01,8.48614e+01
8.51372e+01,8.41701e+01,6.37925e+01,8.48462e+01
8.51372e+01,8.42286e+01,6.39140e+01,8.48331e+01
8.51372e+01,8.42851e+01,6.40320e+01,8.48218e+01
8.51372e+01,8.43350e+01,6.41493e+01,8.48119e+01
8.51372e+01,8.43776e+01,6.42634e+01,8.48027e+01
8.51372e+01,8.44122e+01,6.43741e+01,8.47936e+01
8.51372e+01,8.44390e+01,6.44816e+01,8.47849e+01
8.51372e+01,8.44650e+01,6.45897e+01,8.47774e+01
8.51372e+01,8.44847e+01,6.46962e+01,8.47707e+01
8.51372e+01,8.44976e+01,6.47997e+01,8.47646e+01
8.51372e+01,8.45031e+01,6.49014e+01,8.47599e+01
8.51372e+01,8.45124e+01,6.50065e+01,8.47570e+01
8.51372e+01,8.45128e+01,6.51085e+01,8.47574e+01
8.51372e+01,8.45043e+01,6.52076e+01,8.47609e+01
8.51372e+01,8.44869e+01,6.53039e+01,8.47663e+01
8.51372e+01,8.44606e+01,6.54121e+01,8.47737e+01
8.51372e+01,8.44279e+01,6.55217e+01,8.47821e+01
8.51372e+01,8.43986e+01,6.56391e+01,8.47916e+01
8.51372e+01,8.43660e+01,6.57603e+01,8.48017e+01
8.51372e+01,8.43266e+01,6.58796e+01,8.48137e+01
8.51372e+01,8.42806e+01,6.59959e+01,8.48275e+01
8.51372e+01,8.42288e+01,6.61088e+01,8.48419e+01
8.51372e+01,8.41715e+01,6.62362e+01,8.48568e+01
8.51372e+01,8.41587e+01,6.63741e+01,8.48742e+01
8.51372e+01,8.41562e+01,6.65121e+01,8.48918e+01
8.51372e+01,8.41497e+01,6.66474e+01,8.49090e+01
8.51372e+01,8.41437e+01,6.67791e+01,8.49252e+01
8.51372e+01,8.41344e+01,6.69121e+01,8.49404e+01
8.51372e+01,8.41206e+01,6.70418e+01,8.49549e+01
8.51372e+01,8.41030e+01,6.71678e+01,8.49683e+01
8.51372e+01,8.40860e+01,6.72919e+01,8.49808e+01
8.51372e+01,8.40725e+01,6.74242e+01,8.49930e+01
8.51372e+01,8.40568e+01,6.75570e+01,8.50040e+01
8.51372e+01,8.40391e+01,6.76863e+01,8.50137e+01
8.51372e+01,8.40233e+01,6.78184e+01,8.50226e+01
8.51372e+01,8.40139e+01,6.79472e+01,8.50308e+01
8.51372e+01,8.40065e+01,6.80725e+01,8.50380e+01
8.51372e+01,8.39983e+01,6.81951e+01,8.50440e+01
8.51372e+01,8.39939e+01,6.83177e+01,8.50498e+01
8.51372e+01,8.39976e+01,6.84394e+01,8.50545e+01
8.51372e+01,8.40031e+01,6.85577e+01,8.50594e+01
8.51372e+01,8.40097e+01,6.86728e+01,8.50651e+01
8.51372e+01,8.40233e+01,6.87848e+01,8.50703e+01
8.51372e+01,8.40387e+01,6.88958e+01,8.50750e+01
8.51372e+01,8.40554e+01,6.90066e+01,8.50793e+01
8.51372e+01,8.40720e+01,6.91143e+01,8.50831e+01
8.51372e+01,8.40883e+01,6.92190e+01,8.50871e+01
8.51372e+01,8.41037e+01,6.93208e+01,8.50916e+01
8.51372e+01,8.41183e+01,6.94198e+01,8.50979e+01
8.51372e+01,8.41313e+01,6.95161e+01,8.51046e+01
8.51372e+01,8.41430e+01,6.96162e+01,8.51115e+01
8.51372e+01,8.41530e+01,6.97141e+01,8.51192e+01
8.51372e+01,8.41615e+01,6.98094e+01,8.51269e+01
8.51372e+01,8.41693e+01,6.99022e+01,8.51337e+01
8.51372e+01,8.41823e+01,6.99941e+01,8.51403e+01
8.51372e+01,8.42052e+01,7.00886e+01,8.51479e+01
8.51372e+01,8.42275e+01,7.01823e+01,8.51552e+01
8.51372e+01,8.42495e+01,7.02798e+01,8.51610e+01
8.51372e+01,8.42749e+01,7.03752e+01,8.51663e+01
8.51372e+01,8.43007e+01,7.04678e+01,8.51715e+01
8.51372e+01,8.43246e+01,7.05579e+01,8.51750e+01
8.51372e+01,8.43440e+01,7.06455e+01,8.51772e+01
8.51372e+01,8.43589e+01,7.07306e+01,8.51780e+01
8.51372e+01,8.43732e+01,7.08135e+01,8.51771e+01
8.51372e+01,8.43826e+01,7.08953e+01,8.51754e+01
8.51372e+01,8.43864e+01,7.09791e+01,8.51725e+01
8.51372e+01,8.43846e+01,7.10656e+01,8.51682e+01
8.51372e+01,8.43857e+01,7.11495e+01,8.51621e+01
8.51372e+01,8.43845e+01,7.12343e+01,8.51545e+01
8.51372e+01,8.43812e+01,7.13181e+01,8.51464e+01
8.51372e+01,8.43795e+01,7.13995e+01,8.51377e+01
8.51372e+01,8.43742e+01,7.14788e+01,8.51279e+01
8.51372e+01,8.43651e+01,7.15602e+01,8.51172e+01
8.51372e+01,8.43652e+01,7.16465e+01,8.51060e+01
8.51372e+01,8.43771e+01,7.17329e+01,8.50952e+01
8.51372e+01,8.43823e+01,7.18177e+01,8.50849e+01
8.51372e+01,8.43818e+01,7.19001e+01,8.50752e+01
8.51372e+01,8.43749e+01,7.19801e+01,8.50661e+01
8.51372e+01,8.43665e+01,7.20578e+01,8.50580e+01
8.51372e+01,8.43591e+01,7.21334e+01,8.50521e+01
8.51372e+01,8.43496e+01,7.22069e+01,8.50486e+01
8.51372e+01,8.43401e+01,7.22818e+01,8.50466e+01
8.51372e+01,8.43290e+01,7.23576e+01,8.50452e+01
8.51372e+01,8.43129e+01,7.24363e+01,8.50441e+01
8.51372e+01,8.42918e+01,7.25130e+01,8.50443e+01
8.51372e+01,8.42661e+01,7.25904e+01,8.50465e+01
8.51372e+01,8.42360e+01,7.26682e+01,8.50507e+01
8.51372e+01,8.42020e+01,7.27358e+01,8.50550e+01
8.51372e+01,8.41658e+01,7.27772e+01,8.50623e+01
8.51372e+01,8.41362e+01,7.28182e+01,8.50708e+01
8.51372e+01,8.41313e+01,7.28579e+01,8.50791e+01
8.51372e+01,8.41294e+01,7.28965e+01,8.50876e+01
8.51372e+01,8.41280e+01,7.29340e+01,8.50954e+01
8.51372e+01,8.41282e+01,7.29704e+01,8.51026e+01
8.51372e+01,8.41295e+01,7.30098e+01,8.51091e+01
8.51372e+01,8.41353e+01,7.30517e+01,8.51150e+01
8.51372e+01,8.41436e+01,7.30924e+01,8.51206e+01
8.51372e+01,8.41564e+01,7.31320e+01,8.51251e+01
8.51372e+01,8.41781e+01,7.31703e+01,8.51284e+01
8.51372e+01,8.42031e+01,7.32076e+01,8.51313e+01
8.51372e+01,8.42273e+01,7.32439e+01,8.51332e+01
8.51372e+01,8.42515e+01,7.32800e+01,8.51343e+01
8.51372e+01,8.42750e+01,7.33174e+01,8.51346e+01
8.51372e+01,8.42978e+01,7.33536e+01,8.51340e+01
8.51372e+01,8.43200e+01,7.33888e+01,8.51324e+01
8.51372e+01,8.43418e+01,7.34231e+01,8.51297e+01
8.51372e+01,8.43621e+01,7.34564e+01,8.51262e+01
8.51372e+01,8.43812e+01,7.34887e+01,8.51223e+01
8.51372e+01,8.44002e+01,7.35203e+01,8.51181e+01
8.51372e+01,8.44160e+01,7.35509e+01,8.51134e+01
8.51372e+01,8.44286e+01,7.35808e+01,8.51081e+01
8.51372e+01,8.44385e+01,7.36103e+01,8.51024e+01
8.51372e+01,8.44458e+01,7.36404e+01,8.50963e+01
8.51372e+01,8.44508e+01,7.36698e+01,8.50904e+01
8.51372e+01,8.44535e+01,7.36983e+01,8.50849e+01
8.51372e+01,8.44573e+01,7.37261e+01,8.50793e+01
8.51372e+01,8.44589e+01,7.37532e+01,8.50740e+01
8.51372e+01,8.44586e+01,7.37795e+01,8.50697e+01
8.51372e+01,8.44563e+01,7.38052e+01,8.50661e+01
8.51372e+01,8.44523e+01,7.38302e+01,8.50632e+01
8.51372e+01,8.44485e+01,7.38546e+01,8.50607e+01
8.51372e+01,8.44471e+01,7.38784e+01,8.50581e+01
8.51372e+01,8.44482e+01,7.39015e+01,8.50556e+01
8.51372e+01,8.44508e+01,7.39242e+01,8.50532e+01
8.51372e+01,8.44543e+01,7.39463e+01,8.50509e+01
8.51372e+01,8.44569e+01,7.39688e+01,8.50489e+01
8.51372e+01,8.44587e+01,7.39927e+01,8.50474e+01
8.51372e+01,8.44600e+01,7.40159e+01,8.50460e+01
8.51372e+01,8.44622e+01,7.40401e+01,8.50448e+01
8.51372e+01,8.44664e+01,7.40652e+01,8.50438e+01
8.51372e+01,8.44704e+01,7.40896e+01,8.50428e+01
8.51372e+01,8.44728e+01,7.41134e+01,8.50419e+01
8.51372e+01,8.44744e+01,7.41365e+01,8.50410e+01
8.51372e+01,8.44763e+01,7.41590e+01,8.50401e+01
8.51372e+01,8.44761e+01,7.41813e+01,8.50399e+01
8.51372e+01,8.44769e+01,7.42068e+01,8.50400e+01
8.51372e+01,8.44768e+01,7.42316e+01,8.50403e+01
8.51372e+01,8.44740e+01,7.42558e+01,8.50403e+01
8.51372e+01,8.44682e+01,7.42792e+01,8.50407e+01
8.51372e+01,8.44593e+01,7.43020e+01,8.50410e+01
8.51372e+01,8.44492e+01,7.43242e+01,8.50410e+01
8.51372e+01,8.44398e+01,7.43458e+01,8.50409e+01
8.51372e+01,8.44305e+01,7.43684e+01,8.50407e+01
8.51372e+01,8.44191e+01,7.43907e+01,8.50401e+01
8.51372e+01,8.44522e+01,7.44123e+01,8.50393e+01
8.51372e+01,8.44913e+01,7.44334e+01,8.50384e+01
8.51372e+01,8.45255e+01,7.44538e+01,8.50373e+01
8.51372e+01,8.45545e+01,7.44737e+01,8.50365e+01
8.51372e+01,8.45778e+01,7.44931e+01,8.50353e+01
8.51372e+01,8.45958e+01,7.45119e+01,8.50338e+01
8.51372e+01,8.46079e+01,7.45302e+01,8.50323e+01
8.51372e+01,8.46141e+01,7.45481e+01,8.50308e+01
8.51372e+01,8.46143e+01,7.45655e+01,8.50295e+01
8.51372e+01,8.46083e+01,7.45824e+01,8.50282e+01
8.51372e+01,8.45973e+01,7.45989e+01,8.50273e+01
8.51372e+01,8.45856e+01,7.46151e+01,8.50264e+01
8.51372e+01,8.45769e+01,7.46308e+01,8.50253e+01
8.51372e+01,8.45648e+01,7.46461e+01,8.50243e+01
8.51372e+01,8.45461e+01,7.46610e+01,8.50232e+01
8.51372e+01,8.45238e+01,7.46756e+01,8.50221e+01
8.51372e+01,8.44968e+01,7.46899e+01,8.50211e+01
8.51372e+01,8.44730e+01,7.47103e+01,8.50203e+01
8.51372e+01,8.44452e+01,7.47342e+01,8.50206e+01
8.51372e+01,8.44114e+01,7.47575e+01,8.50210e+01
8.51372e+01,8.43719e+01,7.47802e+01,8.50217e+01
8.51372e+01,8.43291e+01,7.48026e+01,8.50226e+01
8.51372e+01,8.42866e+01,7.48244e+01,8.50236e+01
8.51372e+01,8.42676e+01,7.48480e+01,8.50247e+01
8.51372e+01,8.42751e+01,7.48712e+01,8.50262e+01
8.51372e+01,8.42781e+01,7.48938e+01,8.50277e+01
8.51372e+01,8.42768e+01,7.49157e+01,8.50291e+01
8.51372e+01,8.42711e+01,7.49370e+01,8.50305e+01
8.51372e+01,8.42637e+01,7.49578e+01,8.50322e+01
8.51372e+01,8.42658e+01,7.49779e+01,8.50348e+01
8.51372e+01,8.42830e+01,7.49975e+01,8.50377e+01
8.51372e+01,8.43006e+01,7.50166e+01,8.50404e+01
8.51372e+01,8.43182e+01,7.50352e+01,8.50430e+01
8.51372e+01,8.43363e+01,7.50533e+01,8.50453e+01
8.51372e+01,8.43543e+01,7.50710e+01,8.50479e+01
8.51372e+01,8.43729e+01,7.50881e+01,8.50503e+01
8.51372e+01,8.43921e+01,7.51049e+01,8.50526e+01
8.51372e+01,8.44101e+01,7.51212e+01,8.50545e+01
8.51372e+01,8.44267e+01,7.51375e+01,8.50561e+01
8.51372e+01,8.44414e+01,7.51536e+01,8.50574e+01
8.51372e+01,8.44542e+01,7.51693e+01,8.50583e+01
8.51372e+01,8.44647e+01,7.51846e+01,8.50590e+01
8.51372e+01,8.44729e+01,7.51996e+01,8.50593e+01
8.51372e+01,8.44783e+01,7.52145e+01,8.50597e+01
8.51372e+01,8.44809e+01,7.52302e+01,8.50598e+01
8.51372e+01,8.44804e+01,7.52455e+01,8.50597e+01
8.51372e+01,8.44778e+01,7.52604e+01,8.50595e+01
8.51372e+01,8.44720e+01,7.52749e+01,8.50595e+01
8.51372e+01,8.44629e+01,7.52890e+01,8.50596e+01
8.51372e+01,8.44507e+01,7.53028e+01,8.50596e+01
8.51372e+01,8.44365e+01,7.53163e+01,8.50595e+01
8.51372e+01,8.44194e+01,7.53308e+01,8.50593e+01
8.51372e+01,8.44016e+01,7.53449e+01,8.50592e+01
8.51372e+01,8.43816e+01,7.53587e+01,8.50597e+01
8.51372e+01,8.43606e+01,7.53721e+01,8.50602e+01
8.51372e+01,8.43397e+01,7.53852e+01,8.50611e+01
8.51372e+01,8.43172e+01,7.53980e+01,8.50626e+01
8.51372e+01,8.42937e+01,7.54104e+01,8.50640e+01
8.51372e+01,8.42696e+01,7.54229e+01,8.50655e+01
8.51372e+01,8.42453e+01,7.54362e+01,8.50670e+01
8.51372e+01,8.42213e+01,7.54501e+01,8.50687e+01
8.51372e+01,8.41980e+01,7.54643e+01,8.50704e+01
8.51372e+01,8.41759e+01,7.54785e+01,8.50722e+01
8.51372e+01,8.41554e+01,7.54928e+01,8.50741e+01
8.51372e+01,8.41374e+01,7.55067e+01,8.50761e+01
8.51372e+01,8.41425e+01,7.55202e+01,8.50781e+01
8.51372e+01,8.41689e+01,7.55333e+01,8.50800e+01
8.51372e+01,8.41922e+01,7.55460e+01,8.50817e+01
8.51372e+01,8.42126e+01,7.55599e+01,8.50831e+01
8.51372e+01,8.42300e+01,7.55778e+01,8.50844e+01
8.51372e+01,8.42453e+01,7.55951e+01,8.50857e+01
8.51372e+01,8.42578e+01,7.56119e+01,8.50869e+01
8.51372e+01,8.42678e+01,7.56281e+01,8.50879e+01
8.51372e+01,8.42760e+01,7.56438e+01,8.50885e+01
8.51372e+01,8.42821e+01,7.56591e+01,8.50888e+01
8.51372e+01,8.42869e+01,7.56739e+01,8.50887e+01
8.51372e+01,8.42915e+01,7.56883e+01,8.50886e+01
8.51372e+01,8.42956e+01,7.57022e+01,8.50884e+01
8.51372e+01,8.42979e+01,7.57158e+01,8.50881e+01
8.51372e+01,8.42987e+01,7.57289e+01,8.50875e+01
8.51372e+01,8.42983e+01,7.57417e+01,8.50873e+01
8.51372e+01,8.42971e+01,7.57542e+01,8.50870e+01
8.51372e+01,8.42953e+01,7.57663e+01,8.50868e+01
8.51372e+01,8.43113e+01,7.57781e+01,8.50869e+01
8.51372e+01,8.43264e+01,7.57899e+01,8.50866e+01
8.51372e+01,8.43406e+01,7.58019e+01,8.50859e+01
8.51372e+01,8.43530e+01,7.58137e+01,8.50848e+01
8.51372e+01,8.43636e+01,7.58251e+01,8.50837e+01
8.51372e+01,8.43726e+01,7.58362e+01,8.50824e+01
8.51372e+01,8.43795e+01,7.58470e+01,8.50809e+01
8.51372e+01,8.43845e+01,7.58575e+01,8.50794e+01
8.51372e+01,8.43875e+01,7.58677e+01,8.50777e+01
8.51372e+01,8.43887e+01,7.58777e+01,8.50759e+01
8.51372e+01,8.43890e+01,7.58874e+01,8.50737e+01
8.51372e+01,8.43874e+01,7.58969e+01,8.50713e+01
8.51372e+01,8.43843e+01,7.59061e+01,8.50692e+01
8.51372e+01,8.43796e+01,7.59152e+01,8.50670e+01
8.51372e+01,8.43735e+01,7.59257e+01,8.50650e+01
8.51372e+01,8.43661e+01,7.59401e+01,8.50629e+01
8.51372e+01,8.43576e+01,7.59542e+01,8.50607e+01
8.51372e+01,8.43485e+01,7.59680e+01,8.50585e+01
8.51372e+01,8.43389e+01,7.59814e+01,8.50563e+01
8.51372e+01,8.43293e+01,7.59946e+01,8.50542e+01
8.51372e+01,8.43197e+01,7.60074e+01,8.50523e+01
8.51372e+01,8.43102e+01,7.60199e+01,8.50503e+01
8.51372e+01,8.43011e+01,7.60322e+01,8.50484e+01
8.51372e+01,8.42924e+01,7.60442e+01,8.50465e+01
8.51372e+01,8.42855e+01,7.60559e+01,8.50448e+01
8.51372e+01,8.42799e+01,7.60674e+01,8.50435e+01
8.51372e+01,8.42753e+01,7.60792e+01,8.50423e+01
8.51372e+01,8.42719e+01,7.60911e+01,8.50413e+01
8.51372e+01,8.42696e+01,7.61027e+01,8.50404e+01
8.51372e+01,8.42684e+01,7.61141e+01,8.50396e+01
8.51372e+01,8.42685e+01,7.61252e+01,8.50390e+01
8.51372e+01,8.42697e+01,7.61386e+01,8.50386e+01
8.51372e+01,8.42725e+01,7.61517e+01,8.50389e+01
8.51372e+01,8.42763e+01,7.61645e+01,8.50398e+01
8.51372e+01,8.42809e+01,7.61770e+01,8.50413e+01
8.51372e+01,8.42869e+01,7.61892e+01,8.50431e+01
8.51372e+01,8.42938e+01,7.62012e+01,8.50449e+01
8.51372e+01,8.43008e+01,7.62129e+01,8.50468e+01
8.51372e+01,8.43079e+01,7.62250e+01,8.50489e+01
8.51372e+01,8.43154e+01,7.62419e+01,8.50513e+01
8.51372e+01,8.43232e+01,7.62584e+01,8.50537e+01
8.51372e+01,8.43312e+01,7.62766e+01,8.50560e+01
8.51372e+01,8.43385e+01,7.62995e+01,8.50582e+01
8.51372e+01,8.43449e+01,7.63216e+01,8.50604e+01
8.51372e+01,8.43504e+01,7.63432e+01,8.50626e+01
8.51372e+01,8.43547e+01,7.63641e+01,8.50647e+01
8.51372e+01,8.43576e+01,7.63845e+01,8.50667e+01
8.51372e+01,8.43595e+01,7.64043e+01,8.50685e+01
8.51372e+01,8.43609e+01,7.64236e+01,8.50701e+01
8.51372e+01,8.43619e+01,7.64424e+01,8.50718e+01
8.51372e+01,8.43633e+01,7.64612e+01,8.50735e+01
8.51372e+01,8.43645e+01,7.64794e+01,8.50751e+01
8.51372e+01,8.43664e+01,7.64972e+01,8.50765e+01
8.51372e+01,8.43687e+01,7.65146e+01,8.50778e+01
8.51372e+01,8.43709e+01,7.65316e+01,8.50789e+01
8.51372e+01,8.43728e+01,7.65481e+01,8.50800e+01
8.51372e+01,8.43745e+01,7.65643e+01,8.50809e+01
8.51372e+01,8.43762e+01,7.65801e+01,8.50819e+01
8.51372e+01,8.43780e+01,7.65956e+01,8.50827e+01
8.51372e+01,8.43795e+01,7.66107e+01,8.50837e+01
8.51372e+01,8.43808e+01,7.66255e+01,8.50844e+01
8.51372e+01,8.43819e+01,7.66399e+01,8.50849e+01
8.51372e+01,8.43831e+01,7.66541e+01,8.50853e+01
8.51372e+01,8.43842e+01,7.66680e+01,8.50854e+01
8.51372e+01,8.43854e+01,7.66816e+01,8.50853e+01
8.51372e+01,8.43868e+01,7.66949e+01,8.50853e+01
8.51372e+01,8.43895e+01,7.67080e+01,8.50854e+01
8.51372e+01,8.43925e+01,7.67209e+01,8.50853e+01
8.51372e+01,8.43959e+01,7.67334e+01,8.50853e+01
8.51372e+01,8.43998e+01,7.67458e+01,8.50852e+01
8.51372e+01,8.44041e+01,7.67579e+01,8.50852e+01
8.51372e+01,8.44088e+01,7.67699e+01,8.50853e+01
8.51372e+01,8.44143e+01,7.67829e+01,8.50854e+01
8.51372e+01,8.44204e+01,7.67956e+01,8.50855e+01
8.51372e+01,8.44269e+01,7.68154e+01,8.50856e+01
8.51372e+01,8.44339e+01,7.68358e+01,8.50857e+01
8.51372e+01,8.44410e+01,7.68558e+01,8.50859e+01
8.51372e+01,8.44481e+01,7.68755e+01,8.50860e+01
8.51372e+01,8.44552e+01,7.68955e+01,8.50861e+01
8.51372e+01,8.44638e+01,7.69164e+01,8.50861e+01
8.51372e+01,8.44730e+01,7.69368e+01,8.50861e+01
8.51372e+01,8.44818e+01,7.69568e+01,8.50861e+01
8.51372e+01,8.44906e+01,7.69765e+01,8.50861e+01
8.51372e+01,8.44998e+01,7.69958e+01,8.50859e+01
8.51372e+01,8.45095e+01,7.70147e+01,8.50857e+01
8.51372e+01,8.45194e+01,7.70332e+01,8.50853e+01
8.51372e+01,8.45284e+01,7.70514e+01,8.50850e+01
8.51372e+01,8.45364e+01,7.70693e+01,8.50845e+01
8.51372e+01,8.45432e+01,7.70869e+01,8.50838e+01
8.51372e+01,8.45488e+01,7.71041e+01,8.50831e+01
8.51372e+01,8.45531e+01,7.71210e+01,8.50823e+01
8.51372e+01,8.45574e+01,7.71377e+01,8.50814e+01
8.51372e+01,8.45613e+01,7.71540e+01,8.50806e+01
8.51372e+01,8.45645e+01,7.71701e+01,8.50799e+01
8.51372e+01,8.45666e+01,7.71859e+01,8.50795e+01
8.51372e+01,8.45666e+01,7.72023e+01,8.50792e+01
8.51372e+01,8.45650e+01,7.72190e+01,8.50790e+01
8.51372e+01,8.45616e+01,7.72354e+01,8.50790e+01
8.51372e+01,8.45566e+01,7.72535e+01,8.50789e+01
8.51372e+01,8.45499e+01,7.72713e+01,8.50790e+01
8.51372e+01,8.45418e+01,7.72889e+01,8.50790e+01
8.51372e+01,8.45326e+01,7.73061e+01,8.50791e+01
8.51372e+01,8.45233e+01,7.73229e+01,8.50792e+01
8.51372e+01,8.45135e+01,7.73393e+01,8.50797e+01
8.51372e+01,8.45032e+01,7.73554e+01,8.50802e+01
8.51372e+01,8.44926e+01,7.73711e+01,8.50809e+01
8.51372e+01,8.44818e+01,7.73865e+01,8.50817e+01
8.51372e+01,8.44714e+01,7.74016e+01,8.50824e+01
8.51372e+01,8.44613e+01,7.74164e+01,8.50831e+01
8.51372e+01,8.44516e+01,7.74321e+01,8.50839e+01
8.51372e+01,8.44429e+01,7.74475e+01,8.50846e+01
8.51372e+01,8.44355e+01,7.74626e+01,8.50851e+01
8.51372e+01,8.44288e+01,7.74790e+01,8.50856e+01
8.51372e+01,8.44228e+01,7.74952e+01,8.50859e+01
8.51372e+01,8.44175e+01,7.75111e+01,8.50861e+01
8.51372e+01,8.44134e+01,7.75266e+01,8.50862e+01
8.51372e+01,8.44147e+01,7.75417e+01,8.50865e+01
8.51372e+01,8.44193e+01,7.75565e+01,8.50869e+01
8.51372e+01,8.44213e+01,7.75710e+01,8.50871e+01
8.51372e+01,8.44217e+01,7.75851e+01,8.50873e+01
8.51372e+01,8.44238e+01,7.75990e+01,8.50874e+01
8.51372e+01,8.44235e+01,7.76125e+01,8.50874e+01
8.51372e+01,8.44236e+01,7.76258e+01,8.50872e+01
8.51372e+01,8.44219e+01,7.76391e+01,8.50870e+01
8.51372e+01,8.44185e+01,7.76587e+01,8.50869e+01
8.51372e+01,8.44151e+01,7.76778e+01,8.50872e+01
8.51372e+01,8.44182e+01,7.76973e+01,8.50876e+01
8.51372e+01,8.44215e+01,7.77168e+01,8.50879e+01
8.51372e+01,8.44249e+01,7.77359e+01,8.50882e+01
8.51372e+01,8.44283e+01,7.77550e+01,8.50884e+01
8.51372e+01,8.44315e+01,7.77736e+01,8.50888e+01
8.51372e+01,8.44347e+01,7.77918e+01,8.50891e+01
8.51372e+01,8.44376e+01,7.78096e+01,8.50894e+01
8.51372e+01,8.44405e+01,7.78271e+01,8.50896e+01
8.51372e+01,8.44432e+01,7.78441e+01,8.50899e+01
8.51372e+01,8.44464e+01,7.78608e+01,8.50901e+01
8.51372e+01,8.44492e+01,7.78772e+01,8.50905e+01
8.51372e+01,8.44516e+01,7.78932e+01,8.50907e+01
8.51372e+01,8.44543e+01,7.79089e+01,8.50908e+01
8.51372e+01,8.44566e+01,7.79243e+01,8.50908e+01
8.51372e+01,8.44583e+01,7.79394e+01,8.50907e+01
8.51372e+01,8.44595e+01,7.79541e+01,8.50906e+01
8.51372e+01,8.44601e+01,7.79686e+01,8.50905e+01
8.51372e+01,8.44602e+01,7.79829e+01,8.50903e+01
8.51372e+01,8.44599e+01,7.79968e+01,8.50903e+01
8.51372e+01,8.44592e+01,7.80105e+01,8.50902e+01
8.51372e+01,8.44583e+01,7.80239e+01,8.50901e+01
8.51372e+01,8.44571e+01,7.80371e+01,8.50900e+01
8.51372e+01,8.44559e+01,7.80501e+01,8.50899e+01
8.51372e+01,8.44547e+01,7.80628e+01,8.50899e+01
8.51372e+01,8.44536e+01,7.80753e+01,8.50900e+01
8.51372e+01,8.44524e+01,7.80876e+01,8.50905e+01
8.51372e+01,8.44513e+01,7.80997e+01,8.50912e+01
8.51372e+01,8.44504e+01,7.81116e+01,8.50920e+01
8.51372e+01,8.44497e+01,7.81232e+01,8.50929e+01
8.51372e+01,8.44502e+01,7.81347e+01,8.50939e+01
8.51372e+01,8.44524e+01,7.81460e+01,8.50949e+01
8.51372e+01,8.44549e+01,7.81571e+01,8.50961e+01
8.51372e+01,8.44575e+01,7.81681e+01,8.50974e+01
8.51372e+01,8.44602e+01,7.81788e+01,8.50987e+01
8.51372e+01,8.44635e+01,7.81894e+01,8.51000e+01
8.51372e+01,8.44678e+01,7.81999e+01,8.51013e+01
8.51372e+01,8.44721e+01,7.82101e+01,8.51026e+01
8.51372e+01,8.44764e+01,7.82203e+01,8.51039e+01
8.51372e+01,8.44804e+01,7.82311e+01,8.51052e+01
8.51372e+01,8.44842e+01,7.82432e+01,8.51066e+01
8.51372e+01,8.44878e+01,7.82550e+01,8.51080e+01
8.51372e+01,8.44915e+01,7.82668e+01,8.51093e+01
8.51372e+01,8.44957e+01,7.82807e+01,8.51106e+01
8.51372e+01,8.45005e+01,7.82942e+01,8.51119e+01
8.51372e+01,8.45052e+01,7.83075e+01,8.51129e+01
8.51372e+01,8.45097e+01,7.83204e+01,8.51137e+01
8.51372e+01,8.45142e+01,7.83331e+01,8.51145e+01
8.51372e+01,8.45184e+01,7.83456e+01,8.51154e+01
8.51372e+01,8.45222e+01,7.83577e+01,8.51161e+01
8.51372e+01,8.45254e+01,7.83696e+01,8.51167e+01
8.51372e+01,8.45287e+01,7.83813e+01,8.51172e+01
8.51372e+01,8.45313e+01,7.83928e+01,8.51176e+01
8.51372e+01,8.45333e+01,7.84040e+01,8.51178e+01
8.51372e+01,8.45350e+01,7.84150e+01,8.51180e+01
8.51372e+01,8.45367e+01,7.84258e+01,8.51181e+01
8.51372e+01,8.45379e+01,7.84364e+01,8.51183e+01
8.51372e+01,8.45385e+01,7.84468e+01,8.51184e+01
8.51372e+01,8.45387e+01,7.84571e+01,8.51183e+01
8.51372e+01,8.45385e+01,7.84671e+01,8.51179e+01
8.51372e+01,8.45381e+01,7.84770e+01,8.51173e+01
8.51372e+01,8.45374e+01,7.84866e+01,8.51163e+01
8.51372e+01,8.45369e+01,7.84962e+01,8.51152e+01
8.51372e+01,8.45365e+01,7.85055e+01,8.51138e+01
8.51372e+01,8.45361e+01,7.85147e+01,8.51122e+01
8.51372e+01,8.45357e+01,7.85238e+01,8.51105e+01
8.51372e+01,8.45353e+01,7.85327e+01,8.51088e+01
8.51372e+01,8.45350e+01,7.85426e+01,8.51070e+01
8.51372e+01,8.45349e+01,7.85533e+01,8.51052e+01
8.51372e+01,8.45349e+01,7.85637e+01,8.51032e+01
8.51372e+01,8.45353e+01,7.85751e+01,8.51014e+01
8.51372e+01,8.45361e+01,7.85862e+01,8.50995e+01
8.51372e+01,8.45373e+01,7.85979e+01,8.50978e+01
8.51372e+01,8.45390e+01,7.86093e+01,8.50961e+01
8.51372e+01,8.45414e+01,7.86204e+01,8.50947e+01
8.51372e+01,8.45446e+01,7.86312e+01,8.50933e+01
8.51372e+01,8.45483e+01,7.86420e+01,8.50920e+01
8.51372e+01,8.45522e+01,7.86541e+01,8.50908e+01
8.51372e+01,8.45563e+01,7.86669e+01,8.50897e+01
8.51372e+01,8.45610e+01,7.86793e+01,8.50889e+01
8.51372e+01,8.45662e+01,7.86914e+01,8.50883e+01
8.51372e+01,8.45715e+01,7.87031e+01,8.50881e+01
8.51372e+01,8.45767e+01,7.87146e+01,8.50880e+01
8.51372e+01,8.45815e+01,7.87257e+01,8.50884e+01
8.51372e+01,8.45859e+01,7.87366e+01,8.50891e+01
8.51372e+01,8.45897e+01,7.87472e+01,8.50901e+01
8.51372e+01,8.45936e+01,7.87575e+01,8.50913e+01
8.51372e+01,8.45978e+01,7.87676e+01,8.50927e+01
8.51372e+01,8.46016e+01,7.87782e+01,8.50943e+01
8.51372e+01,8.46048e+01,7.87885e+01,8.50960e+01
8.51372e+01,8.46074e+01,7.87986e+01,8.50979e+01
8.51372e+01,8.46094e+01,7.88085e+01,8.51000e+01
8.51372e+01,8.46111e+01,7.88181e+01,8.51022e+01
8.51372e+01,8.46124e+01,7.88274e+01,8.51044e+01
8.51372e+01,8.46131e+01,7.88366e+01,8.51066e+01
8.51372e+01,8.46134e+01,7.88455e+01,8.51089e+01
8.51372e+01,8.46131e+01,7.88542e+01,8.51112e+01
8.51372e+01,8.46123e+01,7.88627e+01,8.51135e+01
8.51372e+01,8.46117e+01,7.88710e+01,8.51157e+01
8.51372e+01,8.46108e+01,7.88792e+01,8.51178e+01
8.51372e+01,8.46109e+01,7.88872e+01,8.51198e+01
8.51372e+01,8.46118e+01,7.88950e+01,8.51215e+01
8.51372e+01,8.46123e+01,7.89026e+01,8.51230e+01
8.51372e+01,8.46125e+01,7.89101e+01,8.51242e+01
8.51372e+01,8.46134e+01,7.89174e+01,8.51252e+01
8.51372e+01,8.46143e+01,7.89246e+01,8.51258e+01
8.51372e+01,8.46147e+01,7.89316e+01,8.51263e+01
8.51372e+01,8.46147e+01,7.89385e+01,8.51267e+01
8.51372e+01,8.46143e+01,7.89464e+01,8.51270e+01
8.51372e+01,8.46135e+01,7.89544e+01,8.51270e+01
8.51372e+01,8.46124e+01,7.89622e+01,8.51269e+01
8.51372e+01,8.46110e+01,7.89700e+01,8.51265e+01
8.51372e+01,8.46093e+01,7.89790e+01,8.51259e+01
8.51372e+01,8.46076e+01,7.89896e+01,8.51250e+01
8.51372e+01,8.46058e+01,7.90001e+01,8.51241e+01
8.51372e+01,8.46040e+01,7.90149e+01,8.51231e+01
8.51372e+01,8.46025e+01,7.90294e+01,8.51221e+01
8.51372e+01,8.46019e+01,7.90435e+01,8.51208e+01
8.51372e+01,8.46017e+01,7.90574e+01,8.51196e+01
8.51372e+01,8.46015e+01,7.90720e+01,8.51184e+01
8.51372e+01,8.46011e+01,7.90869e+01,8.51171e+01
8.51372e+01,8.46006e+01,7.91026e+01,8.51158e+01
8.51372e+01,8.45999e+01,7.91180e+01,8.51145e+01
8.51372e+01,8.45990e+01,7.91337e+01,8.51133e+01
8.51372e+01,8.45979e+01,7.91503e+01,8.51122e+01
8.51372e+01,8.45970e+01,7.91664e+01,8.51111e+01
8.51372e+01,8.45958e+01,7.91821e+01,8.51101e+01
8.51372e+01,8.45943e+01,7.91972e+01,8.51092e+01
8.51372e+01,8.45926e+01,7.92119e+01,8.51084e+01
8.51372e+01,8.45906e+01,7.92262e+01,8.51077e+01
8.51372e+01,8.45891e+01,7.92400e+01,8.51071e+01
8.51372e+01,8.45874e+01,7.92535e+01,8.51068e+01
8.51372e+01,8.45854e+01,7.92665e+01,8.51066e+01
8.51372e+01,8.45830e+01,7.92792e+01,8.51066e+01
8.51372e+01,8.45805e+01,7.92916e+01,8.51066e+01
8.51372e+01,8.45776e+01,7.93036e+01,8.51066e+01
8.51372e+01,8.45746e+01,7.93159e+01,8.51069e+01
8.51372e+01,8.45714e+01,7.93320e+01,8.51073e+01
8.51372e+01,8.45681e+01,7.93477e+01,8.51078e+01
8.51372e+01,8.45646e+01,7.93630e+01,8.51083e+01
8.51372e+01,8.45616e+01,7.93778e+01,8.51088e+01
8.51372e+01,8.45588e+01,7.93922e+01,8.51092e+01
8.51372e+01,8.45562e+01,7.94064e+01,8.51098e+01
8.51372e+01,8.45537e+01,7.94203e+01,8.51103e+01
8.51372e+01,8.45516e+01,7.94337e+01,8.51108e+01
8.51372e+01,8.45501e+01,7.94468e+01,8.51112e+01
8.51372e+01,8.45493e+01,7.94596e+01,8.51115e+01
8.51372e+01,8.45488e+01,7.94721e+01,8.51116e+01
8.51372e+01,8.45487e+01,7.94843e+01,8.51116e+01
8.51372e+01,8.45491e+01,7.94962e+01,8.51115e+01
8.51372e+01,8.45497e+01,7.95078e+01,8.51113e+01
8.51372e+01,8.45506e+01,7.95192e+01,8.51110e+01
8.51372e+01,8.45517e+01,7.95303e+01,8.51106e+01
8.51372e+01,8.45533e+01,7.95411e+01,8.51101e+01
8.51372e+01,8.45556e+01,7.95517e+01,8.51094e+01
8.51372e+01,8.45580e+01,7.95621e+01,8.51086e+01
8.51372e+01,8.45606e+01,7.95723e+01,8.51077e+01
8.51372e+01,8.45635e+01,7.95822e+01,8.51068e+01
8.51372e+01,8.45669e+01,7.95920e+01,8.51060e+01
8.51372e+01,8.45709e+01,7.96015e+01,8.51053e+01
8.51372e+01,8.45751e+01,7.96109e+01,8.51045e+01
8.51372e+01,8.45792e+01,7.96202e+01,8.51037e+01
8.51372e+01,8.45836e+01,7.96304e+01,8.51028e+01
8.51372e+01,8.45881e+01,7.96404e+01,8.51018e+01
8.51372e+01,8.45924e+01,7.96502e+01,8.51010e+01
8.51372e+01,8.45964e+01,7.96598e+01,8.51003e+01
8.51372e+01,8.46001e+01,7.96692e+01,8.50996e+01
8.51372e+01,8.46035e+01,7.96785e+01,8.50991e+01
8.51372e+01,8.46065e+01,7.96875e+01,8.50988e+01
8.51372e+01,8.46091e+01,7.96964e+01,8.50986e+01
8.51372e+01,8.46112e+01,7.97051e+01,8.50986e+01
8.51372e+01,8.46129e+01,7.97137e+01,8.50987e+01
8.51372e+01,8.46142e+01,7.97221e+01,8.50989e+01
8.51372e+01,8.46155e+01,7.97304e+01,8.50993e+01
8.51372e+01,8.46164e+01,7.97385e+01,8.50997e+01
8.51372e+01,8.46177e+01,7.97464e+01,8.51001e+01
8.51372e+01,8.46187e+01,7.97542e+01,8.51006e+01
8.51372e+01,8.46195e+01,7.97619e+01,8.51013e+01
8.51372e+01,8.46201e+01,7.97695e+01,8.51023e+01
8.51372e+01,8.46205e+01,7.97769e+01,8.51033e+01
8.51372e+01,8.46211e+01,7.97842e+01,8.51048e+01
8.51372e+01,8.46218e+01,7.97924e+01,8.51062e+01
8.51372e+01,8.46224e+01,7.98005e+01,8.51076e+01
8.51372e+01,8.46229e+01,7.98085e+01,8.51090e+01
8.51372e+01,8.46234e+01,7.98163e+01,8.51104e+01
8.51372e+01,8.46239e+01,7.98239e+01,8.51117e+01
8.51372e+01,8.46242e+01,7.98314e+01,8.51129e+01
8.51372e+01,8.46246e+01,7.98388e+01,8.51140e+01
8.51372e+01,8.46249e+01,7.98460e+01,8.51150e+01
8.51372e+01,8.46251e+01,7.98531e+01,8.51161e+01
8.51372e+01,8.46254e+01,7.98601e+01,8.51172e+01
8.51372e+01,8.46257e+01,7.98669e+01,8.51182e+01
8.51372e+01,8.46264e+01,7.98736e+01,8.51191e+01
8.51372e+01,8.46275e+01,7.98802e+01,8.51202e+01
8.51372e+01,8.46290e+01,7.98867e+01,8.51215e+01
8.51372e+01,8.46304e+01,7.98934e+01,8.51228e+01
8.51372e+01,8.46316e+01,7.99004e+01,8.51239e+01
8.51372e+01,8.46334e+01,7.99072e+01,8.51250e+01
8.51372e+01,8.46352e+01,7.99140e+01,8.51261e+01
8.51372e+01,8.46368e+01,7.99210e+01,8.51271e+01
8.51372e+01,8.46382e+01,7.99278e+01,8.51281e+01
8.51372e+01,8.46391e+01,7.99344e+01,8.51291e+01
8.51372e+01,8.46396e+01,7.99409e+01,8.51303e+01
8.51372e+01,8.46396e+01,7.99473e+01,8.51316e+01
8.51372e+01,8.46392e+01,7.99536e+01,8.51331e+01
8.51372e+01,8.46385e+01,7.99597e+01,8.51347e+01
8.51372e+01,8.46373e+01,7.99657e+01,8.51362e+01
8.51372e+01,8.46358e+01,7.99715e+01,8.51375e+01
8.51372e+01,8.46347e+01,7.99773e+01,8.51388e+01
8.51372e+01,8.46334e+01,7.99830e+01,8.51403e+01
8.51372e+01,8.46317e+01,7.99887e+01,8.51419e+01
8.51372e+01,8.46297e+01,7.99943e+01,8.51434e+01
8.51372e+01,8.46272e+01,7.99999e+01,8.51448e+01
8.51372e+01,8.46245e+01,8.00060e+01,8.51459e+01
8.51372e+01,8.46215e+01,8.00119e+01,8.51470e+01
8.51372e+01,8.46183e+01,8.00178e+01,8.51479e+01
8.51372e+01,8.46152e+01,8.00235e+01,8.51485e+01
8.51372e+01,8.46121e+01,8.00295e+01,8.51491e+01
8.51372e+01,8.46088e+01,8.00352e+01,8.51495e+01
8.51372e+01,8.46055e+01,8.00410e+01,8.51497e+01
8.51372e+01,8.46023e+01,8.00469e+01,8.51497e+01
8.51372e+01,8.45992e+01,8.00526e+01,8.51496e+01
8.51372e+01,8.45965e+01,8.00586e+01,8.51493e+01
8.51372e+01,8.45943e+01,8.00659e+01,8.51492e+01
8.51372e+01,8.45926e+01,8.00739e+01,8.51491e+01
8.51372e+01,8.45914e+01,8.00817e+01,8.51490e+01
8.51372e+01,8.45909e+01,8.00893e+01,8.51486e+01
8.51372e+01,8.45912e+01,8.00967e+01,8.51483e+01
8.51372e+01,8.45922e+01,8.01039e+01,8.51479e+01
8.51372e+01,8.45938e+01,8.01109e+01,8.51477e+01
8.51372e+01,8.45960e+01,8.01178e+01,8.51474e+01
8.51372e+01,8.45987e+01,8.01245e+01,8.51470e+01
8.51372e+01,8.46020e+01,8.01310e+01,8.51463e+01
8.51372e+01,8.46057e+01,8.01374e+01,8.51458e+01
8.51372e+01,8.46097e+01,8.01436e+01,8.51455e+01
8.51372e+01,8.46140e+01,8.01497e+01,8.51453e+01
8.51372e+01,8.46188e+01,8.01557e+01,8.51451e+01
8.51372e+01,8.46240e+01,8.01616e+01,8.51448e+01
8.51372e+01,8.46290e+01,8.01710e+01,8.51445e+01
8.51372e+01,8.46338e+01,8.01821e+01,8.51441e+01
8.51372e+01,8.46382e+01,8.01931e+01,8.51438e+01
8.51372e+01,8.46422e+01,8.02039e+01,8.51440e+01
8.51372e+01,8.46457e+01,8.02144e+01,8.51443e+01
8.51372e+01,8.46491e+01,8.02247e+01,8.51447e+01
8.51372e+01,8.46521e+01,8.02347e+01,8.51451e+01
8.51372e+01,8.46543e+01,8.02446e+01,8.51455e+01
8.51372e+01,8.46558e+01,8.02542e+01,8.51460e+01
8.51372e+01,8.46565e+01,8.02636e+01,8.51468e+01
8.51372e+01,8.46564e+01,8.02729e+01,8.51476e+01
8.51372e+01,8.46556e+01,8.02821e+01,8.51485e+01
8.51372e+01,8.46541e+01,8.02911e+01,8.51493e+01
8.51372e+01,8.46519e+01,8.02999e+01,8.51501e+01
8.51372e+01,8.46492e+01,8.03086e+01,8.51509e+01
8.51372e+01,8.46460e+01,8.03170e+01,8.51517e+01
8.51372e+01,8.46424e+01,8.03253e+01,8.51525e+01
8.51372e+01,8.46385e+01,8.03334e+01,8.51533e+01
8.51372e+01,8.46343e+01,8.03414e+01,8.51541e+01
8.51372e+01,8.46301e+01,8.03492e+01,8.51548e+01
8.51372e+01,8.46258e+01,8.03569e+01,8.51554e+01
8.51372e+01,8.46218e+01,8.03644e+01,8.51560e+01
8.51372e+01,8.46179e+01,8.03718e+01,8.51565e+01
8.51372e+01,8.46142e+01,8.03794e+01,8.51568e+01
8.51372e+01,8.46108e+01,8.03870e+01,8.51570e+01
8.51372e+01,8.46077e+01,8.03944e+01,8.51570e+01
8.51372e+01,8.46050e+01,8.04017e+01,8.51568e+01
8.51372e+01,8.46027e+01,8.04088e+01,8.51566e+01
8.51372e+01,8.46009e+01,8.04157e+01,8.51563e+01
8.51372e+01,8.46001e+01,8.04225e+01,8.51560e+01
8.51372e+01,8.46000e+01,8.04292e+01,8.51554e+01
8.51372e+01,8.46014e+01,8.04357e+01,8.51548e+01
8.51372e+01,8.46032e+01,8.04421e+01,8.51541e+01
8.51372e+01,8.46058e+01,8.04483e+01,8.51533e+01
8.51372e+01,8.46088e+01,8.04545e+01,8.51524e+01
8.51372e+01,8.46122e+01,8.04605e+01,8.51515e+01
8.51372e+01,8.46158e+01,8.04664e+01,8.51504e+01
8.51372e+01,8.46194e+01,8.04722e+01,8.51493e+01
8.51372e+01,8.46230e+01,8.04785e+01,8.51482e+01
8.51372e+01,8.46265e+01,8.04850e+01,8.51470e+01
8.51372e+01,8.46299e+01,8.04914e+01,8.51458e+01
8.51372e+01,8.46330e+01,8.04976e+01,8.51445e+01
8.51372e+01,8.46363e+01,8.05038e+01,8.51431e+01
8.51372e+01,8.46396e+01,8.05098e+01,8.51417e+01
8.51372e+01,8.46429e+01,8.05158e+01,8.51404e+01
8.51372e+01,8.46460e+01,8.05216e+01,8.51390e+01
8.51372e+01,8.46490e+01,8.05273e+01,8.51376e+01
8.51372e+01,8.46515e+01,8.05329e+01,8.51362e+01
8.51372e+01,8.46539e+01,8.05384e+01,8.51348e+01
8.51372e+01,8.46560e+01,8.05437e+01,8.51335e+01
8.51372e+01,8.46579e+01,8.05489e+01,8.51322e+01
8.51372e+01,8.46596e+01,8.05541e+01,8.51309e+01
8.51372e+01,8.46610e+01,8.05591e+01,8.51296e+01
8.51372e+01,8.46623e+01,8.05640e+01,8.51284e+01
8.51372e+01,8.46630e+01,8.05689e+01,8.51273e+01
8.51372e+01,8.46632e+01,8.05736e+01,8.51262e+01
8.51372e+01,8.46630e+01,8.05783e+01,8.51253e+01
8.51372e+01,8.46623e+01,8.05828e+01,8.51244e+01
8.51372e+01,8.46611e+01,8.05873e+01,8.51236e+01
8.51372e+01,8.46595e+01,8.05917e+01,8.51229e+01
8.51372e+01,8.46574e+01,8.05960e+01,8.51222e+01
8.51372e+01,8.46550e+01,8.06003e+01,8.51217e+01
8.51372e+01,8.46523e+01,8.06044e+01,8.51212e+01
8.51372e+01,8.46494e+01,8.06085e+01,8.51209e+01
8.51372e+01,8.46462e+01,8.06126e+01,8.51206e+01
8.51372e+01,8.46430e+01,8.06165e+01,8.51203e+01
8.51372e+01,8.46398e+01,8.06204e+01,8.51202e+01
8.51372e+01,8.46365e+01,8.06243e+01,8.51202e+01
8.51372e+01,8.46333e+01,8.06284e+01,8.51202e+01
8.51372e+01,8.46302e+01,8.06329e+01,8.51204e+01
8.51372e+01,8.46273e+01,8.06373e+01,8.51206e+01
8.51372e+01,8.46250e+01,8.06417e+01,8.51208e+01
8.51372e+01,8.46238e+01,8.06459e+01,8.51211e+01
8.51372e+01,8.46245e+01,8.06501e+01,8.51215e+01
8.51372e+01,8.46263e+01,8.06541e+01,8.51220e+01
8.51372e+01,8.46287e+01,8.06581e+01,8.51225e+01
8.51372e+01,8.46323e+01,8.06620e+01,8.51230e+01
8.51372e+01,8.46367e+01,8.06658e+01,8.51236e+01
8.51372e+01,8.46416e+01,8.06696e+01,8.51243e+01
8.51372e+01,8.46470e+01,8.06732e+01,8.51250e+01
8.51372e+01,8.46530e+01,8.06768e+01,8.51257e+01
8.51372e+01,8.46597e+01,8.06803e+01,8.51265e+01
8.51372e+01,8.46669e+01,8.06838e+01,8.51274e+01
8.51372e+01,8.46746e+01,8.06873e+01,8.51283e+01
8.51372e+01,8.46825e+01,8.06907e+01,8.51292e+01
8.51372e+01,8.46904e+01,8.06946e+01,8.51301e+01
8.51372e+01,8.46990e+01,8.06985e+01,8.51311e+01
8.51372e+01,8.47075e+01,8.07023e+01,8.51321e+01
8.51372e+01,8.47159e+01,8.07061e+01,8.51331e+01
8.51372e+01,8.47241e+01,8.07098e+01,8.51341e+01
8.51372e+01,8.47322e+01,8.07134e+01,8.51352e+01
8.51372e+01,8.47400e+01,8.07173e+01,8.51362e+01
8.51372e+01,8.47477e+01,8.07219e+01,8.51372e+01
8.51372e+01,8.47555e+01,8.07263e+01,8.51383e+01
8.51372e+01,8.47634e+01,8.07307e+01,8.51393e+01
8.51372e+01,8.47710e+01,8.07349e+01,8.51403e+01
8.51372e+01,8.47785e+01,8.07390e+01,8.51412e+01
8.51372e+01,8.47867e+01,8.07431e+01,8.51422e+01
8.51372e+01,8.47947e+01,8.07471e+01,8.51431e+01
8.51372e+01,8.48031e+01,8.07510e+01,8.51440e+01
8.51372e+01,8.48114e+01,8.07547e+01,8.51448e+01
8.51372e+01,8.48194e+01,8.07585e+01,8.51456e+01
8.51372e+01,8.48276e+01,8.07621e+01,8.51463e+01
8.51372e+01,8.48360e+01,8.07657e+01,8.51470e+01
8.51372e+01,8.48440e+01,8.07692e+01,8.51477e+01
8.51372e+01,8.48532e+01,8.07726e+01,8.51483e+01
8.51372e+01,8.48617e+01,8.07759e+01,8.51488e+01
8.51372e+01,8.48697e+01,8.07792e+01,8.51493e+01
8.51372e+01,8.48769e+01,8.07829e+01,8.51498e+01
8.51372e+01,8.48842e+01,8.07865e+01,8.51501e+01
8.51372e+01,8.48905e+01,8.07901e+01,8.51504e+01
8.51372e+01,8.48959e+01,8.07936e+01,8.51507e+01
8.51372e+01,8.49008e+01,8.07970e+01,8.51509e+01
8.51372e+01,8.49049e+01,8.08003e+01,8.51510e+01
8.51372e+01,8.49085e+01,8.08036e+01,8.51511e+01
8.51372e+01,8.49120e+01,8.08068e+01,8.51510e+01
8.51372e+01,8.49150e+01,8.08099e+01,8.51510e+01
8.51372e+01,8.49185e+01,8.08132e+01,8.51508e+01
8.51372e+01,8.49222e+01,8.08163e+01,8.51506e+01
8.51372e+01,8.49251e+01,8.08194e+01,8.51503e+01
8.51372e+01,8.49280e+01,8.08225e+01,8.51500e+01
8.51372e+01,8.49312e+01,8.08254e+01,8.51496e+01
8.51372e+01,8.49342e+01,8.08283e+01,8.51492e+01
8.51372e+01,8.49370e+01,8.08312e+01,8.51487e+01
8.51372e+01,8.49412e+01,8.08340e+01,8.51481e+01
8.51372e+01,8.49459e+01,8.08367e+01,8.51475e+01
8.51372e+01,8.49504e+01,8.08394e+01,8.51469e+01
8.51372e+01,8.49544e+01,8.08420e+01,8.51462e+01
8.51372e+01,8.49582e+01,8.08446e+01,8.51455e+01
8.51372e+01,8.49622e+01,8.08472e+01,8.51448e+01
8.51372e+01,8.49654e+01,8.08497e+01,8.51440e+01
8.51372e+01,8.49678e+01,8.08521e+01,8.51432e+01
8.51372e+01,8.49704e+01,8.08552e+01,8.51424e+01
8.51372e+01,8.49728e+01,8.08615e+01,8.51416e+01
8.51372e+01,8.49753e+01,8.08677e+01,8.51408e+01
8.51372e+01,8.49775e+01,8.08737e+01,8.51400e+01
8.51372e+01,8.49802e+01,8.08797e+01,8.51392e+01
8.51372e+01,8.49832e+01,8.08855e+01,8.51383e+01
8.51372e+01,8.49878e+01,8.08911e+01,8.51375e+01
8.51372e+01,8.49928e+01,8.08967e+01,8.51367e+01
8.51372e+01,8.49977e+01,8.09022e+01,8.51359e+01
8.51372e+01,8.50034e+01,8.09075e+01,8.51352e+01
8.51372e+01,8.50091e+01,8.09128e+01,8.51345e+01
8.51372e+01,8.50144e+01,8.09179e+01,8.51337e+01
8.51372e+01,8.50191e+01,8.09230e+01,8.51331e+01
8.51372e+01,8.50242e+01,8.09279e+01,8.51324e+01
8.51372e+01,8.50295e+01,8.09328e+01,8.51318e+01
8.51372e+01,8.50344e+01,8.09376e+01,8.51313e+01
8.51372e+01,8.50384e+01,8.09425e+01,8.51308e+01
8.51372e+01,8.50415e+01,8.09472e+01,8.51304e+01
8.51372e+01,8.50442e+01,8.09523e+01,8.51299e+01
8.51372e+01,8.50459e+01,8.09579e+01,8.51296e+01
8.51372e+01,8.50465e+01,8.09634e+01,8.51293e+01
8.51372e+01,8.50462e+01,8.09688e+01,8.51291e+01
8.51372e+01,8.50448e+01,8.09741e+01,8.51289e+01
8.51372e+01,8.50429e+01,8.09792e+01,8.51287e+01
8.51372e+01,8.50405e+01,8.09842e+01,8.51287e+01
8.51372e+01,8.50371e+01,8.09891e+01,8.51286e+01
8.51372e+01,8.50331e+01,8.09939e+01,8.51286e+01
8.51372e+01,8.50282e+01,8.09994e+01,8.51287e+01
8.51372e+01,8.50227e+01,8.10051e+01,8.51288e+01
8.51372e+01,8.50169e+01,8.10107e+01,8.51290e+01
8.51372e+01,8.50107e+01,8.10162e+01,8.51292e+01
8.51372e+01,8.50041e+01,8.10215e+01,8.51295e+01
8.51372e+01,8.49971e+01,8.10266e+01,8.51298e+01
8.51372e+01,8.49899e+01,8.10317e+01,8.51301e+01
8.51372e+01,8.49826e+01,8.10366e+01,8.51305e+01
8.51372e+01,8.49753e+01,8.10414e+01,8.51309e+01
8.51372e+01,8.49683e+01,8.10460e+01,8.51313e+01
8.51372e+01,8.49610e+01,8.10506e+01,8.51318e+01
8.51372e+01,8.49538e+01,8.10551e+01,8.51322e+01
8.51372e+01,8.49470e+01,8.10595e+01,8.51327e+01
8.51372e+01,8.49402e+01,8.10638e+01,8.51332e+01
8.51372e+01,8.49334e+01,8.10682e+01,8.51337e+01
8.51372e+01,8.49267e+01,8.10724e+01,8.51342e+01
8.51372e+01,8.49201e+01,8.10766e+01,8.51347e+01
8.51372e+01,8.49140e+01,8.10807e+01,8.51353e+01
8.51372e+01,8.49082e+01,8.10847e+01,8.51357e+01
8.51372e+01,8.49026e+01,8.10886e+01,8.51362e+01
8.51372e+01,8.48972e+01,8.10924e+01,8.51367e+01
8.51372e+01,8.48920e+01,8.10961e+01,8.51371e+01
8.51372e+01,8.48871e+01,8.10997e+01,8.51376e+01
8.51372e+01,8.48825e+01,8.11033e+01,8.51380e+01
8.51372e+01,8.48781e+01,8.11068e+01,8.51383e+01
8.51372e+01,8.48739e+01,8.11102e+01,8.51386e+01
8.51372e+01,8.48699e+01,8.11136e+01,8.51389e+01
8.51372e+01,8.48660e+01,8.11170e+01,8.51392e+01
8.51372e+01,8.48626e+01,8.11205e+01,8.51394e+01
8.51372e+01,8.48599e+01,8.11239e+01,8.51396e+01
8.51372e+01,8.48575e+01,8.11273e+01,8.51397e+01
8.51372e+01,8.48554e+01,8.11308e+01,8.51398e+01
8.51372e+01,8.48536e+01,8.11343e+01,8.51399e+01
8.51372e+01,8.48521e+01,8.11376e+01,8.51399e+01
8.51372e+01,8.48510e+01,8.11409e+01,8.51398e+01
8.51372e+01,8.48504e+01,8.11441e+01,8.51397e+01
8.51372e+01,8.48506e+01,8.11473e+01,8.51396e+01
8.51372e+01,8.48510e+01,8.11505e+01,8.51395e+01
8.51372e+01,8.48516e+01,8.11540e+01,8.51393e+01
8.51372e+01,8.48522e+01,8.11574e+01,8.51391e+01
8.51372e+01,8.48530e+01,8.11607e+01,8.51388e+01
8.51372e+01,8.48537e+01,8.11640e+01,8.51386e+01
8.51372e+01,8.48547e+01,8.11672e+01,8.51383e+01
8.51372e+01,8.48560e+01,8.11703e+01,8.51381e+01
8.51372e+01,8.48572e+01,8.11734e+01,8.51378e+01
8.51372e+01,8.48583e+01,8.11763e+01,8.51375e+01
8.51372e+01,8.48591e+01,8.11793e+01,8.51372e+01
8.51372e+01,8.48597e+01,8.11821e+01,8.51369e+01
8.51372e+01,8.48600e+01,8.11849e+01,8.51366e+01
8.51372e+01,8.48600e+01,8.11877e+01,8.51363e+01
8.51372e+01,8.48599e+01,8.11904e+01,8.51361e+01
8.51372e+01,8.48595e+01,8.11930e+01,8.51358e+01
8.51372e+01,8.48589e+01,8.11956e+01,8.51356e+01
8.51372e+01,8.48581e+01,8.11981e+01,8.51354e+01
8.51372e+01,8.48572e+01,8.12006e+01,8.51352e+01
8.51372e+01,8.48561e+01,8.12031e+01,8.51351e+01
8.51372e+01,8.48548e+01,8.12054e+01,8.51349e+01
8.51372e+01,8.48533e+01,8.12078e+01,8.51348e+01
8.51372e+01,8.48518e+01,8.12101e+01,8.51348e+01
8.51372e+01,8.48500e+01,8.12124e+01,8.51348e+01
8.51372e+01,8.48482e+01,8.12146e+01,8.51348e+01
8.51372e+01,8.48462e+01,8.12168e+01,8.51349e+01
8.51372e+01,8.48442e+01,8.12189e+01,8.51350e+01
8.51372e+01,8.48421e+01,8.12210e+01,8.51351e+01
8.51372e+01,8.48399e+01,8.12230e+01,8.51353e+01
8.51372e+01,8.48377e+01,8.12251e+01,8.51355e+01
8.51372e+01,8.48356e+01,8.12271e+01,8.51357e+01
8.51372e+01,8.48336e+01,8.12290e+01,8.51360e+01
8.51372e+01,8.48316e+01,8.12309e+01,8.51363e+01
8.51372e+01,8.48297e+01,8.12328e+01,8.51367e+01
8.51372e+01,8.48278e+01,8.12347e+01,8.51370e+01
8.51372e+01,8.48260e+01,8.12365e+01,8.51374e+01
8.51372e+01,8.48242e+01,8.12383e+01,8.51378e+01
8.51372e+01,8.48224e+01,8.12400e+01,8.51382e+01
8.51372e+01,8.48207e+01,8.12418e+01,8.51386e+01
8.51372e+01,8.48190e+01,8.12435e+01,8.51391e+01
8.51372e+01,8.48174e+01,8.12451e+01,8.51395e+01
8.51372e+01,8.48157e+01,8.12468e+01,8.51399e+01
8.51372e+01,8.48141e+01,8.12484e+01,8.51403e+01
8.51372e+01,8.48125e+01,8.12500e+01,8.51407e+01
8.51372e+01,8.48109e+01,8.12516e+01,8.51411e+01
8.51372e+01,8.48094e+01,8.12531e+01,8.51415e+01
8.51372e+01,8.48080e+01,8.12546e+01,8.51418e+01
8.51372e+01,8.48069e+01,8.12561e+01,8.51421e+01
8.51372e+01,8.48062e+01,8.12576e+01,8.51424e+01
8.51372e+01,8.48058e+01,8.12590e+01,8.51427e+01
8.51372e+01,8.48055e+01,8.12605e+01,8.51429e+01
8.51372e+01,8.48055e+01,8.12619e+01,8.51431e+01
8.51372e+01,8.48058e+01,8.12632e+01,8.51433e+01
8.51372e+01,8.48065e+01,8.12646e+01,8.51434e+01
8.51372e+01,8.48074e+01,8.12659e+01,8.51435e+01
8.51372e+01,8.48087e+01,8.12673e+01,8.51436e+01
8.51372e+01,8.48102e+01,8.12686e+01,8.51436e+01
8.51372e+01,8.48119e+01,8.12698e+01,8.51435e+01
8.51372e+01,8.48139e+01,8.12711e+01,8.51434e+01
8.51372e+01,8.48160e+01,8.12724e+01,8.51433e+01
8.51372e+01,8.48182e+01,8.12736e+01,8.51432e+01
8.51372e+01,8.48206e+01,8.12748e+01,8.51430e+01
8.51372e+01,8.48233e+01,8.12760e+01,8.51427e+01
8.51372e+01,8.48260e+01,8.12771e+01,8.51424e+01
8.51372e+01,8.48292e+01,8.12783e+01,8.51421e+01
8.51372e+01,8.48325e+01,8.12794e+01,8.51418e+01
8.51372e+01,8.48358e+01,8.12806e+01,8.51414e+01
8.51372e+01,8.48389e+01,8.12817e+01,8.51410e+01
8.51372e+01,8.48419e+01,8.12828e+01,8.51406e+01
8.51372e+01,8.48447e+01,8.12838e+01,8.51402e+01
8.51372e+01,8.48472e+01,8.12849e+01,8.51397e+01
8.51372e+01,8.48495e+01,8.12859e+01,8.51393e+01
8.51372e+01,8.48516e+01,8.12870e+01,8.51388e+01
8.51372e+01,8.48534e+01,8.12880e+01,8.51383e+01
8.51372e+01,8.48551e+01,8.12890e+01,8.51378e+01
8.51372e+01,8.48566e+01,8.12900e+01,8.51373e+01
8.51372e+01,8.48577e+01,8.12910e+01,8.51368e+01
8.51372e+01,8.48585e+01,8.12920e+01,8.51363e+01
8.51372e+01,8.48591e+01,8.12930e+01,8.51358e+01
8.51372e+01,8.48595e+01,8.12940e+01,8.51354e+01
8.51372e+01,8.48595e+01,8.12949e+01,8.51349e+01
8.51372e+01,8.48594e+01,8.12959e+01,8.51345e+01
8.51372e+01,8.48590e+01,8.12968e+01,8.51340e+01
8.51372e+01,8.48585e+01,8.12977e+01,8.51336e+01
8.51372e+01,8.48580e+01,8.12986e+01,8.51332e+01
8.51372e+01,8.48573e+01,8.12995e+01,8.51329e+01
8.51372e+01,8.48565e+01,8.13004e+01,8.51326e+01
8.51372e+01,8.48555e+01,8.13012e+01,8.51322e+01
8.51372e+01,8.48545e+01,8.13021e+01,8.51320e+01
8.51372e+01,8.48535e+01,8.13029e+01,8.51317e+01
8.51372e+01,8.48526e+01,8.13038e+01,8.51315e+01
8.51372e+01,8.48517e+01,8.13046e+01,8.51313e+01
8.51372e+01,8.48509e+01,8.13054e+01,8.51312e+01
8.51372e+01,8.48502e+01,8.13062e+01,8.51311e+01
8.51372e+01,8.48497e+01,8.13070e+01,8.51310e+01
8.51372e+01,8.48493e+01,8.13078e+01,8.51309e+01
8.51372e+01,8.48491e+01,8.13086e+01,8.51309e+01
8.51372e+01,8.48490e+01,8.13093e+01,8.51309e+01
8.51372e+01,8.48492e+01,8.13101e+01,8.51309e+01
8.51372e+01,8.48496e+01,8.13108e+01,8.51310e+01
8.51372e+01,8.48506e+01,8.13115e+01,8.51311e+01
8.51372e+01,8.48520e+01,8.13123e+01,8.51312e+01
8.51372e+01,8.48534e+01,8.13130e+01,8.51314e+01
8.51372e+01,8.48549e+01,8.13137e+01,8.51316e+01
8.51372e+01,8.48565e+01,8.13144e+01,8.51318e+01
8.51372e+01,8.48581e+01,8.13151e+01,8.51320e+01
8.51372e+01,8.48597e+01,8.13159e+01,8.51323e+01
8.51372e+01,8.48611e+01,8.13166e+01,8.51325e+01
8.51372e+01,8.48625e+01,8.13173e+01,8.51328e+01
8.51372e+01,8.48638e+01,8.13180e+01,8.51331e+01
8.51372e+01,8.48648e+01,8.13187e+01,8.51334e+01
8.51372e+01,8.48657e+01,8.13194e+01,8.51338e+01
8.51372e+01,8.48664e+01,8.13201e+01,8.51341e+01
8.51372e+01,8.48669e+01,8.13208e+01,8.51344e+01
8.51372e+01,8.48672e+01,8.13214e+01,8.51348e+01
8.51372e+01,8.48672e+01,8.13221e+01,8.51351e+01
8.51372e+01,8.48670e+01,8.13227e+01,8.51355e+01
8.51372e+01,8.48666e+01,8.13234e+01,8.51358e+01
8.51372e+01,8.48661e+01,8.13240e+01,8.51362e+01
8.51372e+01,8.48656e+01,8.13246e+01,8.51365e+01
8.51372e+01,8.48648e+01,8.13253e+01,8.51369e+01
8.51372e+01,8.48638e+01,8.13263e+01,8.51372e+01
8.51372e+01,8.48627e+01,8.13283e+01,8.51376e+01
8.51372e+01,8.48614e+01,8.13305e+01,8.51379e+01
8.51372e+01,8.48602e+01,8.13326e+01,8.51382e+01
8.51372e+01,8.48588e+01,8.13346e+01,8.51385e+01
8.51372e+01,8.48572e+01,8.13365e+01,8.51388e+01
8.51372e+01,8.48555e+01,8.13384e+01,8.51391e+01
8.51372e+01,8.48538e+01,8.13402e+01,8.51394e+01
8.51372e+01,8.48523e+01,8.13420e+01,8.51397e+01
8.51372e+01,8.48509e+01,8.13437e+01,8.51399e+01
8.51372e+01,8.48495e+01,8.13454e+01,8.51402e+01
8.51372e+01,8.48481e+01,8.13470e+01,8.51404e+01
8.51372e+01,8.48470e+01,8.13485e+01,8.51406e+01
8.51372e+01,8.48459e+01,8.13501e+01,8.51407e+01
8.51372e+01,8.48452e+01,8.13515e+01,8.51409e+01
8.51372e+01,8.48447e+01,8.13530e+01,8.51410e+01
8.51372e+01,8.48443e+01,8.13544e+01,8.51411e+01
8.51372e+01,8.48444e+01,8.13557e+01,8.51412e+01
8.51372e+01,8.48448e+01,8.13571e+01,8.51413e+01
8.51372e+01,8.48455e+01,8.13584e+01,8.51414e+01
8.51372e+01,8.48467e+01,8.13596e+01,8.51414e+01
8.51372e+01,8.48480e+01,8.13608e+01,8.51414e+01
8.51372e+01,8.48498e+01,8.13623e+01,8.51414e+01
8.51372e+01,8.48520e+01,8.13647e+01,8.51413e+01
8.51372e+01,8.48544e+01,8.13671e+01,8.51413e+01
8.51372e+01,8.48569e+01,8.13694e+01,8.51412e+01
8.51372e+01,8.48598e+01,8.13717e+01,8.51411e+01
8.51372e+01,8.48633e+01,8.13738e+01,8.51410e+01
8.51372e+01,8.48671e+01,8.13759e+01,8.51409e+01
8.51372e+01,8.48709e+01,8.13780e+01,8.51407e+01
8.51372e+01,8.48751e+01,8.13800e+01,8.51406e+01
8.51372e+01,8.48796e+01,8.13820e+01,8.51404e+01
8.51372e+01,8.48846e+01,8.13839e+01,8.51402e+01
8.51372e+01,8.48895e+01,8.13857e+01,8.51400e+01
8.51372e+01,8.48942e+01,8.13875e+01,8.51399e+01
8.51372e+01,8.48989e+01,8.13893e+01,8.51396e+01
8.51372e+01,8.49034e+01,8.13910e+01,8.51394e+01
8.51372e+01,8.49077e+01,8.13926e+01,8.51392e+01
8.51372e+01,8.49119e+01,8.13942e+01,8.51390e+01
8.51372e+01,8.49159e+01,8.13958e+01,8.51388e+01
8.51372e+01,8.49196e+01,8.13974e+01,8.51386e+01
8.51372e+01,8.49230e+01,8.13989e+01,8.51384e+01
8.51372e+01,8.49260e+01,8.14004e+01,8.51381e+01
8.51372e+01,8.49286e+01,8.14019e+01,8.51379e+01
8.51372e+01,8.49308e+01,8.14033e+01,8.51377e+01
8.51372e+01,8.49327e+01,8.14047e+01,8.51375e+01
8.51372e+01,8.49343e+01,8.14061e+01,8.51374e+01
8.51372e+01,8.49356e+01,8.14074e+01,8.51372e+01
8.51372e+01,8.49366e+01,8.14087e+01,8.51370e+01
8.51372e+01,8.49373e+01,8.14099e+01,8.51369e+01
8.51372e+01,8.49379e+01,8.14112e+01,8.51367e+01
8.51372e+01,8.49384e+01,8.14124e+01,8.51366e+01
8.51372e+01,8.49388e+01,8.14136e+01,8.51365e+01
8.51372e+01,8.49390e+01,8.14147e+01,8.51364e+01
8.51372e+01,8.49392e+01,8.14158e+01,8.51363e+01
8.51372e+01,8.49394e+01,8.14169e+01,8.51362e+01
8.51372e+01,8.49393e+01,8.14180e+01,8.51361e+01
8.51372e+01,8.49391e+01,8.14191e+01,8.51361e+01
8.51372e+01,8.49386e+01,8.14201e+01,8.51360e+01
8.51372e+01,8.49380e+01,8.14211e+01,8.51360e+01
8.51372e+01,8.49373e+01,8.14221e+01,8.51360e+01
8.51372e+01,8.49365e+01,8.14230e+01,8.51360e+01
8.51372e+01,8.49355e+01,8.14240e+01,8.51360e+01
8.51372e+01,8.49344e+01,8.14249e+01,8.51360e+01
8.51372e+01,8.49334e+01,8.14258e+01,8.51360e+01
8.51372e+01,8.49322e+01,8.14266e+01,8.51361e+01
8.51372e+01,8.49308e+01,8.14275e+01,8.51361e+01
8.51372e+01,8.49293e+01,8.14284e+01,8.51362e+01
8.51372e+01,8.49277e+01,8.14301e+01,8.51362e+01
8.51372e+01,8.49262e+01,8.14321e+01,8.51363e+01
8.51372e+01,8.49245e+01,8.14340e+01,8.51364e+01
8.51372e+01,8.49226e+01,8.14358e+01,8.51365e+01
8.51372e+01,8.49206e+01,8.14376e+01,8.51365e+01
8.51372e+01,8.49184e+01,8.14393e+01,8.51366e+01
8.51372e+01,8.49161e+01,8.14410e+01,8.51367e+01
8.51372e+01,8.49136e+01,8.14426e+01,8.51368e+01
8.51372e+01,8.49111e+01,8.14441e+01,8.51369e+01
8.51372e+01,8.49086e+01,8.14463e+01,8.51370e+01
8.51372e+01,8.49060e+01,8.14485e+01,8.51370e+01
8.51372e+01,8.49034e+01,8.14506e+01,8.51371e+01
8.51372e+01,8.49010e+01,8.14527e+01,8.51372e+01
8.51372e+01,8.48989e+01,8.14547e+01,8.51373e+01
8.51372e+01,8.48970e+01,8.14566e+01,8.51373e+01
8.51372e+01,8.48951e+01,8.14585e+01,8.51374e+01
8.51372e+01,8.48934e+01,8.14603e+01,8.51374e+01
8.51372e+01,8.48917e+01,8.14620e+01,8.51375e+01
8.51372e+01,8.48902e+01,8.14637e+01,8.51375e+01
8.51372e+01,8.48887e+01,8.14653e+01,8.51375e+01
8.51372e+01,8.48873e+01,8.14669e+01,8.51375e+01
8.51372e+01,8.48861e+01,8.14684e+01,8.51375e+01
8.51372e+01,8.48850e+01,8.14699e+01,8.51375e+01
8.51372e+01,8.48841e+01,8.14713e+01,8.51375e+01
8.51372e+01,8.48835e+01,8.14727e+01,8.51375e+01
8.51372e+01,8.48832e+01,8.14741e+01,8.51375e+01
8.51372e+01,8.48833e+01,8.14761e+01,8.51374e+01
8.51372e+01,8.48837e+01,8.14781e+01,8.51374e+01
8.51372e+01,8.48841e+01,8.14799e+01,8.51373e+01
8.51372e+01,8.48848e+01,8.14817e+01,8.51373e+01
8.51372e+01,8.48855e+01,8.14835e+01,8.51372e+01
8.51372e+01,8.48865e+01,8.14852e+01,8.51371e+01
8.51372e+01,8.48875e+01,8.14868e+01,8.51370e+01
8.51372e+01,8.48886e+01,8.14885e+01,8.51369e+01
8.51372e+01,8.48898e+01,8.14907e+01,8.51368e+01
8.51372e+01,8.48909e+01,8.14929e+01,8.51367e+01
8.51372e+01,8.48920e+01,8.14949e+01,8.51366e+01
8.51372e+01,8.48931e+01,8.14969e+01,8.51365e+01
8.51372e+01,8.48941e+01,8.15001e+01,8.51363e+01
8.51372e+01,8.48949e+01,8.15034e+01,8.51362e+01
8.51372e+01,8.48956e+01,8.15066e+01,8.51361e+01
8.51372e+01,8.48962e+01,8.15097e+01,8.51360e+01
8.51372e+01,8.48965e+01,8.15127e+01,8.51358e+01
8.51372e+01,8.48967e+01,8.15156e+01,8.51357e+01
8.51372e+01,8.48966e+01,8.15184e+01,8.51356e+01
8.51372e+01,8.48963e+01,8.15211e+01,8.51355e+01
8.51372e+01,8.48958e+01,8.15237e+01,8.51354e+01
8.51372e+01,8.48951e+01,8.15262e+01,8.51353e+01
8.51372e+01,8.48941e+01,8.15287e+01,8.51352e+01
8.51372e+01,8.48929e+01,8.15311e+01,8.51351e+01
8.51372e+01,8.48914e+01,8.15335e+01,8.51350e+01
8.51372e+01,8.48897e+01,8.15358e+01,8.51349e+01
8.51372e+01,8.48878e+01,8.15380e+01,8.51348e+01
8.51372e+01,8.48857e+01,8.15402e+01,8.51348e+01
8.51372e+01,8.48835e+01,8.15422e+01,8.51347e+01
8.51372e+01,8.48810e+01,8.15443e+01,8.51347e+01
8.51372e+01,8.48785e+01,8.15462e+01,8.51347e+01
8.51372e+01,8.48758e+01,8.15482e+01,8.51347e+01
8.51372e+01,8.48731e+01,8.15500e+01,8.51347e+01
8.51372e+01,8.48704e+01,8.15519e+01,8.51347e+01
8.51372e+01,8.48677e+01,8.15536e+01,8.51348e+01
8.51372e+01,8.48651e+01,8.15553e+01,8.51348e+01
8.51372e+01,8.48626e+01,8.15570e+01,8.51349e+01
8.51372e+01,8.48603e+01,8.15587e+01,8.51350e+01
8.51372e+01,8.48582e+01,8.15603e+01,8.51351e+01
8.51372e+01,8.48565e+01,8.15618e+01,8.51352e+01
8.51372e+01,8.48549e+01,8.15633e+01,8.51354e+01
8.51372e+01,8.48536e+01,8.15648e+01,8.51355e+01
8.51372e+01,8.48524e+01,8.15663e+01,8.51357e+01
8.51372e+01,8.48514e+01,8.15677e+01,8.51359e+01
8.51372e+01,8.48506e+01,8.15691e+01,8.51360e+01
8.51372e+01,8.48500e+01,8.15704e+01,8.51362e+01
8.51372e+01,8.48495e+01,8.15718e+01,8.51365e+01
8.51372e+01,8.48492e+01,8.15737e+01,8.51367e+01
8.51372e+01,8.48489e+01,8.15760e+01,8.51369e+01
8.51372e+01,8.48488e+01,8.15782e+01,8.51372e+01
8.51372e+01,8.48488e+01,8.15803e+01,8.51374e+01
8.51372e+01,8.48489e+01,8.15824e+01,8.51377e+01
8.51372e+01,8.48491e+01,8.15845e+01,8.51379e+01
8.51372e+01,8.48493e+01,8.15864e+01,8.51382e+01
8.51372e+01,8.48495e+01,8.15883e+01,8.51384e+01
8.51372e+01,8.48498e+01,8.15902e+01,8.51387e+01
8.51372e+01,8.48502e+01,8.15920e+01,8.51390e+01
8.51372e+01,8.48505e+01,8.15937e+01,8.51392e+01
8.51372e+01,8.48509e+01,8.15954e+01,8.51395e+01
8.51372e+01,8.48513e+01,8.15971e+01,8.51397e+01
8.51372e+01,8.48517e+01,8.15987e+01,8.51399e+01
8.51372e+01,8.48521e+01,8.16004e+01,8.51402e+01
8.51372e+01,8.48526e+01,8.16020e+01,8.51404e+01
8.51372e+01,8.48530e+01,8.16036e+01,8.51406e+01
8.51372e+01,8.48535e+01,8.16052e+01,8.51408e+01
8.51372e+01,8.48539e+01,8.16067e+01,8.51410e+01
8.51372e+01,8.48544e+01,8.16082e+01,8.51411e+01
8.51372e+01,8.48549e+01,8.16096e+01,8.51413e+01
8.51372e+01,8.48555e+01,8.16110e+01,8.51414e+01
8.51372e+01,8.48561e+01,8.16132e+01,8.51415e+01
8.51372e+01,8.48567e+01,8.16162e+01,8.51416e+01
8.51372e+01,8.48574e+01,8.16191e+01,8.51417e+01
8.51372e+01,8.48581e+01,8.16219e+01,8.51417e+01
8.51372e+01,8.48589e+01,8.16246e+01,8.51418e+01
8.51372e+01,8.48598e+01,8.16272e+01,8.51418e+01
8.51372e+01,8.48607e+01,8.16298e+01,8.51417e+01
8.51372e+01,8.48618e+01,8.16322e+01,8.51417e+01
8.51372e+01,8.48630e+01,8.16346e+01,8.51416e+01
8.51372e+01,8.48643e+01,8.16369e+01,8.51416e+01
8.51372e+01,8.48656e+01,8.16398e+01,8.51415e+01
8.51372e+01,8.48670e+01,8.16461e+01,8.51413e+01
8.51372e+01,8.48685e+01,8.16523e+01,8.51412e+01
8.51372e+01,8.48700e+01,8.16583e+01,8.51410e+01
8.51372e+01,8.48716e+01,8.16642e+01,8.51409e+01
8.51372e+01,8.48731e+01,8.16700e+01,8.51407e+01
8.51372e+01,8.48748e+01,8.16756e+01,8.51404e+01
8.51372e+01,8.48764e+01,8.16812e+01,8.51402e+01
8.51372e+01,8.48782e+01,8.16866e+01,8.51399e+01
8.51372e+01,8.48799e+01,8.16919e+01,8.51397e+01
8.51372e+01,8.48816e+01,8.16972e+01,8.51394e+01
8.51372e+01,8.48832e+01,8.17023e+01,8.51391e+01
8.51372e+01,8.48846e+01,8.17073e+01,8.51388e+01
8.51372e+01,8.48859e+01,8.17122e+01,8.51385e+01
8.51372e+01,8.48870e+01,8.17176e+01,8.51382e+01
8.51372e+01,8.48880e+01,8.17233e+01,8.51379e+01
8.51372e+01,8.48888e+01,8.17289e+01,8.51376e+01
8.51372e+01,8.48894e+01,8.17343e+01,8.51372e+01
8.51372e+01,8.48899e+01,8.17396e+01,8.51369e+01
8.51372e+01,8.48901e+01,8.17448e+01,8.51366e+01
8.51372e+01,8.48902e+01,8.17503e+01,8.51363e+01
8.51372e+01,8.48900e+01,8.17597e+01,8.51360e+01
8.51372e+01,8.48897e+01,8.17688e+01,8.51356e+01
8.51372e+01,8.48892e+01,8.17776e+01,8.51353e+01
8.51372e+01,8.48886e+01,8.17864e+01,8.51350e+01
8.51372e+01,8.48879e+01,8.17950e+01,8.51348e+01
8.51372e+01,8.48871e+01,8.18034e+01,8.51345e+01
8.51372e+01,8.48861e+01,8.18115e+01,8.51342e+01
8.51372e+01,8.48851e+01,8.18193e+01,8.51340e+01
8.51372e+01,8.48840e+01,8.18270e+01,8.51338e+01
8.51372e+01,8.48829e+01,8.18344e+01,8.51336e+01
8.51372e+01,8.48819e+01,8.18416e+01,8.51334e+01
8.51372e+01,8.48811e+01,8.18487e+01,8.51332e+01
8.51372e+01,8.48804e+01,8.18555e+01,8.51330e+01
8.51372e+01,8.48797e+01,8.18621e+01,8.51329e+01
8.51372e+01,8.48792e+01,8.18686e+01,8.51328e+01
8.51372e+01,8.48789e+01,8.18749e+01,8.51327e+01
8.51372e+01,8.48786e+01,8.18811e+01,8.51326e+01
8.51372e+01,8.48785e+01,8.18871e+01,8.51326e+01
8.51372e+01,8.48785e+01,8.18929e+01,8.51325e+01
8.51372e+01,8.48786e+01,8.18987e+01,8.51325e+01
8.51372e+01,8.48789e+01,8.19044e+01,8.51325e+01
8.51372e+01,8.48793e+01,8.19099e+01,8.51326e+01
8.51372e+01,8.48798e+01,8.19154e+01,8.51326e+01
8.51372e+01,8.48803e+01,8.19207e+01,8.51327e+01
8.51372e+01,8.48810e+01,8.19261e+01,8.51328e+01
8.51372e+01,8.48817e+01,8.19317e+01,8.51329e+01
8.51372e+01,8.48825e+01,8.19372e+01,8.51330e+01
8.51372e+01,8.48833e+01,8.19426e+01,8.51332e+01
8.51372e+01,8.48841e+01,8.19479e+01,8.51333e+01
8.51372e+01,8.48850e+01,8.19530e+01,8.51335e+01
8.51372e+01,8.48860e+01,8.19581e+01,8.51337e+01
8.51372e+01,8.48870e+01,8.19630e+01,8.51339e+01
8.51372e+01,8.48879e+01,8.19679e+01,8.51341e+01
8.51372e+01,8.48888e+01,8.19726e+01,8.51344e+01
8.51372e+01,8.48897e+01,8.19773e+01,8.51346e+01
8.51372e+01,8.48905e+01,8.19819e+01,8.51348e+01
8.51372e+01,8.48912e+01,8.19864e+01,8.51351e+01
8.51372e+01,8.48918e+01,8.19908e+01,8.51354e+01
8.51372e+01,8.48923e+01,8.19956e+01,8.51356e+01
8.51372e+01,8.48926e+01,8.20005e+01,8.51359e+01
8.51372e+01,8.48929e+01,8.20052e+01,8.51362e+01
8.51372e+01,8.48931e+01,8.20098e+01,8.51365e+01
8.51372e+01,8.48931e+01,8.20144e+01,8.51367e+01
8.51372e+01,8.48931e+01,8.20188e+01,8.51370e+01
8.51372e+01,8.48929e+01,8.20231e+01,8.51373e+01
8.51372e+01,8.48926e+01,8.20274e+01,8.51376e+01
8.51372e+01,8.48923e+01,8.20316e+01,8.51378e+01
8.51372e+01,8.48918e+01,8.20356e+01,8.51381e+01
8.51372e+01,8.48913e+01,8.20397e+01,8.51383e+01
8.51372e+01,8.48908e+01,8.20437e+01,8.51386e+01
8.51372e+01,8.48901e+01,8.20478e+01,8.51388e+01
8.51372e+01,8.48895e+01,8.20518e+01,8.51390e+01
8.51372e+01,8.48888e+01,8.20557e+01,8.51392e+01
8.51372e+01,8.48881e+01,8.20595e+01,8.51394e+01
8.51372e+01,8.48875e+01,8.20633e+01,8.51396e+01
8.51372e+01,8.48869e+01,8.20670e+01,8.51398e+01
8.51372e+01,8.48864e+01,8.20706e+01,8.51399e+01
8.51372e+01,8.48859e+01,8.20742e+01,8.51401e+01
8.51372e+01,8.48856e+01,8.20777e+01,8.51402e+01
8.51372e+01,8.48855e+01,8.20811e+01,8.51403e+01
8.51372e+01,8.48853e+01,8.20845e+01,8.51404e+01
8.51372e+01,8.48853e+01,8.20878e+01,8.51405e+01
8.51372e+01,8.48857e+01,8.20910e+01,8.51405e+01
8.51372e+01,8.48862e+01,8.20943e+01,8.51406e+01
8.51372e+01,8.48868e+01,8.20974e+01,8.51406e+01
8.51372e+01,8.48874e+01,8.21005e+01,8.51406e+01
8.51372e+01,8.48881e+01,8.21043e+01,8.51406e+01
8.51372e+01,8.48889e+01,8.21081e+01,8.51406e+01
8.51372e+01,8.48897e+01,8.21117e+01,8.51406e+01
8.51372e+01,8.48905e+01,8.21153e+01,8.51406e+01
8.51372e+01,8.48914e+01,8.21189e+01,8.51405e+01
8.51372e+01,8.48923e+01,8.21225e+01,8.51405e+01
8.51372e+01,8.48931e+01,8.21261e+01,8.51404e+01
8.51372e+01,8.48939e+01,8.21297e+01,8.51403e+01
8.51372e+01,8.48947e+01,8.21332e+01,8.51402e+01
8.51372e+01,8.48954e+01,8.21366e+01,8.51401e+01
8.51372e+01,8.48960e+01,8.21400e+01,8.51400e+01
8.51372e+01,8.48966e+01,8.21433e+01,8.51399e+01
8.51372e+01,8.48972e+01,8.21466e+01,8.51398e+01
8.51372e+01,8.48978e+01,8.21498e+01,8.51396e+01
8.51372e+01,8.48983e+01,8.21529e+01,8.51395e+01
8.51372e+01,8.48987e+01,8.21560e+01,8.51393e+01
8.51372e+01,8.48991e+01,8.21591e+01,8.51392e+01
8.51372e+01,8.48993e+01,8.21620e+01,8.51390e+01
8.51372e+01,8.48994e+01,8.21650e+01,8.51389e+01
8.51372e+01,8.48995e+01,8.21679e+01,8.51387e+01
8.51372e+01,8.48995e+01,8.21707e+01,8.51386e+01
8.51372e+01,8.48994e+01,8.21735e+01,8.51384e+01
8.51372e+01,8.48992e+01,8.21763e+01,8.51383e+01
8.51372e+01,8.48990e+01,8.21790e+01,8.51381e+01
8.51372e+01,8.48987e+01,8.21817e+01,8.51380e+01
8.51372e+01,8.48985e+01,8.21843e+01,8.51378e+01
8.51372e+01,8.48983e+01,8.21869e+01,8.51377e+01
8.51372e+01,8.48981e+01,8.21895e+01,8.51375e+01
8.51372e+01,8.48979e+01,8.21920e+01,8.51374e+01
8.51372e+01,8.48978e+01,8.21945e+01,8.51373e+01
8.51372e+01,8.48978e+01,8.21969e+01,8.51371e+01
8.51372e+01,8.48978e+01,8.21994e+01,8.51370e+01
8.51372e+01,8.48979e+01,8.22017e+01,8.51369e+01
8.51372e+01,8.48981e+01,8.22041e+01,8.51368e+01
8.51372e+01,8.48984e+01,8.22064e+01,8.51367e+01
8.51372e+01,8.48988e+01,8.22087e+01,8.51366e+01
8.51372e+01,8.48994e+01,8.22110e+01,8.51365e+01
8.51372e+01,8.49000e+01,8.22133e+01,8.51364e+01
8.51372e+01,8.49007e+01,8.22156e+01,8.51363e+01
8.51372e+01,8.49015e+01,8.22180e+01,8.51363e+01
8.51372e+01,8.49023e+01,8.22203e+01,8.51362e+01
8.51372e+01,8.49032e+01,8.22225e+01,8.51361e+01
8.51372e+01,8.49041e+01,8.22248e+01,8.51361e+01
8.51372e+01,8.49051e+01,8.22270e+01,8.51360e+01
8.51372e+01,8.49060e+01,8.22291e+01,8.51360e+01
8.51372e+01,8.49071e+01,8.22313e+01,8.51360e+01
8.51372e+01,8.49082e+01,8.22334e+01,8.51359e+01
8.51372e+01,8.49094e+01,8.22355e+01,8.51359e+01
8.51372e+01,8.49106e+01,8.22375e+01,8.51359e+01
8.51372e+01,8.49117e+01,8.22395e+01,8.51359e+01
8.51372e+01,8.49128e+01,8.22415e+01,8.51358e+01
8.51372e+01,8.49138e+01,8.22438e+01,8.51358e+01
8.51372e+01,8.49147e+01,8.22463e+01,8.51358e+01
8.51372e+01,8.49153e+01,8.22488e+01,8.51358e+01
8.51372e+01,8.49158e+01,8.22513e+01,8.51358e+01
8.51372e+01,8.49161e+01,8.22537e+01,8.51358e+01
8.51372e+01,8.49162e+01,8.22560e+01,8.51358e+01
8.51372e+01,8.49162e+01,8.22584e+01,8.51358e+01
8.51372e+01,8.49160e+01,8.22606e+01,8.51358e+01
8.51372e+01,8.49157e+01,8.22629e+01,8.51359e+01
8.51372e+01,8.49155e+01,8.22651e+01,8.51359e+01
8.51372e+01,8.49151e+01,8.22672e+01,8.51359e+01
8.51372e+01,8.49145e+01,8.22694e+01,8.51359e+01
8.51372e+01,8.49137e+01,8.22714e+01,8.51359e+01
8.51372e+01,8.49128e+01,8.22735e+01,8.51359e+01
8.51372e+01,8.49117e+01,8.22755e+01,8.51359e+01
8.51372e+01,8.49105e+01,8.22775e+01,8.51359e+01
8.51372e+01,8.49091e+01,8.22795e+01,8.51360e+01
8.51372e+01,8.49077e+01,8.22814e+01,8.51360e+01
8.51372e+01,8.49062e+01,8.22833e+01,8.51360e+01
8.51372e+01,8.49047e+01,8.22851e+01,8.51360e+01
8.51372e+01,8.49031e+01,8.22870e+01,8.51360e+01
8.51372e+01,8.49015e+01,8.22888e+01,8.51360e+01
8.51372e+01,8.48999e+01,8.22906e+01,8.51360e+01
8.51372e+01,8.48983e+01,8.22924e+01,8.51361e+01
8.51372e+01,8.48967e+01,8.22941e+01,8.51361e+01
8.51372e+01,8.48953e+01,8.22958e+01,8.51361e+01
8.51372e+01,8.48939e+01,8.22976e+01,8.51361e+01
8.51372e+01,8.48926e+01,8.22993e+01,8.51361e+01
8.51372e+01,8.48914e+01,8.23010e+01,8.51362e+01
8.51372e+01,8.48903e+01,8.23027e+01,8.51362e+01
8.51372e+01,8.48894e+01,8.23043e+01,8.51362e+01
8.51372e+01,8.48887e+01,8.23060e+01,8.51362e+01
8.51372e+01,8.48882e+01,8.23076e+01,8.51362e+01
8.51372e+01,8.48878e+01,8.23091e+01,8.51363e+01
8.51372e+01,8.48876e+01,8.23107e+01,8.51363e+01
8.51372e+01,8.48876e+01,8.23123e+01,8.51363e+01
8.51372e+01,8.48877e+01,8.23138e+01,8.51364e+01
8.51372e+01,8.48879e+01,8.23153e+01,8.51364e+01
8.51372e+01,8.48882e+01,8.23168e+01,8.51364e+01
8.51372e+01,8.48886e+01,8.23183e+01,8.51365e+01
8.51372e+01,8.48890e+01,8.23197e+01,8.51365e+01
8.51372e+01,8.48895e+01,8.23212e+01,8.51366e+01
8.51372e+01,8.48899e+01,8.23226e+01,8.51366e+01
8.51372e+01,8.48904e+01,8.23240e+01,8.51367e+01
8.51372e+01,8.48908e+01,8.23254e+01,8.51367e+01
8.51372e+01,8.48913e+01,8.23267e+01,8.51368e+01
8.51372e+01,8.48917e+01,8.23281e+01,8.51368e+01
8.51372e+01,8.48921e+01,8.23295e+01,8.51369e+01
8.51372e+01,8.48925e+01,8.23308e+01,8.51370e+01
8.51372e+01,8.48928e+01,8.23321e+01,8.51370e+01
8.51372e+01,8.48931e+01,8.23334e+01,8.51371e+01
8.51372e+01,8.48934e+01,8.23347e+01,8.51372e+01
8.51372e+01,8.48938e+01,8.23360e+01,8.51373e+01
8.51372e+01,8.48941e+01,8.23372e+01,8.51374e+01
8.51372e+01,8.48944e+01,8.23385e+01,8.51375e+01
8.51372e+01,8.48947e+01,8.23397e+01,8.51375e+01
8.51372e+01,8.48951e+01,8.23409e+01,8.51376e+01
8.51372e+01,8.48955e+01,8.23422e+01,8.51377e+01
8.51372e+01,8.48960e+01,8.23434e+01,8.51378e+01
8.51372e+01,8.48964e+01,8.23445e+01,8.51379e+01
8.51372e+01,8.48969e+01,8.23457e+01,8.51380e+01
8.51372e+01,8.48974e+01,8.23476e+01,8.51381e+01
8.51372e+01,8.48980e+01,8.23498e+01,8.51382e+01
8.51372e+01,8.48986e+01,8.23525e+01,8.51383e+01
8.51372e+01,8.48993e+01,8.23552e+01,8.51384e+01
8.51372e+01,8.49001e+01,8.23578e+01,8.51385e+01
8.51372e+01,8.49009e+01,8.23603e+01,8.51385e+01
8.51372e+01,8.49018e+01,8.23628e+01,8.51386e+01
8.51372e+01,8.49028e+01,8.23652e+01,8.51387e+01
8.51372e+01,8.49037e+01,8.23675e+01,8.51388e+01
8.51372e+01,8.49047e+01,8.23697e+01,8.51389e+01
8.51372e+01,8.49057e+01,8.23719e+01,8.51389e+01
8.51372e+01,8.49067e+01,8.23741e+01,8.51390e+01
8.51372e+01,8.49077e+01,8.23761e+01,8.51390e+01
8.51372e+01,8.49086e+01,8.23782e+01,8.51391e+01
8.51372e+01,8.49095e+01,8.23801e+01,8.51391e+01
8.51372e+01,8.49108e+01,8.23821e+01,8.51392e+01
8.51372e+01,8.49121e+01,8.23840e+01,8.51392e+01
8.51372e+01,8.49134e+01,8.23858e+01,8.51392e+01
8.51372e+01,8.49144e+01,8.23876e+01,8.51392e+01
8.51372e+01,8.49154e+01,8.23894e+01,8.51393e+01
8.51372e+01,8.49162e+01,8.23911e+01,8.51393e+01
8.51372e+01,8.49169e+01,8.23927e+01,8.51392e+01
8.51372e+01,8.49174e+01,8.23944e+01,8.51392e+01
8.51372e+01,8.49178e+01,8.23960e+01,8.51392e+01
8.51372e+01,8.49180e+01,8.23976e+01,8.51392e+01
8.51372e+01,8.49183e+01,8.23991e+01,8.51391e+01
8.51372e+01,8.49185e+01,8.24006e+01,8.51391e+01
8.51372e+01,8.49186e+01,8.24021e+01,8.51390e+01
8.51372e+01,8.49186e+01,8.24035e+01,8.51390e+01
8.51372e+01,8.49188e+01,8.24050e+01,8.51389e+01
8.51372e+01,8.49190e+01,8.24064e+01,8.51388e+01
8.51372e+01,8.49191e+01,8.24077e+01,8.51387e+01
8.51372e+01,8.49190e+01,8.24091e+01,8.51387e+01
8.51372e+01,8.49190e+01,8.24128e+01,8.51386e+01
8.51372e+01,8.49188e+01,8.24164e+01,8.51385e+01
8.51372e+01,8.49186e+01,8.24200e+01,8.51384e+01
8.51372e+01,8.49184e+01,8.24234e+01,8.51382e+01
8.51372e+01,8.49181e+01,8.24267e+01,8.51381e+01
8.51372e+01,8.49180e+01,8.24299e+01,8.51380e+01
8.51372e+01,8.49178e+01,8.24330e+01,8.51379e+01
8.51372e+01,8.49175e+01,8.24359e+01,8.51378e+01
8.51372e+01,8.49172e+01,8.24388e+01,8.51377e+01
8.51372e+01,8.49169e+01,8.24416e+01,8.51375e+01
8.51372e+01,8.49166e+01,8.24444e+01,8.51374e+01
8.51372e+01,8.49164e+01,8.24470e+01,8.51373e+01
8.51372e+01,8.49161e+01,8.24496e+01,8.51372e+01
8.51372e+01,8.49159e+01,8.24521e+01,8.51370e+01
8.51372e+01,8.49157e+01,8.24547e+01,8.51369e+01
8.51372e+01,8.49155e+01,8.24576e+01,8.51368e+01
8.51372e+01,8.49152e+01,8.24608e+01,8.51367e+01
8.51372e+01,8.49149e+01,8.24640e+01,8.51366e+01
8.51372e+01,8.49146e+01,8.24670e+01,8.51365e+01
8.51372e+01,8.49142e+01,8.24700e+01,8.51364e+01
8.51372e+01,8.49139e+01,8.24728e+01,8.51363e+01
8.51372e+01,8.49135e+01,8.24756e+01,8.51362e+01
8.51372e+01,8.49132e+01,8.24783e+01,8.51361e+01
8.51372e+01,8.49128e+01,8.24809e+01,8.51360e+01
8.51372e+01,8.49125e+01,8.24834e+01,8.51359e+01
8.51372e+01,8.49122e+01,8.24858e+01,8.51358e+01
8.51372e+01,8.49119e+01,8.24882e+01,8.51358e+01
8.51372e+01,8.49116e+01,8.24905e+01,8.51357e+01
8.51372e+01,8.49114e+01,8.24927e+01,8.51357e+01
8.51372e+01,8.49113e+01,8.24949e+01,8.51356e+01
8.51372e+01,8.49112e+01,8.24970e+01,8.51356e+01
8.51372e+01,8.49112e+01,8.24990e+01,8.51356e+01
8.51372e+01,8.49112e+01,8.25010e+01,8.51355e+01
8.51372e+01,8.49112e+01,8.25030e+01,8.51355e+01
8.51372e+01,8.49113e+01,8.25049e+01,8.51355e+01
8.51372e+01,8.49114e+01,8.25067e+01,8.51355e+01
8.51372e+01,8.49116e+01,8.25085e+01,8.51355e+01
8.51372e+01,8.49118e+01,8.25108e+01,8.51355e+01
8.51372e+01,8.49121e+01,8.25132e+01,8.51355e+01
8.51372e+01,8.49124e+01,8.25156e+01,8.51355e+01
8.51372e+01,8.49127e+01,8.25184e+01,8.51355e+01
8.51372e+01,8.49130e+01,8.25211e+01,8.51356e+01
8.51372e+01,8.49135e+01,8.25238e+01,8.51356e+01
8.51372e+01,8.49140e+01,8.25264e+01,8.51356e+01
8.51372e+01,8.49145e+01,8.25289e+01,8.51357e+01
8.51372e+01,8.49151e+01,8.25314e+01,8.51357e+01
8.51372e+01,8.49156e+01,8.25338e+01,8.51357e+01
8.51372e+01,8.49161e+01,8.25361e+01,8.51358e+01
8.51372e+01,8.49166e+01,8.25384e+01,8.51358e+01
8.51372e+01,8.49171e+01,8.25407e+01,8.51359e+01
8.51372e+01,8.49176e+01,8.25429e+01,8.51360e+01
8.51372e+01,8.49181e+01,8.25450e+01,8.51360e+01
8.51372e+01,8.49186e+01,8.25471e+01,8.51361e+01
8.51372e+01,8.49191e+01,8.25492e+01,8.51361e+01
8.51372e+01,8.49195e+01,8.25512e+01,8.51362e+01
8.51372e+01,8.49199e+01,8.25532e+01,8.51363e+01
8.51372e+01,8.49203e+01,8.25551e+01,8.51363e+01
8.51372e+01,8.49206e+01,8.25570e+01,8.51364e+01
8.51372e+01,8.49208e+01,8.25588e+01,8.51364e+01
8.51372e+01,8.49210e+01,8.25606e+01,8.51365e+01
8.51372e+01,8.49211e+01,8.25624e+01,8.51366e+01
8.51372e+01,8.49211e+01,8.25641e+01,8.51366e+01
8.51372e+01,8.49211e+01,8.25658e+01,8.51367e+01
8.51372e+01,8.49210e+01,8.25675e+01,8.51368e+01
8.51372e+01,8.49208e+01,8.25691e+01,8.51368e+01
8.51372e+01,8.49206e+01,8.25707e+01,8.51369e+01
8.51372e+01,8.49205e+01,8.25723e+01,8.51370e+01
8.51372e+01,8.49205e+01,8.25738e+01,8.51370e+01
8.51372e+01,8.49204e+01,8.25754e+01,8.51371e+01
8.51372e+01,8.49201e+01,8.25768e+01,8.51372e+01
8.51372e+01,8.49199e+01,8.25783e+01,8.51372e+01
8.51372e+01,8.49195e+01,8.25797e+01,8.51373e+01
8.51372e+01,8.49190e+01,8.25812e+01,8.51373e+01
8.51372e+01,8.49184e+01,8.25826e+01,8.51374e+01
8.51372e+01,8.49178e+01,8.25840e+01,8.51375e+01
8.51372e+01,8.49171e+01,8.25854e+01,8.51375e+01
8.51372e+01,8.49164e+01,8.25867e+01,8.51376e+01
8.51372e+01,8.49156e+01,8.25881e+01,8.51377e+01
8.51372e+01,8.49147e+01,8.25911e+01,8.51377e+01
8.51372e+01,8.49139e+01,8.25953e+01,8.51378e+01
8.51372e+01,8.49129e+01,8.25993e+01,8.51378e+01
8.51372e+01,8.49120e+01,8.26032e+01,8.51379e+01
8.51372e+01,8.49111e+01,8.26071e+01,8.51379e+01
8.51372e+01,8.49103e+01,8.26108e+01,8.51380e+01
8.51372e+01,8.49095e+01,8.26145e+01,8.51380e+01
8.51372e+01,8.49087e+01,8.26181e+01,8.51381e+01
8.51372e+01,8.49080e+01,8.26217e+01,8.51382e+01
8.51372e+01,8.49074e+01,8.26252e+01,8.51382e+01
8.51372e+01,8.49068e+01,8.26286e+01,8.51383e+01
8.51372e+01,8.49064e+01,8.26320e+01,8.51383e+01
8.51372e+01,8.49059e+01,8.26353e+01,8.51383e+01
8.51372e+01,8.49056e+01,8.26385e+01,8.51384e+01
8.51372e+01,8.49053e+01,8.26417e+01,8.51384e+01
8.51372e+01,8.49051e+01,8.26448e+01,8.51385e+01
8.51372e+01,8.49050e+01,8.26478e+01,8.51385e+01
8.51372e+01,8.49050e+01,8.26508e+01,8.51386e+01
8.51372e+01,8.49051e+01,8.26538e+01,8.51386e+01
8.51372e+01,8.49052e+01,8.26567e+01,8.51386e+01
8.51372e+01,8.49055e+01,8.26595e+01,8.51387e+01
8.51372e+01,8.49058e+01,8.26623e+01,8.51387e+01
8.51372e+01,8.49062e+01,8.26651e+01,8.51387e+01
8.51372e+01,8.49066e+01,8.26678e+01,8.51387e+01
8.51372e+01,8.49071e+01,8.26705e+01,8.51387e+01
8.51372e+01,8.49077e+01,8.26731e+01,8.51388e+01
8.51372e+01,8.49083e+01,8.26758e+01,8.51388e+01
8.51372e+01,8.49089e+01,8.26785e+01,8.51388e+01
8.51372e+01,8.49095e+01,8.26811e+01,8.51388e+01
8.51372e+01,8.49102e+01,8.26837e+01,8.51388e+01
8.51372e+01,8.49109e+01,8.26862e+01,8.51388e+01
8.51372e+01,8.49116e+01,8.26887e+01,8.51388e+01
8.51372e+01,8.49123e+01,8.26912e+01,8.51387e+01
8.51372e+01,8.49130e+01,8.26937e+01,8.51387e+01
8.51372e+01,8.49136e+01,8.26961e+01,8.51387e+01
8.51372e+01,8.49143e+01,8.26985e+01,8.51387e+01
8.51372e+01,8.49149e+01,8.27008e+01,8.51386e+01
8.51372e+01,8.49155e+01,8.27031e+01,8.51386e+01
8.51372e+01,8.49161e+01,8.27054e+01,8.51386e+01
8.51372e+01,8.49167e+01,8.27077e+01,8.51385e+01
8.51372e+01,8.49172e+01,8.27100e+01,8.51385e+01
8.51372e+01,8.49177e+01,8.27122e+01,8.51384e+01
8.51372e+01,8.49181e+01,8.27144e+01,8.51384e+01
8.51372e+01,8.49185e+01,8.27165e+01,8.51383e+01
8.51372e+01,8.49190e+01,8.27187e+01,8.51382e+01
8.51372e+01,8.49194e+01,8.27208e+01,8.51382e+01
8.51372e+01,8.49197e+01,8.27229e+01,8.51381e+01
8.51372e+01,8.49200e+01,8.27250e+01,8.51380e+01
8.51372e+01,8.49203e+01,8.27271e+01,8.51379e+01
8.51372e+01,8.49205e+01,8.27291e+01,8.51378e+01
8.51372e+01,8.49207e+01,8.27311e+01,8.51378e+01
8.51372e+01,8.49209e+01,8.27331e+01,8.51377e+01
8.51372e+01,8.49211e+01,8.27351e+01,8.51376e+01
8.51372e+01,8.49212e+01,8.27372e+01,8.51375e+01
8.51372e+01,8.49213e+01,8.27392e+01,8.51374e+01
8.51372e+01,8.49213e+01,8.27413e+01,8.51373e+01
8.51372e+01,8.49214e+01,8.27433e+01,8.51372e+01
8.51372e+01,8.49214e+01,8.27453e+01,8.51371e+01
8.51372e+01,8.49215e+01,8.27473e+01,8.51370e+01
8.51372e+01,8.49216e+01,8.27492e+01,8.51369e+01
8.51372e+01,8.49217e+01,8.27512e+01,8.51368e+01
8.51372e+01,8.49218e+01,8.27531e+01,8.51367e+01
8.51372e+01,8.49220e+01,8.27550e+01,8.51366e+01
8.51372e+01,8.49223e+01,8.27568e+01,8.51365e+01
8.51372e+01,8.49226e+01,8.27587e+01,8.51364e+01
8.51372e+01,8.49229e+01,8.27605e+01,8.51363e+01
8.51372e+01,8.49232e+01,8.27623e+01,8.51362e+01
8.51372e+01,8.49237e+01,8.27642e+01,8.51361e+01
8.51372e+01,8.49241e+01,8.27659e+01,8.51360e+01
8.51372e+01,8.49245e+01,8.27677e+01,8.51359e+01
8.51372e+01,8.49248e+01,8.27697e+01,8.51358e+01
8.51372e+01,8.49251e+01,8.27716e+01,8.51358e+01
8.51372e+01,8.49253e+01,8.27734e+01,8.51357e+01
8.51372e+01,8.49254e+01,8.27753e+01,8.51356e+01
8.51372e+01,8.49254e+01,8.27771e+01,8.51356e+01
8.51372e+01,8.49254e+01,8.27789e+01,8.51355e+01
8.51372e+01,8.49253e+01,8.27807e+01,8.51355e+01
8.51372e+01,8.49251e+01,8.27825e+01,8.51354e+01
8.51372e+01,8.49248e+01,8.27842e+01,8.51354e+01
8.51372e+01,8.49245e+01,8.27859e+01,8.51353e+01
8.51372e+01,8.49242e+01,8.27877e+01,8.51353e+01
8.51372e+01,8.49238e+01,8.27894e+01,8.51353e+01
8.51372e+01,8.49234e+01,8.27911e+01,8.51352e+01
8.51372e+01,8.49231e+01,8.27928e+01,8.51352e+01
8.51372e+01,8.49227e+01,8.27944e+01,8.51352e+01
8.51372e+01,8.49224e+01,8.27961e+01,8.51352e+01
8.51372e+01,8.49221e+01,8.27977e+01,8.51352e+01
8.51372e+01,8.49218e+01,8.27993e+01,8.51353e+01
8.51372e+01,8.49216e+01,8.28009e+01,8.51353e+01
8.51372e+01,8.49214e+01,8.28024e+01,8.51353e+01
8.51372e+01,8.49213e+01,8.28041e+01,8.51353e+01
8.51372e+01,8.49213e+01,8.28062e+01,8.51354e+01
8.51372e+01,8.49213e+01,8.28082e+01,8.51354e+01
8.51372e+01,8.49215e+01,8.28102e+01,8.51355e+01
8.51372e+01,8.49217e+01,8.28122e+01,8.51355e+01
8.51372e+01,8.49221e+01,8.28141e+01,8.51356e+01
8.51372e+01,8.49225e+01,8.28160e+01,8.51357e+01
8.51372e+01,8.49231e+01,8.28179e+01,8.51358e+01
8.51372e+01,8.49237e+01,8.28198e+01,8.51358e+01
8.51372e+01,8.49244e+01,8.28216e+01,8.51359e+01
8.51372e+01,8.49251e+01,8.28234e+01,8.51360e+01
8.51372e+01,8.49259e+01,8.28252e+01,8.51361e+01
8.51372e+01,8.49268e+01,8.28270e+01,8.51362e+01
8.51372e+01,8.49276e+01,8.28287e+01,8.51363e+01
8.51372e+01,8.49285e+01,8.28304e+01,8.51364e+01
8.51372e+01,8.49293e+01,8.28321e+01,8.51366e+01
8.51372e+01,8.49302e+01,8.28338e+01,8.51367e+01
8.51372e+01,8.49310e+01,8.28354e+01,8.51368e+01
8.51372e+01,8.49318e+01,8.28371e+01,8.51369e+01
8.51372e+01,8.49325e+01,8.28387e+01,8.51370e+01
8.51372e+01,8.49332e+01,8.28403e+01,8.51371e+01
8.51372e+01,8.49339e+01,8.28419e+01,8.51373e+01
8.51372e+01,8.49346e+01,8.28434e+01,8.51374e+01
8.51372e+01,8.49353e+01,8.28449e+01,8.51375e+01
8.51372e+01,8.49359e+01,8.28465e+01,8.51376e+01
8.51372e+01,8.49366e+01,8.28480e+01,8.51377e+01
8.51372e+01,8.49372e+01,8.28495e+01,8.51379e+01
8.51372e+01,8.49377e+01,8.28509e+01,8.51380e+01
8.51372e+01,8.49383e+01,8.28524e+01,8.51381e+01
8.51372e+01,8.49387e+01,8.28538e+01,8.51382e+01
8.51372e+01,8.49392e+01,8.28553e+01,8.51383e+01
8.51372e+01,8.49395e+01,8.28567e+01,8.51384e+01
8.51372e+01,8.49398e+01,8.28581e+01,8.51385e+01
8.51372e+01,8.49401e+01,8.28595e+01,8.51386e+01
8.51372e+01,8.49402e+01,8.28613e+01,8.51387e+01
8.51372e+01,8.49403e+01,8.28630e+01,8.51388e+01
8.51372e+01,8.49403e+01,8.28647e+01,8.51389e+01
8.51372e+01,8.49402e+01,8.28664e+01,8.51390e+01
8.51372e+01,8.49400e+01,8.28681e+01,8.51390e+01
8.51372e+01,8.49398e+01,8.28698e+01,8.51391e+01
8.51372e+01,8.49396e+01,8.28714e+01,8.51392e+01
8.51372e+01,8.49393e+01,8.28731e+01,8.51392e+01
8.51372e+01,8.49389e+01,8.28754e+01,8.51393e+01
8.51372e+01,8.49383e+01,8.28777e+01,8.51393e+01
8.51372e+01,8.49376e+01,8.28799e+01,8.51393e+01
8.51372e+01,8.49368e+01,8.28821e+01,8.51394e+01
8.51372e+01,8.49358e+01,8.28842e+01,8.51394e+01
8.51372e+01,8.49348e+01,8.28863e+01,8.51394e+01
8.51372e+01,8.49336e+01,8.28884e+01,8.51394e+01
8.51372e+01,8.49324e+01,8.28904e+01,8.51394e+01
8.51372e+01,8.49311e+01,8.28924e+01,8.51394e+01
8.51372e+01,8.49297e+01,8.28944e+01,8.51394e+01
8.51372e+01,8.49283e+01,8.28963e+01,8.51393e+01
8.51372e+01,8.49268e+01,8.28982e+01,8.51393e+01
8.51372e+01,8.49253e+01,8.29001e+01,8.51393e+01
8.51372e+01,8.49238e+01,8.29019e+01,8.51392e+01
8.51372e+01,8.49222e+01,8.29037e+01,8.51392e+01
8.51372e+01,8.49208e+01,8.29055e+01,8.51391e+01
8.51372e+01,8.49194e+01,8.29072e+01,8.51391e+01
8.51372e+01,8.49180e+01,8.29089e+01,8.51390e+01
8.51372e+01,8.49167e+01,8.29106e+01,8.51389e+01
8.51372e+01,8.49154e+01,8.29123e+01,8.51388e+01
8.51372e+01,8.49142e+01,8.29140e+01,8.51388e+01
8.51372e+01,8.49131e+01,8.29156e+01,8.51387e+01
8.51372e+01,8.49121e+01,8.29172e+01,8.51386e+01
8.51372e+01,8.49111e+01,8.29188e+01,8.51385e+01
8.51372e+01,8.49103e+01,8.29204e+01,8.51384e+01
8.51372e+01,8.49096e+01,8.29219e+01,8.51383e+01
8.51372e+01,8.49089e+01,8.29235e+01,8.51382e+01
8.51372e+01,8.49084e+01,8.29251e+01,8.51381e+01
8.51372e+01,8.49080e+01,8.29267e+01,8.51380e+01
8.51372e+01,8.49076e+01,8.29282e+01,8.51378e+01
8.51372e+01,8.49074e+01,8.29298e+01,8.51377e+01
8.51372e+01,8.49073e+01,8.29313e+01,8.51376e+01
8.51372e+01,8.49072e+01,8.29328e+01,8.51375e+01
8.51372e+01,8.49073e+01,8.29342e+01,8.51374e+01
8.51372e+01,8.49074e+01,8.29357e+01,8.51372e+01
8.51372e+01,8.49076e+01,8.29371e+01,8.51371e+01
8.51372e+01,8.49079e+01,8.29385e+01,8.51370e+01
8.51372e+01,8.49082e+01,8.29399e+01,8.51369e+01
8.51372e+01,8.49086e+01,8.29413e+01,8.51368e+01
8.51372e+01,8.49090e+01,8.29427e+01,8.51367e+01
8.51372e+01,8.49095e+01,8.29441e+01,8.51365e+01
8.51372e+01,8.49100e+01,8.29454e+01,8.51364e+01
8.51372e+01,8.49105e+01,8.29467e+01,8.51363e+01
8.51372e+01,8.49110e+01,8.29481e+01,8.51362e+01
8.51372e+01,8.49115e+01,8.29494e+01,8.51361e+01
8.51372e+01,8.49121e+01,8.29506e+01,8.51360e+01
8.51372e+01,8.49126e+01,8.29519e+01,8.51359e+01
8.51372e+01,8.49131e+01,8.29532e+01,8.51358e+01
8.51372e+01,8.49137e+01,8.29544e+01,8.51358e+01
8.51372e+01,8.49142e+01,8.29557e+01,8.51357e+01
8.51372e+01,8.49147e+01,8.29569e+01,8.51356e+01
8.51372e+01,8.49152e+01,8.29581e+01,8.51355e+01
8.51372e+01,8.49158e+01,8.29593e+01,8.51355e+01
8.51372e+01,8.49164e+01,8.29605e+01,8.51354e+01
8.51372e+01,8.49170e+01,8.29617e+01,8.51354e+01
8.51372e+01,8.49175e+01,8.29629e+01,8.51353e+01
8.51372e+01,8.49180e+01,8.29640e+01,8.51353e+01
8.51372e+01,8.49184e+01,8.29652e+01,8.51352e+01
8.51372e+01,8.49188e+01,8.29663e+01,8.51352e+01
8.51372e+01,8.49192e+01,8.29674e+01,8.51352e+01
8.51372e+01,8.49194e+01,8.29686e+01,8.51352e+01
8.51372e+01,8.49197e+01,8.29697e+01,8.51351e+01
8.51372e+01,8.49198e+01,8.29708e+01,8.51351e+01
8.51372e+01,8.49199e+01,8.29719e+01,8.51351e+01
8.51372e+01,8.49200e+01,8.29729e+01,8.51351e+01
8.51372e+01,8.49200e+01,8.29740e+01,8.51352e+01
8.51372e+01,8.49199e+01,8.29751e+01,8.51352e+01
8.51372e+01,8.49199e+01,8.29761e+01,8.51352e+01
8.51372e+01,8.49198e+01,8.29772e+01,8.51352e+01
8.51372e+01,8.49196e+01,8.29782e+01,8.51353e+01
8.51372e+01,8.49194e+01,8.29792e+01,8.51353e+01
8.51372e+01,8.49192e+01,8.29802e+01,8.51354e+01
8.51372e+01,8.49189e+01,8.29813e+01,8.51354e+01
8.51372e+01,8.49187e+01,8.29823e+01,8.51355e+01
8.51372e+01,8.49185e+01,8.29833e+01,8.51355e+01
8.51372e+01,8.49183e+01,8.29842e+01,8.51356e+01
8.51372e+01,8.49180e+01,8.29852e+01,8.51357e+01
8.51372e+01,8.49177e+01,8.29862e+01,8.51358e+01
8.51372e+01,8.49174e+01,8.29872e+01,8.51358e+01
8.51372e+01,8.49170e+01,8.29882e+01,8.51359e+01
8.51372e+01,8.49166e+01,8.29897e+01,8.51360e+01
8.51372e+01,8.49163e+01,8.29911e+01,8.51361e+01
8.51372e+01,8.49159e+01,8.29925e+01,8.51362e+01
8.51372e+01,8.49154e+01,8.29939e+01,8.51363e+01
8.51372e+01,8.49150e+01,8.29953e+01,8.51364e+01
8.51372e+01,8.49146e+01,8.29972e+01,8.51365e+01
8.51372e+01,8.49142e+01,8.29990e+01,8.51366e+01
8.51372e+01,8.49138e+01,8.30008e+01,8.51368e+01
8.51372e+01,8.49134e+01,8.30025e+01,8.51369e+01
8.51372e+01,8.49131e+01,8.30045e+01,8.51370e+01
8.51372e+01,8.49128e+01,8.30065e+01,8.51371e+01
8.51372e+01,8.49125e+01,8.30084e+01,8.51372e+01
8.51372e+01,8.49122e+01,8.30103e+01,8.51374e+01
8.51372e+01,8.49120e+01,8.30121e+01,8.51375e+01
8.51372e+01,8.49118e+01,8.30139e+01,8.51376e+01
8.51372e+01,8.49118e+01,8.30156e+01,8.51377e+01
8.51372e+01,8.49118e+01,8.30174e+01,8.51378e+01
8.51372e+01,8.49118e+01,8.30190e+01,8.51379e+01
8.51372e+01,8.49119e+01,8.30207e+01,8.51381e+01
8.51372e+01,8.49121e+01,8.30223e+01,8.51382e+01
8.51372e+01,8.49123e+01,8.30238e+01,8.51383e+01
8.51372e+01,8.49125e+01,8.30254e+01,8.51384e+01
8.51372e+01,8.49129e+01,8.30269e+01,8.51385e+01
8.51372e+01,8.49133e+01,8.30283e+01,8.51386e+01
8.51372e+01,8.49138e+01,8.30298e+01,8.51387e+01
8.51372e+01,8.49144e+01,8.30312e+01,8.51388e+01
8.51372e+01,8.49151e+01,8.30326e+01,8.51389e+01
8.51372e+01,8.49158e+01,8.30339e+01,8.51390e+01
8.51372e+01,8.49167e+01,8.30353e+01,8.51391e+01
8.51372e+01,8.49176e+01,8.30366e+01,8.51391e+01
8.51372e+01,8.49185e+01,8.30379e+01,8.51392e+01
8.51372e+01,8.49195e+01,8.30392e+01,8.51393e+01
8.51372e+01,8.49206e+01,8.30404e+01,8.51393e+01
8.51372e+01,8.49216e+01,8.30417e+01,8.51394e+01
8.51372e+01,8.49227e+01,8.30429e+01,8.51394e+01
8.51372e+01,8.49238e+01,8.30441e+01,8.51395e+01
8.51372e+01,8.49248e+01,8.30453e+01,8.51395e+01
8.51372e+01,8.49258e+01,8.30465e+01,8.51395e+01
8.51372e+01,8.49268e+01,8.30477e+01,8.51396e+01
8.51372e+01,8.49277e+01,8.30488e+01,8.51396e+01
8.51372e+01,8.49286e+01,8.30499e+01,8.51396e+01
8.51372e+01,8.49294e+01,8.30510e+01,8.51396e+01
8.51372e+01,8.49302e+01,8.30522e+01,8.51396e+01
8.51372e+01,8.49312e+01,8.30538e+01,8.51395e+01
8.51372e+01,8.49322e+01,8.30554e+01,8.51395e+01
8.51372e+01,8.49334e+01,8.30570e+01,8.51395e+01
8.51372e+01,8.49348e+01,8.30585e+01,8.51394e+01
8.51372e+01,8.49361e+01,8.30600e+01,8.51394e+01
8.51372e+01,8.49375e+01,8.30614e+01,8.51393e+01
8.51372e+01,8.49389e+01,8.30628e+01,8.51393e+01
8.51372e+01,8.49402e+01,8.30642e+01,8.51392e+01
8.51372e+01,8.49415e+01,8.30656e+01,8.51391e+01
8.51372e+01,8.49426e+01,8.30669e+01,8.51390e+01