5.25706e+00,0.00000e+00,0.00000e+00,0.00000e+00
1.90049e+00,0.00000e+00,0.00000e+00,0.00000e+00
1.26404e+00,0.00000e+00,0.00000e+00,1.10393e-02
9.80580e-01,0.00000e+00,0.00000e+00,7.16449e-02
8.26485e-01,0.00000e+00,0.00000e+00,1.59337e-01
7.31510e-01,0.00000e+00,0.00000e+00,2.66919e-01
6.41241e-01,0.00000e+00,0.00000e+00,3.84674e-01
5.86283e-01,0.00000e+00,0.00000e+00,5.05760e-01
5.30310e-01,1.30675e-02,0.00000e+00,6.20660e-01
4.91091e-01,5.48232e-02,0.00000e+00,7.19873e-01
4.50891e-01,1.04750e-01,0.00000e+00,7.96439e-01
4.17289e-01,1.56288e-01,0.00000e+00,8.45896e-01
3.94850e-01,2.10530e-01,0.00000e+00,8.66368e-01
3.79483e-01,2.68877e-01,0.00000e+00,8.58415e-01
3.59041e-01,3.30562e-01,0.00000e+00,8.24938e-01
3.41227e-01,3.94216e-01,0.00000e+00,7.71020e-01
3.22413e-01,4.57744e-01,0.00000e+00,7.03839e-01
3.06255e-01,5.19450e-01,0.00000e+00,6.31610e-01
2.91337e-01,5.70667e-01,0.00000e+00,5.63251e-01
2.75747e-01,6.13510e-01,0.00000e+00,5.07760e-01
2.62482e-01,6.52551e-01,0.00000e+00,4.70270e-01
2.49498e-01,6.87246e-01,0.00000e+00,4.60635e-01
2.32218e-01,7.16542e-01,0.00000e+00,4.61031e-01
2.05759e-01,7.39267e-01,0.00000e+00,4.77376e-01
1.83673e-01,7.54909e-01,0.00000e+00,4.97423e-01
1.74630e-01,7.62989e-01,0.00000e+00,5.09782e-01
1.67240e-01,7.63380e-01,0.00000e+00,5.20007e-01
1.59885e-01,7.56388e-01,0.00000e+00,5.11529e-01
1.53889e-01,7.42635e-01,0.00000e+00,5.04848e-01
1.49483e-01,7.09980e-01,0.00000e+00,5.00077e-01
1.40173e-01,6.94330e-01,0.00000e+00,4.65539e-01
1.28982e-01,6.70856e-01,0.00000e+00,4.35443e-01
1.19060e-01,6.42083e-01,0.00000e+00,4.12003e-01
1.09784e-01,6.14370e-01,0.00000e+00,3.85653e-01
1.01401e-01,5.88775e-01,0.00000e+00,3.54671e-01
9.39637e-02,5.59774e-01,0.00000e+00,3.28494e-01
8.20616e-02,5.33725e-01,0.00000e+00,3.06775e-01
7.25004e-02,5.14727e-01,0.00000e+00,2.86172e-01
6.37484e-02,5.18051e-01,0.00000e+00,2.74285e-01
5.87181e-02,5.23476e-01,0.00000e+00,2.62327e-01
5.72705e-02,5.34530e-01,0.00000e+00,2.48245e-01
5.27553e-02,5.46838e-01,0.00000e+00,2.39779e-01
4.58481e-02,5.57879e-01,0.00000e+00,2.33703e-01
4.35615e-02,5.74352e-01,0.00000e+00,2.32000e-01
4.31749e-02,5.83743e-01,0.00000e+00,2.36709e-01
4.20984e-02,5.94531e-01,0.00000e+00,2.40515e-01
3.77605e-02,6.02854e-01,0.00000e+00,2.44340e-01
3.34353e-02,5.94334e-01,0.00000e+00,2.47079e-01
3.17327e-02,5.87414e-01,0.00000e+00,2.48133e-01
2.80565e-02,5.74852e-01,0.00000e+00,2.44023e-01
2.40329e-02,5.77252e-01,0.00000e+00,2.39349e-01
2.23868e-02,5.78174e-01,0.00000e+00,2.33991e-01
2.11987e-02,5.73820e-01,0.00000e+00,2.29927e-01
2.03846e-02,5.70696e-01,0.00000e+00,2.25662e-01
1.97506e-02,5.58875e-01,0.00000e+00,2.17970e-01
1.91101e-02,5.55429e-01,0.00000e+00,2.06394e-01
1.82024e-02,5.33511e-01,0.00000e+00,1.98897e-01
1.76021e-02,5.06556e-01,0.00000e+00,1.95769e-01
1.61932e-02,4.95797e-01,0.00000e+00,1.91871e-01
1.47585e-02,4.88975e-01,0.00000e+00,1.88638e-01
1.34376e-02,4.71977e-01,0.00000e+00,1.85279e-01
1.22623e-02,4.55196e-01,0.00000e+00,1.85519e-01
1.12016e-02,4.46838e-01,0.00000e+00,1.78052e-01
1.03828e-02,4.51883e-01,0.00000e+00,1.77807e-01
9.95314e-03,4.46441e-01,0.00000e+00,1.75138e-01
9.96850e-03,4.34571e-01,0.00000e+00,1.73485e-01
1.00782e-02,4.37991e-01,0.00000e+00,1.74649e-01
1.01517e-02,4.40805e-01,0.00000e+00,1.72256e-01
9.78729e-03,4.44140e-01,0.00000e+00,1.69207e-01
9.07464e-03,4.41176e-01,5.26506e-02,1.63932e-01
8.17227e-03,4.30701e-01,7.45386e-02,1.60601e-01
7.37371e-03,4.32846e-01,7.28508e-02,1.54872e-01
6.92099e-03,4.35080e-01,7.12014e-02,1.47903e-01
7.06676e-03,4.36610e-01,6.95895e-02,1.42749e-01
6.37016e-03,4.39507e-01,7.43437e-02,1.41752e-01
6.05306e-03,4.42036e-01,7.28754e-02,1.40833e-01
5.83985e-03,4.40253e-01,7.26949e-02,1.39035e-01
5.69032e-03,4.41175e-01,8.12150e-02,1.37876e-01
5.61437e-03,4.41969e-01,9.36857e-02,1.38688e-01
5.50192e-03,4.42707e-01,9.16253e-02,1.37287e-01
5.25907e-03,4.43313e-01,8.96111e-02,1.35403e-01
4.88471e-03,4.42312e-01,8.76422e-02,1.33807e-01
4.36889e-03,4.38854e-01,8.57174e-02,1.28567e-01
3.78584e-03,4.36912e-01,8.39375e-02,1.24854e-01
3.27313e-03,4.33703e-01,8.72372e-02,1.20086e-01
3.32352e-03,4.25798e-01,8.76412e-02,1.19162e-01
3.18085e-03,4.14672e-01,8.56961e-02,1.17425e-01
3.12570e-03,4.04744e-01,8.37941e-02,1.14265e-01
3.32612e-03,3.96357e-01,8.19345e-02,1.10468e-01
3.42647e-03,3.86573e-01,8.01162e-02,1.10839e-01
3.35908e-03,3.80786e-01,7.83382e-02,1.09502e-01
3.11132e-03,3.77972e-01,7.65999e-02,1.08710e-01
2.71485e-03,3.75195e-01,8.47983e-02,1.07813e-01
2.24079e-03,3.73111e-01,9.22166e-02,1.06995e-01
1.94045e-03,3.72952e-01,9.01656e-02,1.06215e-01
1.89182e-03,3.73977e-01,8.81607e-02,1.04170e-01
1.70416e-03,3.71674e-01,8.62010e-02,1.02029e-01
1.77733e-03,3.69150e-01,8.42854e-02,1.00310e-01
1.99692e-03,3.63619e-01,8.24128e-02,9.86068e-02
2.05583e-03,3.52949e-01,8.05824e-02,9.59802e-02
2.13410e-03,3.46020e-01,8.18104e-02,9.32618e-02
2.00308e-03,3.39174e-01,8.01161e-02,9.10396e-02
1.75719e-03,3.34197e-01,7.84575e-02,8.83989e-02
1.43735e-03,3.30041e-01,7.74390e-02,8.83103e-02
1.11840e-03,3.30604e-01,8.58451e-02,8.88023e-02
1.02341e-03,3.36821e-01,8.90682e-02,8.48796e-02
8.69181e-04,3.44294e-01,8.71276e-02,8.38012e-02
9.71758e-04,3.51915e-01,8.52301e-02,8.32780e-02
9.66009e-04,3.59622e-01,8.33746e-02,8.26968e-02
9.96913e-04,3.59295e-01,8.67232e-02,8.21365e-02
1.17500e-03,3.54449e-01,8.62148e-02,8.07776e-02
1.28857e-03,3.48679e-01,8.42747e-02,7.92714e-02
1.15977e-03,3.41809e-01,8.40250e-02,7.70591e-02
9.67012e-04,3.34270e-01,8.80340e-02,7.58913e-02
7.43607e-04,3.26819e-01,9.01245e-02,7.50879e-02
5.42972e-04,3.16761e-01,9.22168e-02,7.43565e-02
4.50589e-04,3.06204e-01,9.14644e-02,7.39288e-02
5.10478e-04,3.00338e-01,9.42383e-02,7.30959e-02
5.43164e-04,2.96562e-01,9.19594e-02,7.27060e-02
5.38752e-04,2.93685e-01,8.97367e-02,7.30416e-02
6.43828e-04,2.94065e-01,8.75690e-02,7.31025e-02
7.60447e-04,2.92928e-01,8.55204e-02,7.33050e-02
7.60098e-04,2.88332e-01,9.38180e-02,7.40994e-02
6.56863e-04,2.83610e-01,9.57125e-02,7.48812e-02
5.22284e-04,2.81178e-01,9.35725e-02,7.56480e-02
3.81723e-04,2.80045e-01,9.58290e-02,7.29856e-02
2.78309e-04,2.78241e-01,9.33821e-02,7.13763e-02
2.69076e-04,2.75681e-01,9.09995e-02,7.01909e-02
3.38492e-04,2.71041e-01,9.17637e-02,6.90516e-02
3.34810e-04,2.67323e-01,8.97751e-02,6.83722e-02
3.67832e-04,2.56498e-01,9.09247e-02,6.72617e-02
4.25242e-04,2.51862e-01,9.03369e-02,6.59341e-02
4.71943e-04,2.56413e-01,9.26951e-02,6.44172e-02
4.41466e-04,2.67089e-01,9.10847e-02,6.41738e-02
3.69309e-04,2.77159e-01,9.19629e-02,6.35548e-02
2.83678e-04,2.86777e-01,8.96819e-02,6.26043e-02
2.02957e-04,2.84749e-01,8.74624e-02,6.27360e-02
1.58708e-04,2.81778e-01,8.69015e-02,6.25644e-02
1.75707e-04,2.67764e-01,8.71787e-02,6.25671e-02
2.24363e-04,2.58897e-01,8.50266e-02,6.28690e-02
2.25823e-04,2.49773e-01,8.58839e-02,6.24908e-02
2.44031e-04,2.45253e-01,8.55745e-02,6.25289e-02
2.66525e-04,2.40829e-01,8.41942e-02,6.24524e-02
2.81052e-04,2.37768e-01,8.22940e-02,6.25548e-02
2.56022e-04,2.32234e-01,8.04415e-02,6.22734e-02
2.09204e-04,2.28490e-01,7.88601e-02,6.16048e-02
1.57361e-04,2.28420e-01,8.17801e-02,6.08400e-02
1.13421e-04,2.29572e-01,8.08390e-02,5.92032e-02
9.76645e-05,2.31435e-01,7.94006e-02,5.78322e-02
1.15850e-04,2.33315e-01,7.84673e-02,5.72806e-02
1.45685e-04,2.35073e-01,7.75226e-02,5.80512e-02
1.51935e-04,2.33926e-01,7.73791e-02,5.78593e-02
1.56195e-04,2.35489e-01,7.78931e-02,5.63354e-02
1.60452e-04,2.34761e-01,7.60131e-02,5.61507e-02
1.61284e-04,2.31005e-01,7.73764e-02,5.59533e-02
1.49105e-04,2.28840e-01,7.55777e-02,5.55536e-02
1.19729e-04,2.27599e-01,7.69449e-02,5.41654e-02
8.90958e-05,2.25348e-01,7.78302e-02,5.33503e-02
6.60648e-05,2.22495e-01,7.79992e-02,5.28495e-02
6.22220e-05,2.19191e-01,7.72588e-02,5.18000e-02
7.58310e-05,2.18443e-01,7.53433e-02,5.05985e-02
9.33217e-05,2.20921e-01,7.54021e-02,5.04287e-02
9.78749e-05,2.18194e-01,7.80048e-02,4.77191e-02
9.39427e-05,2.14094e-01,7.73806e-02,4.65017e-02
9.08781e-05,2.07935e-01,7.56729e-02,4.66494e-02
8.85777e-05,2.03029e-01,7.47411e-02,4.54560e-02
8.69233e-05,1.98392e-01,7.38837e-02,4.53638e-02
6.91718e-05,1.94061e-01,7.31683e-02,4.57057e-02
5.15488e-05,1.88427e-01,7.12818e-02,4.62568e-02
4.00922e-05,1.85093e-01,7.05477e-02,4.48708e-02
4.04881e-05,1.84098e-01,6.99254e-02,4.38720e-02
4.93427e-05,1.83224e-01,6.96680e-02,4.33692e-02
5.92129e-05,1.83376e-01,7.09714e-02,4.35840e-02
5.87550e-05,1.84290e-01,7.04594e-02,4.43916e-02
5.27731e-05,1.84581e-01,7.22191e-02,4.53381e-02
4.91111e-05,1.86196e-01,7.03880e-02,4.63190e-02
4.83828e-05,1.84858e-01,6.86125e-02,4.52516e-02
4.98845e-05,1.86577e-01,6.93627e-02,4.40202e-02
4.05605e-05,1.88483e-01,6.80744e-02,4.30061e-02
3.07494e-05,1.88687e-01,6.63563e-02,4.20891e-02
2.52859e-05,1.90173e-01,6.46912e-02,4.06756e-02
2.65110e-05,1.91199e-01,6.30942e-02,3.91684e-02
3.17443e-05,1.90720e-01,6.28265e-02,3.83767e-02
3.71306e-05,1.89396e-01,6.71548e-02,3.83777e-02
3.34603e-05,1.88411e-01,6.68162e-02,3.83356e-02
3.02183e-05,1.86617e-01,6.57065e-02,3.82595e-02
2.67552e-05,1.83004e-01,6.39588e-02,3.83479e-02
2.76097e-05,1.78116e-01,6.23690e-02,3.79650e-02
3.03866e-05,1.73471e-01,6.09672e-02,3.72882e-02
2.42876e-05,1.69295e-01,5.96036e-02,3.68258e-02
1.88898e-05,1.65021e-01,5.97083e-02,3.61609e-02
1.62094e-05,1.60994e-01,5.84029e-02,3.60570e-02
1.71464e-05,1.56999e-01,5.95515e-02,3.57916e-02
2.00794e-05,1.56304e-01,5.88259e-02,3.56154e-02
2.30043e-05,1.55745e-01,5.80418e-02,3.60381e-02
1.94383e-05,1.52292e-01,5.73970e-02,3.64617e-02
1.79119e-05,1.50026e-01,5.63815e-02,3.69759e-02
1.50805e-05,1.48037e-01,5.64189e-02,3.74568e-02
1.66918e-05,1.43990e-01,5.51788e-02,3.78268e-02
1.84061e-05,1.44424e-01,5.43860e-02,3.78584e-02
1.48084e-05,1.45667e-01,5.50155e-02,3.79747e-02
1.17618e-05,1.45561e-01,5.41961e-02,3.78250e-02
1.03124e-05,1.43429e-01,5.56063e-02,3.74197e-02
1.08613e-05,1.40384e-01,5.44137e-02,3.72150e-02
1.25048e-05,1.39164e-01,5.32535e-02,3.70346e-02
1.34777e-05,1.39818e-01,5.22003e-02,3.67409e-02
1.17572e-05,1.41276e-01,5.22497e-02,3.63859e-02
1.03400e-05,1.43036e-01,5.11415e-02,3.59043e-02
8.84901e-06,1.45137e-01,5.00628e-02,3.52170e-02
1.05326e-05,1.47290e-01,4.91883e-02,3.46221e-02
1.12370e-05,1.49508e-01,4.83518e-02,3.39614e-02
9.09774e-06,1.52177e-01,4.73634e-02,3.31266e-02
7.29512e-06,1.54613e-01,4.89354e-02,3.23447e-02
6.43813e-06,1.56700e-01,4.81148e-02,3.13428e-02
6.86300e-06,1.58308e-01,4.78026e-02,3.02332e-02
7.72230e-06,1.53872e-01,4.69186e-02,2.95591e-02
7.81347e-06,1.48628e-01,4.79932e-02,2.91632e-02
6.94011e-06,1.43268e-01,4.69609e-02,2.88077e-02
5.79738e-06,1.38354e-01,4.62356e-02,2.86000e-02
5.58885e-06,1.33612e-01,4.56584e-02,2.84268e-02
6.78945e-06,1.29423e-01,4.50456e-02,2.83352e-02
6.88588e-06,1.25708e-01,4.41280e-02,2.79256e-02
5.56801e-06,1.23184e-01,4.32368e-02,2.80482e-02
4.46002e-06,1.21567e-01,4.23709e-02,2.82835e-02
3.94517e-06,1.20426e-01,4.15295e-02,2.85609e-02
4.54222e-06,1.15208e-01,4.07117e-02,2.89450e-02
4.77836e-06,1.15443e-01,4.00086e-02,2.92442e-02
4.63606e-06,1.17242e-01,4.03142e-02,2.96524e-02
3.99306e-06,1.19638e-01,4.08167e-02,2.99143e-02
3.20696e-06,1.22326e-01,3.98548e-02,3.01522e-02
3.63693e-06,1.24860e-01,3.89234e-02,3.03973e-02
4.36219e-06,1.26139e-01,3.81676e-02,3.05507e-02
4.20003e-06,1.27163e-01,3.79069e-02,3.03589e-02
3.36724e-06,1.29001e-01,3.70171e-02,3.02290e-02
2.68226e-06,1.30020e-01,3.69464e-02,3.00183e-02
2.65598e-06,1.30694e-01,3.61009e-02,2.97316e-02
2.92916e-06,1.28229e-01,3.52804e-02,2.92716e-02
2.99376e-06,1.27897e-01,3.44839e-02,2.81398e-02
2.86536e-06,1.25481e-01,3.37108e-02,2.72892e-02
2.27400e-06,1.24226e-01,3.29601e-02,2.61963e-02
2.10131e-06,1.23162e-01,3.28637e-02,2.55843e-02
2.34488e-06,1.21363e-01,3.24067e-02,2.52195e-02
2.74422e-06,1.17965e-01,3.22214e-02,2.49707e-02
2.53384e-06,1.16904e-01,3.31333e-02,2.49073e-02
2.00709e-06,1.15652e-01,3.46733e-02,2.49252e-02
1.59905e-06,1.14287e-01,3.39257e-02,2.49962e-02
1.75788e-06,1.13958e-01,3.32002e-02,2.49888e-02
1.84415e-06,1.14186e-01,3.25935e-02,2.50281e-02
1.90951e-06,1.14713e-01,3.38871e-02,2.51209e-02
1.82977e-06,1.15163e-01,3.38604e-02,2.52341e-02
1.47961e-06,1.14888e-01,3.35028e-02,2.53720e-02
1.35432e-06,1.13158e-01,3.29053e-02,2.55343e-02
1.46581e-06,1.13332e-01,3.37872e-02,2.54399e-02
1.68422e-06,1.12792e-01,3.29724e-02,2.53487e-02
1.50837e-06,1.11988e-01,3.21842e-02,2.53747e-02
1.18471e-06,1.12067e-01,3.18280e-02,2.49869e-02
1.02512e-06,1.12108e-01,3.13756e-02,2.48942e-02
1.13311e-06,1.10004e-01,3.06565e-02,2.46760e-02
1.13472e-06,1.08963e-01,3.10326e-02,2.42914e-02
1.23652e-06,1.06833e-01,3.11137e-02,2.38693e-02
1.17849e-06,1.03214e-01,3.07902e-02,2.32872e-02
9.47987e-07,1.00397e-01,3.06270e-02,2.32205e-02
8.41066e-07,9.85218e-02,3.17566e-02,2.31980e-02
8.85897e-07,9.66171e-02,3.10766e-02,2.32260e-02
1.01569e-06,9.41181e-02,3.03903e-02,2.32725e-02
8.88257e-07,9.15161e-02,3.02118e-02,2.32564e-02
7.01201e-07,9.01116e-02,3.20284e-02,2.29087e-02
6.78659e-07,8.91325e-02,3.15204e-02,2.26340e-02
7.12789e-07,8.85532e-02,3.10444e-02,2.25221e-02
7.06272e-07,8.75936e-02,3.21338e-02,2.22682e-02
8.06035e-07,8.74173e-02,3.14955e-02,2.21416e-02
7.51590e-07,8.72641e-02,3.08737e-02,2.19809e-02
5.89983e-07,8.80754e-02,3.04146e-02,2.12526e-02
5.01989e-07,8.89206e-02,3.28866e-02,2.10554e-02
5.21525e-07,8.97323e-02,3.21939e-02,2.08309e-02
6.09437e-07,9.08130e-02,3.15214e-02,2.04777e-02
5.21577e-07,9.17895e-02,3.12517e-02,2.00087e-02
4.23785e-07,9.25569e-02,3.10569e-02,1.93916e-02
4.37156e-07,9.21307e-02,3.08217e-02,1.90655e-02
4.38088e-07,9.17564e-02,3.06187e-02,1.86291e-02
4.72704e-07,9.11167e-02,3.16766e-02,1.83743e-02
5.24013e-07,9.02761e-02,3.10870e-02,1.83931e-02
4.71149e-07,8.92079e-02,3.04818e-02,1.85289e-02
3.56346e-07,8.71419e-02,3.07319e-02,1.85389e-02
2.89479e-07,8.53853e-02,3.01016e-02,1.85965e-02
3.03109e-07,8.36062e-02,3.09651e-02,1.84277e-02
3.68682e-07,8.16885e-02,3.14638e-02,1.83474e-02
3.09305e-07,7.84106e-02,3.08037e-02,1.82372e-02
2.65564e-07,7.67076e-02,3.01634e-02,1.81143e-02
2.74675e-07,7.52925e-02,2.95524e-02,1.79244e-02
2.83697e-07,7.39948e-02,2.92456e-02,1.75892e-02
3.14988e-07,7.33213e-02,2.86425e-02,1.73576e-02
3.37450e-07,7.25544e-02,2.80575e-02,1.71692e-02
2.90417e-07,7.24917e-02,2.87963e-02,1.72501e-02
2.10019e-07,7.30928e-02,2.82434e-02,1.74897e-02
1.62946e-07,7.31368e-02,2.80354e-02,1.76888e-02
1.76907e-07,7.42830e-02,2.74767e-02,1.78910e-02
2.21159e-07,7.57504e-02,2.69327e-02,1.80555e-02
1.87807e-07,7.70761e-02,2.64068e-02,1.80968e-02
1.72834e-07,7.85177e-02,2.58870e-02,1.81686e-02
1.77661e-07,7.99703e-02,2.53845e-02,1.80974e-02
1.92892e-07,8.10925e-02,2.48949e-02,1.81018e-02
2.07464e-07,8.21629e-02,2.44286e-02,1.79802e-02
2.14503e-07,8.29870e-02,2.48539e-02,1.78770e-02
1.76837e-07,8.35372e-02,2.42853e-02,1.75694e-02
1.21845e-07,8.35770e-02,2.37722e-02,1.73671e-02
9.08117e-08,8.36136e-02,2.35282e-02,1.72423e-02
1.05245e-07,8.33467e-02,2.41355e-02,1.71103e-02
1.31194e-07,8.24630e-02,2.46254e-02,1.68458e-02
1.17636e-07,8.16176e-02,2.41473e-02,1.66985e-02
1.15358e-07,8.06600e-02,2.36831e-02,1.65872e-02
1.21353e-07,7.93743e-02,2.52361e-02,1.64628e-02
1.29455e-07,7.75157e-02,2.58905e-02,1.63658e-02
1.34691e-07,7.58036e-02,2.53787e-02,1.63051e-02
1.34500e-07,7.40973e-02,2.48197e-02,1.57763e-02
1.07006e-07,7.24720e-02,2.46193e-02,1.57239e-02
7.02472e-08,7.08957e-02,2.49794e-02,1.55202e-02
5.08717e-08,6.96072e-02,2.45485e-02,1.53363e-02
6.42026e-08,6.81894e-02,2.40273e-02,1.52433e-02
7.94510e-08,6.60777e-02,2.35974e-02,1.52471e-02
7.57517e-08,6.52050e-02,2.33651e-02,1.52569e-02
7.76808e-08,6.35522e-02,2.28737e-02,1.52654e-02
8.20451e-08,6.32539e-02,2.23969e-02,1.51192e-02
8.55697e-08,6.28744e-02,2.19341e-02,1.49414e-02
8.62327e-08,6.28201e-02,2.14849e-02,1.48929e-02
8.33056e-08,6.30107e-02,2.10605e-02,1.47566e-02
6.46729e-08,6.26722e-02,2.12613e-02,1.45782e-02
4.05399e-08,6.27212e-02,2.11211e-02,1.43110e-02
2.89537e-08,6.30139e-02,2.39765e-02,1.41848e-02
4.00025e-08,6.33077e-02,2.76285e-02,1.40465e-02
4.92506e-08,6.34546e-02,2.71118e-02,1.38593e-02
4.96115e-08,6.35167e-02,2.66088e-02,1.36320e-02
5.21634e-08,6.36970e-02,2.62943e-02,1.34947e-02
5.47336e-08,6.28204e-02,2.59826e-02,1.32147e-02
5.57729e-08,6.30584e-02,2.55035e-02,1.30580e-02
5.45669e-08,6.32990e-02,2.50369e-02,1.29139e-02
5.10988e-08,6.34739e-02,2.48448e-02,1.28316e-02
3.91531e-08,6.33463e-02,2.49596e-02,1.27239e-02
2.34904e-08,6.31400e-02,2.49229e-02,1.25737e-02
1.73075e-08,6.33204e-02,2.44457e-02,1.23135e-02
2.52513e-08,6.35881e-02,2.39819e-02,1.22643e-02
3.11266e-08,6.29512e-02,2.36078e-02,1.21833e-02
3.26875e-08,6.31217e-02,2.31739e-02,1.21150e-02
3.47443e-08,6.32623e-02,2.27520e-02,1.19180e-02
3.60553e-08,6.33311e-02,2.23418e-02,1.18962e-02
3.59445e-08,6.32277e-02,2.21223e-02,1.19206e-02
3.42330e-08,6.30293e-02,2.17772e-02,1.19943e-02
3.11321e-08,6.28380e-02,2.13910e-02,1.20805e-02
2.37579e-08,6.24130e-02,2.10152e-02,1.21645e-02
1.36479e-08,6.20104e-02,2.06494e-02,1.22214e-02
1.22657e-08,6.15871e-02,2.02934e-02,1.22012e-02
1.60408e-08,6.09122e-02,1.99467e-02,1.22476e-02
1.99158e-08,6.02388e-02,1.96091e-02,1.23103e-02
2.15168e-08,5.97640e-02,1.92802e-02,1.23849e-02
2.29323e-08,5.92936e-02,1.89598e-02,1.24378e-02
2.35098e-08,5.88293e-02,1.86476e-02,1.24715e-02
2.29783e-08,5.82914e-02,1.83433e-02,1.25045e-02
2.13557e-08,5.71374e-02,1.80466e-02,1.25517e-02
1.88874e-08,5.54675e-02,1.82537e-02,1.25915e-02
1.44358e-08,5.50359e-02,1.88002e-02,1.26230e-02
7.91506e-09,5.44275e-02,1.84986e-02,1.26459e-02
8.34873e-09,5.28888e-02,1.84897e-02,1.26423e-02
1.02184e-08,5.26875e-02,2.27088e-02,1.25648e-02
1.28205e-08,5.28646e-02,2.32999e-02,1.25227e-02
1.41096e-08,5.28779e-02,2.31784e-02,1.24784e-02
1.50173e-08,5.19791e-02,2.32498e-02,1.23904e-02
1.52156e-08,5.13964e-02,2.28091e-02,1.23363e-02
1.46109e-08,5.14337e-02,2.23813e-02,1.22835e-02
1.32780e-08,5.17973e-02,2.19660e-02,1.22244e-02
1.14287e-08,5.21641e-02,2.15626e-02,1.21236e-02
8.76854e-09,5.23957e-02,2.13843e-02,1.20396e-02
4.62736e-09,5.26619e-02,2.09811e-02,1.19325e-02
5.51103e-09,5.27871e-02,2.07661e-02,1.18464e-02
6.52232e-09,5.26665e-02,2.07141e-02,1.17576e-02
8.27259e-09,5.25494e-02,2.03148e-02,1.16634e-02
9.21397e-09,5.24320e-02,1.99251e-02,1.15169e-02
9.77516e-09,5.16912e-02,1.95251e-02,1.13845e-02
9.79695e-09,5.04709e-02,1.91568e-02,1.11994e-02
9.25872e-09,4.95457e-02,1.87990e-02,1.09734e-02
8.23902e-09,4.91629e-02,1.86349e-02,1.08494e-02
6.90104e-09,4.86995e-02,1.89196e-02,1.07272e-02
5.31491e-09,4.78523e-02,1.88062e-02,1.05243e-02
3.14985e-09,4.72051e-02,1.84474e-02,1.03547e-02
3.54939e-09,4.62865e-02,1.82117e-02,1.02429e-02
4.17460e-09,4.53027e-02,1.79200e-02,1.01321e-02
5.34267e-09,4.45716e-02,1.75796e-02,1.00059e-02
5.99625e-09,4.38852e-02,1.72491e-02,9.91430e-03
6.33522e-09,4.32373e-02,1.73836e-02,9.84287e-03
6.28529e-09,4.24653e-02,1.71083e-02,9.78520e-03
5.85318e-09,4.19509e-02,1.67324e-02,9.74000e-03
5.10432e-09,4.15360e-02,1.73038e-02,9.70689e-03
4.15694e-09,4.09641e-02,1.87941e-02,9.66656e-03
3.19651e-09,4.06992e-02,1.84539e-02,9.64923e-03
2.08213e-09,4.05038e-02,1.81237e-02,9.64033e-03
2.23927e-09,4.05427e-02,1.78031e-02,9.63815e-03
2.68281e-09,3.98203e-02,1.74918e-02,9.64112e-03
3.45235e-09,3.95704e-02,1.71894e-02,9.64024e-03
3.89198e-09,3.98307e-02,1.77469e-02,9.62454e-03
4.09235e-09,3.98509e-02,1.74163e-02,9.63129e-03
4.02108e-09,3.97264e-02,1.70863e-02,9.63506e-03
3.69278e-09,4.01610e-02,1.67659e-02,9.63595e-03
3.15696e-09,4.04459e-02,1.64547e-02,9.63695e-03
2.49599e-09,4.05712e-02,1.61524e-02,9.63562e-03
1.84004e-09,4.06869e-02,1.58586e-02,9.52899e-03
1.34428e-09,4.09414e-02,1.55741e-02,9.52189e-03
1.38764e-09,4.06368e-02,1.56319e-02,9.52140e-03
1.73271e-09,4.07577e-02,1.53451e-02,9.52409e-03
2.23205e-09,4.07011e-02,1.50691e-02,9.53168e-03
2.52080e-09,4.07257e-02,1.48175e-02,9.54497e-03
2.63625e-09,4.06706e-02,1.51873e-02,9.56085e-03
2.56604e-09,4.06508e-02,1.71089e-02,9.58199e-03
2.32500e-09,4.05224e-02,1.67947e-02,9.61582e-03
1.94864e-09,4.05603e-02,1.66194e-02,9.65624e-03
1.49273e-09,4.05625e-02,1.62883e-02,9.66271e-03
1.04665e-09,4.05092e-02,1.59674e-02,9.71133e-03
7.81885e-10,4.05269e-02,1.56440e-02,9.76421e-03
8.46253e-10,4.04566e-02,1.63104e-02,9.82348e-03
1.12455e-09,4.01944e-02,1.64042e-02,9.88269e-03
1.44362e-09,3.94570e-02,1.62752e-02,9.94174e-03
1.62944e-09,3.93961e-02,1.59445e-02,9.99766e-03
1.69380e-09,3.93080e-02,1.56234e-02,1.00295e-02
1.63339e-09,3.91801e-02,1.53116e-02,1.00471e-02
1.46062e-09,3.90076e-02,1.56354e-02,1.00767e-02
1.20012e-09,3.87876e-02,1.64080e-02,1.00685e-02
8.88741e-10,3.85207e-02,1.61151e-02,1.00623e-02
5.86458e-10,3.81438e-02,1.58306e-02,9.98187e-03
4.25189e-10,3.76550e-02,1.55543e-02,9.92095e-03
5.08583e-10,3.72801e-02,1.52858e-02,9.88441e-03
7.32520e-10,3.68759e-02,1.50248e-02,9.83381e-03
9.33630e-10,3.64477e-02,1.47712e-02,9.76891e-03
1.05103e-09,3.60045e-02,1.48800e-02,9.68927e-03
1.08536e-09,3.53940e-02,1.47274e-02,9.59544e-03
1.03702e-09,3.47099e-02,1.46615e-02,9.49052e-03
9.15492e-10,3.41417e-02,1.43991e-02,9.36318e-03
7.37459e-10,3.37495e-02,1.42168e-02,9.23225e-03
5.26757e-10,3.34422e-02,1.43707e-02,9.05602e-03
3.22867e-10,3.31855e-02,1.41138e-02,8.88282e-03
2.27229e-10,3.29017e-02,1.38646e-02,8.69938e-03
3.01479e-10,3.27146e-02,1.36228e-02,8.53569e-03
4.77985e-10,3.26228e-02,1.33882e-02,8.37367e-03
6.03409e-10,3.25666e-02,1.32708e-02,8.21876e-03
6.76329e-10,3.20587e-02,1.45432e-02,8.07034e-03
6.93540e-10,3.18803e-02,1.54420e-02,7.93073e-03
6.56638e-10,3.19281e-02,1.51885e-02,7.80264e-03
5.72516e-10,3.19907e-02,1.49421e-02,7.68808e-03
4.52256e-10,3.20526e-02,1.47025e-02,7.57984e-03
3.10989e-10,3.20992e-02,1.44694e-02,7.45364e-03
2.01984e-10,3.21180e-02,1.42426e-02,7.38668e-03
1.19950e-10,3.20998e-02,1.40218e-02,7.33791e-03
1.76360e-10,3.20389e-02,1.38069e-02,7.30699e-03
3.10507e-10,3.19360e-02,1.35975e-02,7.29280e-03
3.89473e-10,3.16573e-02,1.33936e-02,7.29084e-03
4.34063e-10,3.14116e-02,1.31949e-02,7.30669e-03
4.41890e-10,3.12399e-02,1.30012e-02,7.32332e-03
4.14687e-10,3.07275e-02,1.28123e-02,7.35538e-03
3.57284e-10,3.04536e-02,1.26696e-02,7.40561e-03
2.76952e-10,3.03381e-02,1.33381e-02,7.46661e-03
1.83148e-10,2.99237e-02,1.36980e-02,7.53715e-03
1.24587e-10,2.99030e-02,1.34755e-02,7.55080e-03
6.37337e-11,2.99195e-02,1.32628e-02,7.60917e-03
1.02742e-10,2.98681e-02,1.38766e-02,7.70319e-03
2.00955e-10,2.99095e-02,1.38934e-02,7.80259e-03
2.50898e-10,3.00537e-02,1.36895e-02,7.90561e-03
2.77774e-10,3.02268e-02,1.37659e-02,7.97797e-03
2.80726e-10,3.04310e-02,1.35390e-02,8.02787e-03
2.61223e-10,3.06751e-02,1.33189e-02,8.10137e-03
2.22574e-10,3.09452e-02,1.31052e-02,8.18916e-03
1.69502e-10,3.10951e-02,1.28977e-02,8.26878e-03
1.07868e-10,3.13226e-02,1.26892e-02,8.33625e-03
7.58647e-11,3.16224e-02,1.24790e-02,8.37221e-03
3.55799e-11,3.16407e-02,1.22950e-02,8.39815e-03
7.00113e-11,3.17303e-02,1.21909e-02,8.38463e-03
1.30084e-10,3.19969e-02,1.20070e-02,8.39710e-03
1.61225e-10,3.22338e-02,1.18281e-02,8.39747e-03
1.77215e-10,3.24113e-02,1.16540e-02,8.37082e-03
1.77821e-10,3.21395e-02,1.14845e-02,8.34807e-03
1.64167e-10,3.19074e-02,1.13196e-02,8.31636e-03
1.38476e-10,3.18668e-02,1.11589e-02,8.24266e-03
1.03803e-10,3.15077e-02,1.11601e-02,8.19293e-03
6.37877e-11,3.13472e-02,1.09597e-02,8.13647e-03
4.56389e-11,3.11100e-02,1.10514e-02,8.07460e-03
2.19769e-11,3.07988e-02,1.15039e-02,8.01105e-03
4.72510e-11,3.03949e-02,1.13760e-02,7.92543e-03
8.41152e-11,2.98125e-02,1.14961e-02,7.85474e-03
1.03297e-10,2.93255e-02,1.13186e-02,7.78425e-03
1.12700e-10,2.87951e-02,1.11461e-02,7.71434e-03
1.12319e-10,2.82318e-02,1.10287e-02,7.64549e-03
1.02960e-10,2.75776e-02,1.09573e-02,7.57330e-03
8.60959e-11,2.68412e-02,1.08890e-02,7.49918e-03
6.37019e-11,2.62920e-02,1.07274e-02,7.43137e-03
3.80763e-11,2.58100e-02,1.05700e-02,7.36506e-03
2.71289e-11,2.53777e-02,1.04165e-02,7.27039e-03
1.50750e-11,2.49976e-02,1.03400e-02,7.15486e-03
3.15846e-11,2.46857e-02,1.01697e-02,7.07315e-03
5.42701e-11,2.44774e-02,1.00039e-02,6.95625e-03
6.59651e-11,2.40718e-02,9.93656e-03,6.85374e-03
7.14426e-11,2.39500e-02,1.02646e-02,6.76268e-03
7.07577e-11,2.40370e-02,1.03963e-02,6.66927e-03
6.44650e-11,2.42342e-02,1.08088e-02,6.56829e-03
5.35331e-11,2.40973e-02,1.07549e-02,6.47309e-03
3.92390e-11,2.42671e-02,1.05869e-02,6.31011e-03
2.30827e-11,2.45670e-02,1.04638e-02,6.21104e-03
1.59292e-11,2.48709e-02,1.04319e-02,6.06561e-03
1.09293e-11,2.50521e-02,1.02418e-02,5.96487e-03
2.09373e-11,2.53683e-02,1.00800e-02,5.89671e-03
3.49068e-11,2.54570e-02,9.92295e-03,5.84416e-03
4.19767e-11,2.56760e-02,9.77028e-03,5.80583e-03
4.51452e-11,2.58326e-02,9.62183e-03,5.74695e-03
4.44673e-11,2.58912e-02,1.00213e-02,5.73868e-03
4.03145e-11,2.58709e-02,9.84940e-03,5.75111e-03
3.33162e-11,2.59074e-02,9.67450e-03,5.78137e-03
2.43013e-11,2.59114e-02,9.50617e-03,5.82860e-03
1.42848e-11,2.59827e-02,9.34847e-03,5.86105e-03
9.23005e-12,2.57349e-02,9.50331e-03,5.93309e-03
7.30935e-12,2.56998e-02,9.45263e-03,5.94458e-03
1.37857e-11,2.55405e-02,9.29736e-03,5.99110e-03
2.23693e-11,2.55728e-02,9.14659e-03,6.04865e-03
2.66147e-11,2.54095e-02,9.00015e-03,6.15421e-03
2.84405e-11,2.53137e-02,8.85787e-03,6.26475e-03
2.78862e-11,2.53803e-02,8.91527e-03,6.34869e-03
2.51941e-11,2.54162e-02,8.77577e-03,6.44449e-03
2.07695e-11,2.52394e-02,8.64022e-03,6.54608e-03
1.51534e-11,2.51061e-02,8.50845e-03,6.64202e-03
9.04791e-12,2.51468e-02,8.38032e-03,6.73838e-03
5.26943e-12,2.51749e-02,8.25567e-03,6.82024e-03
4.35768e-12,2.51783e-02,8.13436e-03,6.88296e-03
9.02870e-12,2.51501e-02,8.04175e-03,6.95232e-03
1.42756e-11,2.50893e-02,9.31997e-03,7.01005e-03
1.68121e-11,2.45164e-02,9.17042e-03,7.05512e-03
1.78652e-11,2.42685e-02,9.02510e-03,7.07874e-03
1.74573e-11,2.38146e-02,8.88383e-03,7.04679e-03
1.57424e-11,2.37169e-02,8.74647e-03,7.05064e-03
1.29808e-11,2.35382e-02,8.61286e-03,7.04044e-03
9.52332e-12,2.33846e-02,8.48286e-03,7.01310e-03
5.85739e-12,2.32338e-02,8.39598e-03,6.97794e-03
3.14523e-12,2.30063e-02,8.58705e-03,6.93085e-03
2.93694e-12,2.27580e-02,8.92072e-03,6.86031e-03
5.88835e-12,2.22107e-02,8.78055e-03,6.78453e-03
9.07052e-12,2.16076e-02,8.91499e-03,6.69424e-03
1.05816e-11,2.12422e-02,9.08271e-03,6.57217e-03
1.11930e-11,2.08374e-02,8.93809e-03,6.46568e-03
1.09137e-11,2.04929e-02,8.79715e-03,6.34820e-03
9.84098e-12,2.02086e-02,8.65975e-03,6.20427e-03
8.13872e-12,1.99698e-02,8.52576e-03,6.07269e-03
6.03408e-12,1.97360e-02,8.39507e-03,5.93848e-03
3.85892e-12,1.94693e-02,8.26757e-03,5.79109e-03
2.36668e-12,1.91616e-02,8.39142e-03,5.64546e-03
1.96082e-12,1.89787e-02,8.26931e-03,5.50874e-03
3.82700e-12,1.88285e-02,8.15030e-03,5.37535e-03
5.73685e-12,1.84749e-02,8.64087e-03,5.24750e-03
6.63651e-12,1.81471e-02,1.00448e-02,5.12742e-03
6.99554e-12,1.79744e-02,1.00267e-02,5.01740e-03
6.81629e-12,1.77912e-02,9.87873e-03,4.91970e-03
6.15735e-12,1.76860e-02,9.73461e-03,4.81105e-03
5.12142e-12,1.72090e-02,9.59415e-03,4.74282e-03
3.85420e-12,1.72566e-02,9.45722e-03,4.69626e-03
2.57225e-12,1.73908e-02,9.32369e-03,4.66990e-03
1.73291e-12,1.75788e-02,9.19343e-03,4.63142e-03
1.29852e-12,1.77079e-02,9.06632e-03,4.58549e-03
2.47925e-12,1.78074e-02,8.94226e-03,4.61810e-03
3.61230e-12,1.77869e-02,8.82113e-03,4.66755e-03
4.14791e-12,1.78256e-02,8.70283e-03,4.73007e-03
3.16727e-12,1.79439e-02,8.58726e-03,4.80246e-03
4.25518e-12,1.80371e-02,8.47432e-03,4.88291e-03
3.85805e-12,1.80852e-02,8.36393e-03,4.96586e-03
3.23536e-12,1.78734e-02,8.25599e-03,5.05341e-03
2.47876e-12,1.76875e-02,8.15044e-03,5.09982e-03
1.72573e-12,1.76834e-02,8.56320e-03,5.18266e-03
1.23949e-12,1.76508e-02,8.42818e-03,5.25978e-03
8.53627e-13,1.75931e-02,8.29708e-03,5.34273e-03
1.60211e-12,1.75693e-02,8.16973e-03,5.41516e-03
2.26417e-12,1.75482e-02,8.04600e-03,5.48717e-03
2.58437e-12,1.74808e-02,7.92572e-03,5.50127e-03
1.86083e-12,1.74705e-02,7.80877e-03,5.54913e-03
2.65567e-12,1.74838e-02,7.69501e-03,5.59512e-03
2.42175e-12,1.74988e-02,7.58432e-03,5.58445e-03
2.05186e-12,1.74710e-02,7.78768e-03,5.61620e-03
1.60303e-12,1.73302e-02,7.68298e-03,5.62581e-03
1.15992e-12,1.73689e-02,7.58061e-03,5.60564e-03
8.07569e-13,1.74071e-02,7.48049e-03,5.59840e-03
5.57530e-13,1.74400e-02,7.38255e-03,5.59538e-03
1.03259e-12,1.74639e-02,7.28671e-03,5.59202e-03
1.41285e-12,1.74771e-02,7.19292e-03,5.58552e-03
1.60506e-12,1.74756e-02,7.10109e-03,5.57650e-03
1.68893e-12,1.74574e-02,7.10096e-03,5.56532e-03
1.65795e-12,1.74200e-02,9.20606e-03,5.55232e-03
1.52268e-12,1.71986e-02,9.05826e-03,5.53784e-03
1.30614e-12,1.69812e-02,8.91446e-03,5.52209e-03
1.04148e-12,1.68701e-02,8.77451e-03,5.49145e-03
7.79452e-13,1.67828e-02,8.63825e-03,5.45681e-03
5.04856e-13,1.66303e-02,8.50556e-03,5.43579e-03
3.61439e-13,1.64940e-02,8.37629e-03,5.41347e-03
6.63672e-13,1.63813e-02,8.25032e-03,5.38907e-03
8.77493e-13,1.62611e-02,8.12753e-03,5.36180e-03
9.93772e-13,1.61500e-02,8.00780e-03,5.33253e-03
1.04861e-12,1.60368e-02,8.29194e-03,5.25288e-03
1.02826e-12,1.59227e-02,8.33645e-03,5.20135e-03
9.59924e-13,1.58085e-02,8.39284e-03,5.13595e-03
8.34444e-13,1.56945e-02,8.42824e-03,5.09032e-03
6.78374e-13,1.55737e-02,8.29074e-03,5.04380e-03
5.22055e-13,1.54457e-02,8.38434e-03,4.99518e-03
3.14894e-13,1.52938e-02,8.31987e-03,4.92071e-03
2.32852e-13,1.51729e-02,8.18010e-03,4.86510e-03
4.26069e-13,1.50571e-02,8.48072e-03,4.79370e-03
5.42616e-13,1.49412e-02,8.50243e-03,4.68542e-03
6.14033e-13,1.48298e-02,8.38982e-03,4.57690e-03
6.50852e-13,1.48569e-02,8.24575e-03,4.51680e-03
3.88838e-13,1.48592e-02,8.10549e-03,4.37161e-03
6.06421e-13,1.47893e-02,7.96891e-03,4.23557e-03
5.34185e-13,1.47192e-02,7.83587e-03,4.18198e-03
4.42780e-13,1.47333e-02,7.69439e-03,4.08623e-03
3.48347e-13,1.47110e-02,7.55844e-03,4.04684e-03
1.95802e-13,1.45810e-02,7.93017e-03,4.02318e-03
1.49258e-13,1.45098e-02,7.90203e-03,3.98248e-03
2.72994e-13,1.44544e-02,7.78369e-03,3.91195e-03
3.34663e-13,1.44571e-02,7.66828e-03,3.88332e-03
3.78401e-13,1.44351e-02,7.83739e-03,3.89269e-03
4.03504e-13,1.44045e-02,8.49166e-03,3.91352e-03
3.07561e-13,1.43654e-02,8.35273e-03,3.94306e-03
3.83772e-13,1.43114e-02,8.21764e-03,3.95607e-03
3.42981e-13,1.42427e-02,8.08622e-03,3.92631e-03
2.89267e-13,1.41604e-02,7.97887e-03,3.95896e-03
2.31058e-13,1.40235e-02,8.48551e-03,3.96577e-03
1.21285e-13,1.40753e-02,8.34376e-03,4.01450e-03
9.55339e-14,1.42188e-02,8.20613e-03,4.07328e-03
1.74848e-13,1.43544e-02,8.07246e-03,4.12928e-03
2.04924e-13,1.44760e-02,7.94259e-03,4.18222e-03
2.32623e-13,1.45827e-02,7.93344e-03,4.24030e-03
2.50324e-13,1.47084e-02,7.85988e-03,4.29781e-03
2.54201e-13,1.48149e-02,7.99160e-03,4.35251e-03
2.43513e-13,1.48976e-02,7.90131e-03,4.37926e-03
2.20801e-13,1.49527e-02,7.78704e-03,4.41315e-03
1.89349e-13,1.49633e-02,7.67563e-03,4.44801e-03
1.44373e-13,1.48932e-02,7.56661e-03,4.48054e-03
7.53756e-14,1.48557e-02,7.44716e-03,4.50773e-03
6.08134e-14,1.47849e-02,7.33130e-03,4.52886e-03
1.09287e-13,1.46802e-02,7.21888e-03,4.54292e-03
1.24960e-13,1.45410e-02,7.10973e-03,4.54982e-03
1.42631e-13,1.43798e-02,7.00371e-03,4.54555e-03
1.55071e-13,1.42023e-02,6.90070e-03,4.51311e-03
1.59279e-13,1.39339e-02,6.80057e-03,4.48733e-03
1.55019e-13,1.37249e-02,6.72995e-03,4.46441e-03
1.42336e-13,1.35097e-02,7.25372e-03,4.43892e-03
1.23627e-13,1.32539e-02,7.16175e-03,4.40590e-03
8.99839e-14,1.30479e-02,7.07212e-03,4.32151e-03
4.67550e-14,1.28450e-02,7.09900e-03,4.28105e-03
3.90267e-14,1.26856e-02,7.00907e-03,4.22244e-03
6.75450e-14,1.25361e-02,7.42332e-03,4.17519e-03
7.61029e-14,1.24277e-02,7.31280e-03,4.11780e-03
8.75875e-14,1.22361e-02,7.39035e-03,4.07187e-03
9.62949e-14,1.22049e-02,1.02460e-02,4.02535e-03
1.00301e-13,1.22012e-02,1.00522e-02,3.97832e-03
7.17779e-14,1.22250e-02,9.86471e-03,3.93096e-03
9.18759e-14,1.22674e-02,9.80329e-03,3.87714e-03
8.10124e-14,1.23228e-02,9.75530e-03,3.80471e-03
5.65197e-14,1.23854e-02,9.61683e-03,3.75253e-03
2.91119e-14,1.24495e-02,9.46737e-03,3.70287e-03
2.53108e-14,1.25098e-02,9.32218e-03,3.65136e-03
4.19018e-14,1.25617e-02,9.18111e-03,3.59298e-03
4.65641e-14,1.26021e-02,9.04400e-03,3.51346e-03
5.34100e-14,1.26290e-02,8.91071e-03,3.46610e-03
5.98957e-14,1.26408e-02,8.78109e-03,3.42185e-03
6.32591e-14,1.26386e-02,8.65501e-03,3.36385e-03
5.88083e-14,1.26178e-02,8.53234e-03,3.32848e-03
5.93631e-14,1.25878e-02,8.41296e-03,3.30015e-03
5.31718e-14,1.24723e-02,8.29675e-03,3.25934e-03
3.53298e-14,1.23906e-02,8.18358e-03,3.24294e-03
1.84954e-14,1.23028e-02,8.07336e-03,3.23417e-03
1.67417e-14,1.22309e-02,8.02123e-03,3.23074e-03
2.57585e-14,1.21954e-02,7.99974e-03,3.22320e-03
2.83470e-14,1.21491e-02,7.89052e-03,3.23486e-03
3.31364e-14,1.20915e-02,8.02747e-03,3.24727e-03
3.74370e-14,1.19777e-02,7.94858e-03,3.26913e-03
4.02936e-14,1.19389e-02,7.83440e-03,3.25743e-03
4.02489e-14,1.19124e-02,7.72381e-03,3.28522e-03
3.87732e-14,1.18174e-02,7.61618e-03,3.32132e-03
3.40426e-14,1.18135e-02,7.51139e-03,3.36014e-03
2.24591e-14,1.18171e-02,7.40935e-03,3.39876e-03
1.25191e-14,1.17971e-02,7.30996e-03,3.42134e-03
1.16680e-14,1.18281e-02,7.22095e-03,3.46013e-03
1.67699e-14,1.18375e-02,8.49778e-03,3.48952e-03
1.77431e-14,1.18826e-02,8.34796e-03,3.50361e-03
2.07968e-14,1.19169e-02,8.20354e-03,3.53876e-03
2.38938e-14,1.19174e-02,8.07180e-03,3.57143e-03
2.57724e-14,1.19562e-02,8.02616e-03,3.60090e-03
2.61152e-14,1.19864e-02,8.03041e-03,3.62688e-03
2.52008e-14,1.20017e-02,8.28853e-03,3.64880e-03
2.18462e-14,1.19994e-02,8.22559e-03,3.66626e-03
1.47823e-14,1.19776e-02,8.08328e-03,3.67892e-03
9.28629e-15,1.19356e-02,7.94577e-03,3.68343e-03
8.92112e-15,1.18547e-02,7.81285e-03,3.67567e-03
1.12000e-14,1.15474e-02,7.75884e-03,3.66463e-03
1.17645e-14,1.14129e-02,7.75970e-03,3.65532e-03
1.35827e-14,1.13138e-02,7.63620e-03,3.64113e-03
1.55450e-14,1.11853e-02,7.51659e-03,3.62235e-03
1.68308e-14,1.10454e-02,7.40071e-03,3.59941e-03
1.71728e-14,1.09281e-02,7.28839e-03,3.57287e-03
1.10476e-14,1.07967e-02,7.41396e-03,3.53725e-03
1.45036e-14,1.05732e-02,7.30293e-03,3.50421e-03
1.05283e-14,1.04289e-02,7.19545e-03,3.46936e-03
7.55053e-15,1.03243e-02,7.09136e-03,3.43312e-03
7.52119e-15,1.02501e-02,6.99050e-03,3.39609e-03
8.55396e-15,1.01514e-02,6.89273e-03,3.35889e-03
8.71174e-15,1.01532e-02,7.04714e-03,3.32207e-03
9.51572e-15,1.02242e-02,6.96359e-03,3.28616e-03
1.06681e-14,1.03307e-02,6.88194e-03,3.25164e-03
1.17022e-14,1.04651e-02,7.58665e-03,3.21899e-03
1.19612e-14,1.06185e-02,7.46614e-03,3.18850e-03
1.16165e-14,1.07808e-02,7.34929e-03,3.16034e-03
9.93342e-15,1.09250e-02,7.23594e-03,3.13456e-03
8.03349e-15,1.08821e-02,7.12595e-03,3.10860e-03
6.89946e-15,1.09493e-02,7.53614e-03,3.08709e-03
6.76523e-15,1.10787e-02,7.46755e-03,3.06785e-03
7.03087e-15,1.11468e-02,7.37344e-03,3.05067e-03
7.46539e-15,1.12280e-02,7.28179e-03,3.03537e-03
7.37410e-15,1.12811e-02,7.19250e-03,3.02176e-03
8.04989e-15,1.13084e-02,7.10550e-03,3.00963e-03
8.71490e-15,1.12920e-02,7.02070e-03,2.99883e-03
9.00672e-15,1.12318e-02,6.93801e-03,2.98919e-03
8.67218e-15,1.12046e-02,6.82766e-03,2.98058e-03
7.50447e-15,1.10351e-02,6.72153e-03,2.97292e-03
6.80421e-15,1.08738e-02,6.70188e-03,2.96615e-03
6.06366e-15,1.08370e-02,6.62692e-03,2.96023e-03
6.17550e-15,1.08003e-02,6.55372e-03,2.94239e-03
6.17624e-15,1.07539e-02,6.48222e-03,2.93604e-03
6.32890e-15,1.06379e-02,6.41236e-03,2.93057e-03
6.35204e-15,1.06401e-02,6.34287e-03,2.92607e-03
6.90325e-15,1.06138e-02,6.27733e-03,2.92263e-03
7.26902e-15,1.05901e-02,6.21206e-03,2.92030e-03
7.08845e-15,1.05805e-02,6.14821e-03,2.91878e-03
7.13331e-15,1.05688e-02,6.08574e-03,2.91824e-03
6.73648e-15,1.05564e-02,6.02461e-03,2.91938e-03
6.12596e-15,1.05445e-02,5.96476e-03,2.92170e-03
5.80117e-15,1.05339e-02,5.90616e-03,2.92515e-03
5.59549e-15,1.05255e-02,5.84876e-03,2.92964e-03
5.57824e-15,1.05196e-02,5.79253e-03,2.93042e-03
5.87638e-15,1.04803e-02,5.97290e-03,2.93256e-03
6.26497e-15,1.03832e-02,5.90207e-03,2.93848e-03
6.04423e-15,1.03886e-02,5.93346e-03,2.94501e-03
6.21943e-15,1.03936e-02,5.85425e-03,2.95203e-03
6.40698e-15,1.03969e-02,5.77716e-03,2.95940e-03
6.02962e-15,1.03713e-02,5.81986e-03,2.96716e-03
5.98386e-15,1.03307e-02,6.18666e-03,2.97531e-03
5.53715e-15,1.03132e-02,6.17171e-03,2.98369e-03
5.49533e-15,1.02831e-02,6.11968e-03,2.99215e-03
5.47724e-15,1.02371e-02,6.04390e-03,3.00054e-03
5.72662e-15,1.02163e-02,5.97001e-03,3.00870e-03
5.66745e-15,1.01320e-02,5.89795e-03,3.01649e-03
5.57940e-15,1.00796e-02,5.82764e-03,3.02376e-03
5.69633e-15,1.00419e-02,5.75902e-03,3.03033e-03
5.83664e-15,9.99110e-03,5.69204e-03,3.03578e-03
5.90330e-15,9.92995e-03,5.62664e-03,3.04038e-03
5.54885e-15,9.83339e-03,5.56276e-03,3.04371e-03
5.55945e-15,9.77287e-03,5.50034e-03,3.04567e-03
5.44950e-15,9.71682e-03,5.43935e-03,3.04606e-03
5.17323e-15,9.66209e-03,5.37973e-03,3.04470e-03
5.20238e-15,9.61096e-03,6.25927e-03,3.04142e-03
5.47784e-15,9.56516e-03,6.17044e-03,3.03603e-03
5.52570e-15,9.48547e-03,6.08427e-03,3.02841e-03
5.28193e-15,9.41371e-03,6.00063e-03,3.01845e-03
5.41569e-15,9.38436e-03,6.27085e-03,3.00594e-03
5.37450e-15,9.36629e-03,6.58253e-03,2.99075e-03
5.40922e-15,9.36043e-03,6.48215e-03,2.97273e-03
5.56393e-15,9.36253e-03,6.38485e-03,2.95183e-03
5.45693e-15,9.37154e-03,6.29049e-03,2.92803e-03
5.46143e-15,9.38605e-03,6.19895e-03,2.90139e-03
5.43678e-15,9.39383e-03,6.11010e-03,2.87203e-03
5.41657e-15,9.40772e-03,6.02383e-03,2.84015e-03
5.34712e-15,9.40798e-03,5.97104e-03,2.80602e-03
5.38028e-15,9.40559e-03,5.89051e-03,2.76253e-03
5.26468e-15,9.42576e-03,5.81218e-03,2.71462e-03
5.21198e-15,9.44106e-03,5.73595e-03,2.67385e-03
5.43847e-15,9.45573e-03,5.66173e-03,2.63293e-03
5.59069e-15,9.47717e-03,5.58945e-03,2.59260e-03
5.34921e-15,9.56700e-03,5.51902e-03,2.55362e-03
5.49858e-15,9.52466e-03,5.45037e-03,2.51678e-03
5.40059e-15,9.50898e-03,5.38344e-03,2.48284e-03
5.40540e-15,9.53091e-03,5.31814e-03,2.45252e-03
5.33012e-15,9.55455e-03,5.67906e-03,2.42645e-03
5.42207e-15,9.57333e-03,5.68188e-03,2.40517e-03
5.26746e-15,9.57361e-03,5.60552e-03,2.38262e-03
5.43395e-15,9.57678e-03,5.52564e-03,2.37027e-03
5.44191e-15,9.53771e-03,5.45902e-03,2.36355e-03
5.35001e-15,9.50706e-03,5.39538e-03,2.36241e-03
5.27015e-15,9.45992e-03,5.81275e-03,2.36674e-03
5.36635e-15,9.45154e-03,6.08763e-03,2.37628e-03
5.43208e-15,9.43622e-03,6.73232e-03,2.39068e-03
5.23237e-15,9.41450e-03,6.63027e-03,2.40941e-03
5.24195e-15,9.38726e-03,6.53137e-03,2.43190e-03
5.29501e-15,9.35532e-03,6.43549e-03,2.45749e-03
5.23285e-15,9.31279e-03,6.34249e-03,2.48550e-03
5.08960e-15,9.27172e-03,6.25225e-03,2.51522e-03
5.33799e-15,9.22770e-03,6.16463e-03,2.54596e-03
5.25635e-15,9.18129e-03,6.07953e-03,2.57704e-03
5.40629e-15,9.13332e-03,5.99683e-03,2.60784e-03
5.23227e-15,9.08452e-03,5.92105e-03,2.63775e-03
5.45636e-15,9.02911e-03,5.84715e-03,2.66624e-03
5.47991e-15,8.95869e-03,5.76538e-03,2.69282e-03
5.26774e-15,8.87654e-03,5.69061e-03,2.71707e-03
5.56564e-15,8.81360e-03,5.61849e-03,2.73861e-03
5.40149e-15,8.76142e-03,5.54823e-03,2.75715e-03
5.48574e-15,8.71568e-03,5.47977e-03,2.77242e-03
5.18330e-15,8.67935e-03,5.41304e-03,2.78423e-03
5.28642e-15,8.55558e-03,5.34796e-03,2.79246e-03
5.42986e-15,8.50760e-03,5.28447e-03,2.79700e-03
5.32339e-15,8.36864e-03,5.22251e-03,2.79783e-03
5.33076e-15,8.29268e-03,5.16202e-03,2.79494e-03
5.14343e-15,8.23884e-03,5.10294e-03,2.78840e-03
5.16591e-15,8.22697e-03,5.04523e-03,2.77750e-03
5.27114e-15,8.21855e-03,5.30652e-03,2.76336e-03
5.32153e-15,8.21591e-03,6.75934e-03,2.74621e-03
5.19459e-15,8.19344e-03,6.65898e-03,2.72597e-03
5.43160e-15,8.22745e-03,6.56152e-03,2.70290e-03
5.48095e-15,8.26961e-03,6.64439e-03,2.67726e-03
5.53549e-15,8.32781e-03,6.55269e-03,2.64934e-03
5.43146e-15,8.39306e-03,6.46358e-03,2.61944e-03
5.29057e-15,8.45234e-03,6.37695e-03,2.58789e-03
5.33044e-15,8.51982e-03,6.29269e-03,2.55501e-03
5.34758e-15,8.58802e-03,6.28488e-03,2.52114e-03
5.24141e-15,8.63186e-03,6.29500e-03,2.48664e-03
5.31999e-15,8.58832e-03,6.21758e-03,2.45185e-03
5.43935e-15,8.63543e-03,6.13775e-03,2.41714e-03
5.38290e-15,8.68135e-03,6.20674e-03,2.38284e-03
5.46661e-15,8.71728e-03,6.10631e-03,2.34932e-03
5.46272e-15,8.74102e-03,6.00905e-03,2.31691e-03
5.28222e-15,8.75066e-03,5.91483e-03,2.28594e-03
5.46079e-15,8.74472e-03,5.82351e-03,2.25673e-03
5.33995e-15,8.72218e-03,5.73497e-03,2.22958e-03
5.39277e-15,8.61216e-03,5.64908e-03,2.20476e-03
5.37078e-15,8.54859e-03,5.56572e-03,2.18254e-03
5.46387e-15,8.47617e-03,5.48480e-03,2.16314e-03
5.33361e-15,8.38796e-03,5.40620e-03,2.14676e-03
5.13931e-15,8.28551e-03,5.32983e-03,2.13355e-03
5.29292e-15,8.17099e-03,5.25560e-03,2.12363e-03
5.39202e-15,8.04694e-03,5.21619e-03,2.11542e-03
5.41362e-15,7.91666e-03,5.77468e-03,2.11175e-03
5.29413e-15,7.73945e-03,5.70293e-03,2.11150e-03
5.46142e-15,7.58547e-03,5.63309e-03,2.11453e-03
5.44068e-15,7.45895e-03,5.56508e-03,2.12072e-03
5.15630e-15,7.34520e-03,6.29916e-03,2.12992e-03
5.32438e-15,7.24218e-03,6.19388e-03,2.14191e-03
5.46558e-15,7.15261e-03,6.09221e-03,2.15646e-03
5.43375e-15,7.05811e-03,5.99398e-03,2.17327e-03
5.35377e-15,6.99486e-03,5.89903e-03,2.19202e-03
5.39913e-15,6.92911e-03,5.80724e-03,2.21235e-03
5.41569e-15,6.89444e-03,5.71844e-03,2.23389e-03
5.49907e-15,6.87379e-03,5.63251e-03,2.25627e-03
5.25969e-15,6.87814e-03,5.72572e-03,2.27910e-03
5.33453e-15,6.86258e-03,5.64203e-03,2.30202e-03
5.05303e-15,6.78610e-03,6.53464e-03,2.32465e-03
5.40570e-15,6.81436e-03,6.89201e-03,2.34665e-03
5.25155e-15,6.85391e-03,6.80840e-03,2.36497e-03
5.45444e-15,6.89697e-03,6.72725e-03,2.37843e-03
5.30881e-15,6.88590e-03,6.64845e-03,2.39574e-03
5.44482e-15,6.92038e-03,6.57189e-03,2.41129e-03
5.40999e-15,6.90810e-03,6.49746e-03,2.42496e-03
5.23250e-15,6.93028e-03,6.42507e-03,2.43653e-03
5.20555e-15,6.95519e-03,6.35462e-03,2.44581e-03
5.17081e-15,6.96958e-03,6.28604e-03,2.45239e-03
5.40752e-15,6.98655e-03,6.21924e-03,2.45631e-03
5.28662e-15,6.96864e-03,6.17158e-03,2.45774e-03
5.29625e-15,6.97933e-03,6.55573e-03,2.45647e-03
5.34119e-15,6.81687e-03,6.56001e-03,2.45252e-03
5.30799e-15,6.82089e-03,6.54483e-03,2.44597e-03
5.34870e-15,6.83367e-03,6.47001e-03,2.43691e-03
5.48080e-15,6.84792e-03,6.39723e-03,2.42549e-03
5.34284e-15,6.86407e-03,6.51117e-03,2.41188e-03
5.42323e-15,6.95741e-03,6.42718e-03,2.39627e-03
5.37438e-15,7.13888e-03,6.34071e-03,2.37888e-03
5.34076e-15,7.26289e-03,6.25673e-03,2.35997e-03
5.40081e-15,7.40587e-03,6.17513e-03,2.33976e-03
5.25922e-15,7.52850e-03,6.09581e-03,2.31843e-03
5.42473e-15,7.60478e-03,6.01867e-03,2.29616e-03
5.44599e-15,7.70790e-03,5.94364e-03,2.27310e-03
5.28919e-15,7.79301e-03,5.87124e-03,2.24886e-03
5.23780e-15,7.86102e-03,5.89987e-03,2.21643e-03
5.31670e-15,7.91322e-03,5.92863e-03,2.18892e-03
5.50228e-15,7.95109e-03,5.85308e-03,2.16070e-03
5.29545e-15,7.97615e-03,5.77956e-03,2.13193e-03
5.33196e-15,7.96788e-03,5.70801e-03,2.10280e-03
5.50962e-15,7.90840e-03,5.63835e-03,2.07351e-03
5.40869e-15,7.88941e-03,5.57049e-03,2.04428e-03
5.52224e-15,7.85193e-03,5.50438e-03,2.01536e-03
5.41999e-15,7.77504e-03,5.43993e-03,1.98700e-03
5.39935e-15,7.74244e-03,5.37709e-03,1.95947e-03
5.34304e-15,7.67331e-03,5.31580e-03,1.93309e-03
5.38946e-15,7.62884e-03,5.25599e-03,1.90815e-03
5.43310e-15,7.58315e-03,5.19761e-03,1.88498e-03
5.49970e-15,7.53390e-03,5.14061e-03,1.86390e-03
5.56660e-15,7.48128e-03,5.08264e-03,1.84524e-03
5.43638e-15,7.33481e-03,5.02509e-03,1.82930e-03
5.37761e-15,7.17669e-03,4.96877e-03,1.81615e-03
5.33462e-15,7.03375e-03,4.91362e-03,1.80362e-03
5.38382e-15,6.92100e-03,4.85963e-03,1.79711e-03
5.49031e-15,6.84279e-03,4.80674e-03,1.79424e-03
5.41207e-15,6.77692e-03,4.75493e-03,1.79512e-03
5.32943e-15,6.64955e-03,4.80821e-03,1.79943e-03
5.32892e-15,6.59670e-03,5.03132e-03,1.80185e-03
5.64605e-15,6.55291e-03,4.97611e-03,1.81308e-03
5.53464e-15,6.51355e-03,4.92225e-03,1.82788e-03
5.32632e-15,6.48455e-03,4.86968e-03,1.84604e-03
5.39200e-15,6.37537e-03,4.81834e-03,1.86730e-03
5.43058e-15,6.35857e-03,4.76820e-03,1.89133e-03
5.29580e-15,6.34617e-03,4.71919e-03,1.91775e-03
5.28231e-15,6.28190e-03,4.62099e-03,1.94616e-03
5.43607e-15,6.24410e-03,4.56439e-03,1.97608e-03
5.46100e-15,6.25049e-03,4.54379e-03,2.00706e-03
5.36789e-15,6.21110e-03,4.58487e-03,2.03860e-03
5.59890e-15,6.22154e-03,4.52267e-03,2.07022e-03
5.59613e-15,6.20423e-03,4.47225e-03,2.10141e-03
5.51025e-15,6.13148e-03,4.42305e-03,2.13171e-03
5.42179e-15,6.14037e-03,4.37503e-03,2.16065e-03
5.31807e-15,5.99916e-03,4.32813e-03,2.18778e-03
5.36321e-15,6.00733e-03,4.28230e-03,2.21278e-03
5.39708e-15,6.01355e-03,4.23751e-03,2.23530e-03
5.31201e-15,5.98538e-03,4.45376e-03,2.25490e-03
5.26364e-15,5.98234e-03,4.70972e-03,2.27121e-03
5.44645e-15,5.97555e-03,4.64958e-03,2.28385e-03
5.44913e-15,5.96136e-03,4.64332e-03,2.29253e-03
5.21529e-15,5.94749e-03,4.61984e-03,2.29699e-03
5.44559e-15,5.93550e-03,4.68595e-03,2.29701e-03
5.36931e-15,5.83658e-03,4.62979e-03,2.29244e-03
5.40674e-15,5.79045e-03,4.57508e-03,2.28319e-03
5.38430e-15,5.74976e-03,4.52176e-03,2.26921e-03
5.38911e-15,5.73722e-03,4.62660e-03,2.25052e-03
5.29161e-15,5.74174e-03,4.67507e-03,2.22718e-03
5.38077e-15,5.63532e-03,4.61236e-03,2.19934e-03
5.47275e-15,5.62052e-03,4.58048e-03,2.16718e-03
5.37383e-15,5.64446e-03,4.52293e-03,2.13094e-03
5.18855e-15,5.66242e-03,4.46699e-03,2.09093e-03
5.37930e-15,5.69399e-03,4.41258e-03,2.04750e-03
5.42761e-15,5.72303e-03,4.35963e-03,2.00108e-03
5.25639e-15,5.74785e-03,4.30808e-03,1.95214e-03
5.19809e-15,5.76679e-03,4.25786e-03,1.90121e-03
5.33570e-15,5.74989e-03,4.20892e-03,1.84889e-03
5.30049e-15,5.70150e-03,4.16121e-03,1.79585e-03
5.36770e-15,5.66778e-03,4.13794e-03,1.74280e-03
5.22524e-15,5.64786e-03,4.08320e-03,1.69053e-03
5.15074e-15,5.61552e-03,4.03431e-03,1.63986e-03
5.30751e-15,5.58549e-03,4.13223e-03,1.59169e-03
5.26419e-15,5.54552e-03,4.87870e-03,1.54692e-03
5.23626e-15,5.49140e-03,4.85469e-03,1.50153e-03
5.10918e-15,5.40335e-03,4.80357e-03,1.45163e-03
5.20617e-15,5.31016e-03,4.75365e-03,1.41933e-03
5.32177e-15,5.16056e-03,4.70492e-03,1.39396e-03
5.35308e-15,5.05323e-03,4.69061e-03,1.37625e-03
5.18729e-15,5.00049e-03,4.68682e-03,1.36675e-03
5.23236e-15,4.95195e-03,4.60968e-03,1.36571e-03
5.28566e-15,4.90797e-03,4.53527e-03,1.37314e-03
5.31816e-15,4.82085e-03,4.46300e-03,1.38874e-03
5.27921e-15,4.85247e-03,4.39278e-03,1.41194e-03
5.15471e-15,4.89422e-03,4.32452e-03,1.44198e-03
5.27213e-15,4.93123e-03,4.25816e-03,1.47793e-03
5.26409e-15,4.94525e-03,4.19360e-03,1.51879e-03
5.21443e-15,4.90253e-03,4.13080e-03,1.56349e-03
5.17134e-15,4.91692e-03,4.06967e-03,1.61099e-03
5.35078e-15,4.93117e-03,4.01015e-03,1.66029e-03
5.30898e-15,4.93629e-03,3.95219e-03,1.71043e-03
5.25597e-15,4.93158e-03,3.89572e-03,1.76053e-03
5.29698e-15,4.90613e-03,3.86053e-03,1.80980e-03
5.26181e-15,4.81477e-03,3.82021e-03,1.85749e-03
5.25281e-15,4.79466e-03,3.76662e-03,1.90297e-03
5.39909e-15,4.81102e-03,3.71441e-03,1.94567e-03
5.29649e-15,4.82209e-03,3.66352e-03,1.98507e-03
5.32008e-15,4.82740e-03,3.61390e-03,2.02067e-03
5.16211e-15,4.82554e-03,3.56551e-03,2.05208e-03
5.39970e-15,4.80093e-03,3.51830e-03,2.07897e-03
5.50192e-15,4.79027e-03,3.47223e-03,2.10107e-03
5.42734e-15,4.70098e-03,3.42725e-03,2.11820e-03
5.39307e-15,4.67511e-03,3.38333e-03,2.13020e-03
5.15576e-15,4.64138e-03,3.34043e-03,2.13698e-03
5.26636e-15,4.60332e-03,3.29852e-03,2.13850e-03
5.25313e-15,4.55324e-03,3.49576e-03,2.13479e-03
5.44125e-15,4.52718e-03,3.59693e-03,2.12590e-03
5.42247e-15,4.51012e-03,3.55508e-03,2.11166e-03
5.29267e-15,4.51632e-03,3.51446e-03,2.09261e-03
5.44417e-15,4.51863e-03,3.92084e-03,2.06889e-03
5.15975e-15,4.51874e-03,3.86865e-03,2.04071e-03
5.28048e-15,4.53262e-03,3.81808e-03,2.00835e-03
5.20072e-15,4.56156e-03,3.76906e-03,1.97218e-03
5.24602e-15,4.60396e-03,3.72150e-03,1.93257e-03
5.19881e-15,4.65997e-03,3.67534e-03,1.88993e-03
5.14701e-15,4.72517e-03,3.63051e-03,1.84189e-03
5.37120e-15,4.79564e-03,3.58695e-03,1.79297e-03
5.36955e-15,4.86803e-03,3.54461e-03,1.74288e-03
5.35115e-15,4.94118e-03,3.50342e-03,1.69168e-03
5.23818e-15,5.00515e-03,3.46026e-03,1.64004e-03
5.22525e-15,5.07413e-03,3.42119e-03,1.58865e-03
5.20883e-15,5.12441e-03,3.38334e-03,1.53826e-03
5.37262e-15,5.17967e-03,3.34683e-03,1.48809e-03
5.37416e-15,5.23280e-03,3.37803e-03,1.44130e-03
5.26742e-15,5.28091e-03,3.34033e-03,1.39799e-03
5.16528e-15,5.32462e-03,3.30359e-03,1.35880e-03
5.33156e-15,5.36481e-03,3.26776e-03,1.32451e-03
5.23878e-15,5.40243e-03,3.23281e-03,1.29585e-03
5.41129e-15,5.43846e-03,3.19869e-03,1.27341e-03
5.37528e-15,5.47382e-03,3.16537e-03,1.25765e-03
5.38883e-15,5.50927e-03,3.13282e-03,1.24881e-03
5.33393e-15,5.54515e-03,3.10101e-03,1.24695e-03
5.25355e-15,5.54442e-03,3.06990e-03,1.25189e-03
5.36949e-15,5.54423e-03,3.03946e-03,1.26326e-03
5.21290e-15,5.54145e-03,3.00968e-03,1.28051e-03
5.43215e-15,5.53658e-03,2.98053e-03,1.30295e-03
5.49720e-15,5.53172e-03,2.95198e-03,1.32983e-03
5.30845e-15,5.52785e-03,2.92400e-03,1.36032e-03
5.31075e-15,5.54761e-03,3.12406e-03,1.39360e-03
5.24990e-15,5.59976e-03,3.30926e-03,1.42888e-03
5.17895e-15,5.67926e-03,3.26689e-03,1.46541e-03
5.11548e-15,5.75176e-03,3.22576e-03,1.50248e-03
5.26076e-15,5.86864e-03,3.18582e-03,1.53946e-03
5.20665e-15,5.91936e-03,3.14700e-03,1.57579e-03
5.48043e-15,5.98999e-03,3.10927e-03,1.61096e-03
5.33237e-15,6.04918e-03,3.07257e-03,1.64452e-03
5.35489e-15,6.13081e-03,3.03686e-03,1.67610e-03
5.24742e-15,6.21631e-03,3.00210e-03,1.70537e-03
5.20623e-15,6.30378e-03,2.96825e-03,1.73205e-03
5.17562e-15,6.37896e-03,2.93527e-03,1.75593e-03
5.31266e-15,6.46338e-03,2.90311e-03,1.77682e-03
5.30767e-15,6.52671e-03,2.87176e-03,1.79457e-03
5.34287e-15,6.60390e-03,2.84117e-03,1.80910e-03
5.34848e-15,6.59224e-03,2.81131e-03,1.82034e-03
5.47345e-15,6.58106e-03,2.78216e-03,1.82827e-03
5.21679e-15,6.55175e-03,3.77574e-03,1.83287e-03
5.52495e-15,6.53031e-03,3.71980e-03,1.83418e-03
5.22017e-15,6.50751e-03,3.66589e-03,1.83227e-03
5.47776e-15,6.48589e-03,3.61388e-03,1.82722e-03
5.39289e-15,6.46797e-03,3.56370e-03,1.81913e-03
5.41386e-15,6.45563e-03,3.51524e-03,1.80814e-03
5.36269e-15,6.44936e-03,3.46843e-03,1.79441e-03
5.32669e-15,6.44927e-03,3.42319e-03,1.77810e-03
5.25795e-15,6.44765e-03,3.37944e-03,1.75940e-03
5.40803e-15,6.45599e-03,3.33711e-03,1.73854e-03
5.46436e-15,6.46243e-03,3.29238e-03,1.71572e-03
5.35002e-15,6.45790e-03,3.25126e-03,1.69121e-03
5.32259e-15,6.40557e-03,3.21255e-03,1.66524e-03
5.36587e-15,6.35013e-03,3.17503e-03,1.63810e-03
5.37542e-15,6.29152e-03,3.13865e-03,1.61006e-03
5.48891e-15,6.21311e-03,3.10335e-03,1.58140e-03
5.47241e-15,6.13707e-03,3.06908e-03,1.55244e-03
5.51716e-15,6.02258e-03,3.03580e-03,1.52347e-03
5.36651e-15,5.95825e-03,4.34230e-03,1.49481e-03
5.44585e-15,5.89204e-03,4.77179e-03,1.46675e-03
5.32186e-15,5.79350e-03,4.68879e-03,1.43962e-03
5.30045e-15,5.62472e-03,4.60870e-03,1.41371e-03
5.38493e-15,5.55010e-03,4.53141e-03,1.38931e-03
5.31941e-15,5.46911e-03,4.45678e-03,1.36670e-03
5.40162e-15,5.39583e-03,4.38471e-03,1.34612e-03
5.28523e-15,5.32660e-03,4.31507e-03,1.32780e-03
5.39621e-15,5.26265e-03,4.24777e-03,1.31193e-03
5.54803e-15,5.10016e-03,4.18270e-03,1.29866e-03
5.44823e-15,5.01910e-03,4.11977e-03,1.28810e-03
5.44554e-15,4.98286e-03,4.05887e-03,1.28031e-03
5.30686e-15,4.95768e-03,3.99993e-03,1.27531e-03
5.25825e-15,4.94353e-03,3.94287e-03,1.27306e-03
5.28108e-15,4.93220e-03,3.88759e-03,1.27349e-03
5.33969e-15,4.91778e-03,3.83403e-03,1.27646e-03
5.46420e-15,4.94460e-03,3.78211e-03,1.28183e-03
5.27528e-15,4.98213e-03,3.73177e-03,1.28939e-03
5.52871e-15,5.02835e-03,3.68293e-03,1.29892e-03
5.19148e-15,5.02960e-03,3.71910e-03,1.31020e-03
5.29181e-15,5.07435e-03,4.43359e-03,1.32297e-03
5.43411e-15,5.14566e-03,4.38918e-03,1.33697e-03
5.37285e-15,5.22073e-03,4.34586e-03,1.35194e-03
5.34196e-15,5.27140e-03,4.73592e-03,1.36764e-03
5.25232e-15,5.34462e-03,4.68405e-03,1.38382e-03
5.26576e-15,5.31833e-03,4.63354e-03,1.40023e-03
5.33735e-15,5.32963e-03,4.58432e-03,1.41666e-03
5.29712e-15,5.33586e-03,4.56906e-03,1.43288e-03
5.42184e-15,5.26846e-03,4.62459e-03,1.44872e-03
5.37330e-15,5.24364e-03,4.55153e-03,1.46398e-03
5.40322e-15,5.20602e-03,4.48071e-03,1.47849e-03
5.19976e-15,5.15043e-03,4.41205e-03,1.49211e-03
5.29291e-15,5.04858e-03,4.34545e-03,1.50470e-03
5.22087e-15,4.99384e-03,4.28084e-03,1.51613e-03
5.44161e-15,4.79836e-03,4.21814e-03,1.52630e-03
5.32679e-15,4.74901e-03,4.15728e-03,1.53511e-03
5.34962e-15,4.68744e-03,4.09817e-03,1.54249e-03
5.36292e-15,4.56170e-03,4.04076e-03,1.54837e-03
5.43783e-15,4.49456e-03,3.98498e-03,1.55268e-03
5.35376e-15,4.43534e-03,3.93077e-03,1.55540e-03
5.37148e-15,4.39107e-03,3.87807e-03,1.55648e-03
5.46324e-15,4.26307e-03,3.82681e-03,1.55592e-03
5.42488e-15,4.14982e-03,4.06235e-03,1.55371e-03
5.41853e-15,4.08323e-03,4.00766e-03,1.54985e-03
5.50535e-15,4.03085e-03,3.95451e-03,1.54437e-03
5.45188e-15,3.98055e-03,3.90285e-03,1.53729e-03
5.31346e-15,3.89174e-03,3.88168e-03,1.52867e-03
5.18543e-15,3.85430e-03,3.87521e-03,1.51856e-03
5.27515e-15,3.82091e-03,3.86778e-03,1.50703e-03
5.30277e-15,3.79217e-03,3.83118e-03,1.49416e-03
5.28667e-15,3.76845e-03,3.79557e-03,1.48006e-03
5.44997e-15,3.72680e-03,3.76091e-03,1.46482e-03
5.32675e-15,3.73450e-03,3.72715e-03,1.44857e-03
5.23351e-15,3.83281e-03,3.69424e-03,1.43146e-03
5.10528e-15,3.92700e-03,3.66216e-03,1.41362e-03
5.20801e-15,4.01425e-03,3.63649e-03,1.39522e-03
5.27977e-15,3.99477e-03,3.68392e-03,1.37644e-03
5.41497e-15,3.93527e-03,3.65089e-03,1.35747e-03
5.32589e-15,3.89162e-03,3.61875e-03,1.33849e-03
5.28471e-15,3.84579e-03,3.58745e-03,1.31971e-03
5.46093e-15,3.85137e-03,3.55697e-03,1.30135e-03
5.39285e-15,3.87710e-03,3.52919e-03,1.28361e-03
5.46102e-15,3.91647e-03,3.75566e-03,1.26673e-03
5.24005e-15,3.93360e-03,3.71859e-03,1.25089e-03
5.21411e-15,4.01127e-03,3.68264e-03,1.23632e-03
5.35576e-15,4.10193e-03,3.65229e-03,1.22319e-03
5.25945e-15,4.20183e-03,3.74261e-03,1.21169e-03
5.51918e-15,4.30718e-03,3.70368e-03,1.20197e-03
5.41249e-15,4.40757e-03,3.66722e-03,1.19414e-03
5.27981e-15,4.40010e-03,4.22862e-03,1.18830e-03
5.42432e-15,4.39839e-03,4.18619e-03,1.18452e-03
5.43805e-15,4.37578e-03,4.14478e-03,1.18279e-03
5.23490e-15,4.36831e-03,4.10697e-03,1.18311e-03
5.29781e-15,4.33545e-03,4.06671e-03,1.18541e-03
5.28635e-15,4.29982e-03,4.02746e-03,1.18960e-03
5.13546e-15,4.26653e-03,3.98918e-03,1.19555e-03
5.10573e-15,4.24950e-03,3.95181e-03,1.20308e-03
5.27190e-15,4.23143e-03,3.91533e-03,1.21202e-03
5.35988e-15,4.17206e-03,3.87969e-03,1.22216e-03
5.13211e-15,4.11956e-03,3.84487e-03,1.23328e-03
5.22829e-15,4.09645e-03,3.81081e-03,1.24513e-03
5.37433e-15,4.05330e-03,3.77750e-03,1.25750e-03
5.34531e-15,3.96349e-03,3.74490e-03,1.27013e-03
5.38003e-15,3.92734e-03,3.71298e-03,1.28280e-03
5.41867e-15,3.88390e-03,3.68172e-03,1.29528e-03
5.32279e-15,3.83564e-03,3.66365e-03,1.30737e-03
5.21300e-15,3.80886e-03,3.62106e-03,1.31886e-03
5.53257e-15,3.75834e-03,3.59162e-03,1.32956e-03
5.44116e-15,3.73429e-03,3.56273e-03,1.33931e-03
5.40597e-15,3.73480e-03,3.56318e-03,1.34796e-03
5.28308e-15,3.73752e-03,3.53499e-03,1.35538e-03
5.39851e-15,3.74286e-03,3.50733e-03,1.36147e-03
5.24450e-15,3.72749e-03,3.48019e-03,1.36612e-03
5.26597e-15,3.71072e-03,3.45355e-03,1.36928e-03
5.32294e-15,3.71738e-03,3.42740e-03,1.37089e-03
5.20967e-15,3.72456e-03,3.40171e-03,1.37094e-03
5.13867e-15,3.72294e-03,3.37647e-03,1.36941e-03
5.13576e-15,3.71225e-03,3.35168e-03,1.36633e-03
5.24383e-15,3.69240e-03,3.32731e-03,1.36173e-03
5.41083e-15,3.67137e-03,3.30335e-03,1.35566e-03
5.33887e-15,3.65257e-03,3.27980e-03,1.34821e-03
5.41707e-15,3.66055e-03,3.26281e-03,1.33947e-03
5.25226e-15,3.65398e-03,3.25809e-03,1.32956e-03
5.26121e-15,3.65537e-03,3.31234e-03,1.31860e-03
5.27972e-15,3.66838e-03,3.35398e-03,1.30673e-03
5.40499e-15,3.69733e-03,3.36800e-03,1.29413e-03
5.30210e-15,3.72114e-03,3.32953e-03,1.28096e-03
5.29879e-15,3.73906e-03,3.31472e-03,1.26739e-03
5.17567e-15,3.75077e-03,3.27198e-03,1.25362e-03
5.16813e-15,3.75668e-03,3.23045e-03,1.23983e-03
5.28357e-15,3.75675e-03,3.19008e-03,1.22622e-03
5.27819e-15,3.75104e-03,3.15083e-03,1.21298e-03
5.39997e-15,3.73971e-03,3.11264e-03,1.20027e-03
5.42480e-15,3.72313e-03,3.07547e-03,1.18828e-03
5.32151e-15,3.70191e-03,3.03928e-03,1.17716e-03
5.35297e-15,3.67668e-03,3.00403e-03,1.16705e-03
5.36403e-15,3.64807e-03,2.96968e-03,1.15807e-03
5.41973e-15,3.61679e-03,2.94641e-03,1.15030e-03
5.47029e-15,3.58374e-03,2.92528e-03,1.14382e-03
5.24521e-15,3.54957e-03,2.90452e-03,1.13865e-03
5.27214e-15,3.51521e-03,2.88409e-03,1.13480e-03
5.37446e-15,3.48180e-03,2.86400e-03,1.13226e-03
5.31655e-15,3.44991e-03,2.84423e-03,1.13098e-03
5.36670e-15,3.41983e-03,2.82477e-03,1.13088e-03
5.35163e-15,3.39163e-03,2.80561e-03,1.13186e-03
5.36675e-15,3.36528e-03,2.78674e-03,1.13382e-03
5.38156e-15,3.34066e-03,3.23832e-03,1.13662e-03
5.50391e-15,3.31763e-03,3.24671e-03,1.14012e-03
5.33619e-15,3.29597e-03,3.21475e-03,1.14417e-03
5.34595e-15,3.27550e-03,3.18403e-03,1.14863e-03
5.46492e-15,3.25604e-03,3.15408e-03,1.15336e-03
5.38869e-15,3.23743e-03,3.12487e-03,1.15819e-03
5.43297e-15,3.21954e-03,3.09637e-03,1.16301e-03
5.07623e-15,3.20228e-03,3.06854e-03,1.16767e-03
5.36984e-15,3.18558e-03,3.04137e-03,1.17207e-03
5.33759e-15,3.16939e-03,3.01483e-03,1.17610e-03
5.42034e-15,3.15374e-03,2.98888e-03,1.17967e-03
5.30991e-15,3.13919e-03,2.96352e-03,1.18270e-03
5.47307e-15,3.10992e-03,2.93870e-03,1.18514e-03
5.39753e-15,3.09423e-03,2.91442e-03,1.18693e-03
5.35191e-15,3.08507e-03,2.89065e-03,1.18806e-03
5.34555e-15,3.07809e-03,2.86737e-03,1.18848e-03
5.29414e-15,3.07350e-03,2.84457e-03,1.18822e-03
5.17580e-15,3.07141e-03,2.82222e-03,1.18726e-03
5.38324e-15,3.07195e-03,2.80032e-03,1.18564e-03
5.29921e-15,3.07436e-03,2.77883e-03,1.18339e-03
5.35009e-15,3.07782e-03,2.75776e-03,1.18054e-03
5.08979e-15,3.08145e-03,2.73709e-03,1.17715e-03
5.18687e-15,3.08444e-03,2.71679e-03,1.17327e-03
5.35770e-15,3.08607e-03,2.69687e-03,1.16896e-03
5.34623e-15,3.08573e-03,2.67730e-03,1.16430e-03
5.39131e-15,3.08298e-03,2.69741e-03,1.15935e-03
5.28076e-15,3.07756e-03,2.67100e-03,1.15418e-03
5.36202e-15,3.06773e-03,2.64534e-03,1.14886e-03
5.31163e-15,3.05704e-03,2.62042e-03,1.14348e-03
5.36143e-15,3.01354e-03,3.22401e-03,1.13808e-03
5.35953e-15,2.99448e-03,3.18425e-03,1.13274e-03
5.42098e-15,2.98012e-03,3.14564e-03,1.12752e-03
5.42178e-15,2.96481e-03,3.10813e-03,1.12246e-03
5.34271e-15,2.95815e-03,3.07166e-03,1.11762e-03
5.41806e-15,3.03213e-03,3.03619e-03,1.11304e-03
5.45612e-15,3.07683e-03,3.00168e-03,1.10873e-03
5.44389e-15,3.07308e-03,2.96808e-03,1.10473e-03
5.47837e-15,3.07075e-03,3.06811e-03,1.10105e-03
5.20363e-15,3.07548e-03,3.15688e-03,1.09769e-03
5.35448e-15,3.07512e-03,3.11724e-03,1.09466e-03
5.29279e-15,3.09609e-03,3.07872e-03,1.09195e-03
5.28442e-15,3.12071e-03,3.04128e-03,1.08953e-03
5.31590e-15,3.14945e-03,3.48109e-03,1.08740e-03
5.44833e-15,3.17751e-03,3.44411e-03,1.08552e-03
5.58768e-15,3.20886e-03,3.40742e-03,1.08388e-03
5.51739e-15,3.23987e-03,3.37197e-03,1.08243e-03
5.60404e-15,3.22808e-03,3.34400e-03,1.08115e-03
5.29494e-15,3.17425e-03,3.58536e-03,1.08001e-03
5.35460e-15,3.12704e-03,3.54394e-03,1.07898e-03
5.40522e-15,3.08721e-03,3.50369e-03,1.07802e-03
5.42562e-15,3.04674e-03,3.46456e-03,1.07711e-03
5.45844e-15,2.97008e-03,3.42649e-03,1.07623e-03
5.37478e-15,2.92457e-03,3.38945e-03,1.07536e-03
5.25107e-15,2.88533e-03,3.35339e-03,1.07448e-03
5.36976e-15,2.84969e-03,3.31828e-03,1.07357e-03
5.38942e-15,2.84606e-03,3.28407e-03,1.07263e-03
5.47400e-15,2.84755e-03,3.25073e-03,1.07165e-03
5.55676e-15,2.84916e-03,3.21823e-03,1.07063e-03
5.36656e-15,2.85080e-03,3.18652e-03,1.06957e-03
5.23831e-15,2.85223e-03,3.15685e-03,1.06846e-03
5.23205e-15,2.85324e-03,3.12716e-03,1.06732e-03
5.28432e-15,2.85361e-03,3.09757e-03,1.06616e-03
5.28281e-15,2.85320e-03,3.06867e-03,1.06497e-03
5.39883e-15,2.85221e-03,3.04044e-03,1.06377e-03
5.37550e-15,2.85081e-03,3.01285e-03,1.06256e-03
5.44153e-15,2.82891e-03,2.98587e-03,1.06134e-03
5.40118e-15,2.82633e-03,2.95949e-03,1.06012e-03
5.41630e-15,2.82499e-03,2.93368e-03,1.05891e-03
5.24867e-15,2.82225e-03,2.90843e-03,1.05769e-03
5.28309e-15,2.81801e-03,2.88371e-03,1.05647e-03
5.45612e-15,2.83222e-03,2.85950e-03,1.05523e-03
5.34043e-15,2.84590e-03,2.85174e-03,1.05397e-03
5.24720e-15,2.86752e-03,2.83256e-03,1.05266e-03
5.48030e-15,2.87062e-03,2.80950e-03,1.05130e-03
5.37779e-15,2.86546e-03,2.78689e-03,1.04987e-03
5.29170e-15,2.86985e-03,2.76472e-03,1.04834e-03
5.56158e-15,2.85429e-03,2.74297e-03,1.04668e-03
5.48716e-15,2.83460e-03,2.73110e-03,1.04488e-03
5.49232e-15,2.82426e-03,2.78452e-03,1.04290e-03
5.36158e-15,2.80919e-03,2.94083e-03,1.04073e-03
5.35729e-15,2.78642e-03,3.10467e-03,1.03834e-03
5.41664e-15,2.75593e-03,3.27311e-03,1.03571e-03
5.38262e-15,2.70932e-03,3.34918e-03,1.03281e-03
5.51193e-15,2.68697e-03,3.30460e-03,1.02965e-03
5.48013e-15,2.68100e-03,3.26580e-03,1.02619e-03
5.22128e-15,2.68196e-03,3.22152e-03,1.02245e-03
5.30337e-15,2.68516e-03,3.17860e-03,1.01841e-03
5.47028e-15,2.68481e-03,3.13696e-03,1.01410e-03
5.28581e-15,2.68541e-03,3.09655e-03,1.00951e-03
5.17069e-15,2.67944e-03,3.05732e-03,1.00468e-03
5.21213e-15,2.68766e-03,3.01920e-03,9.99630e-04
5.21583e-15,2.69544e-03,2.98216e-03,9.94398e-04
5.28161e-15,2.70095e-03,2.94614e-03,9.89028e-04
5.33599e-15,2.70147e-03,2.91110e-03,9.83571e-04
5.43351e-15,2.69907e-03,2.87700e-03,9.78086e-04
5.52562e-15,2.70433e-03,2.84381e-03,9.72635e-04
5.22177e-15,2.69833e-03,2.81147e-03,9.67288e-04
5.23034e-15,2.68381e-03,2.77996e-03,9.62117e-04
5.30507e-15,2.67298e-03,2.74925e-03,9.57198e-04
5.20825e-15,2.65693e-03,2.71930e-03,9.52607e-04
5.49926e-15,2.65150e-03,2.74327e-03,9.48420e-04
5.48377e-15,2.65053e-03,2.87921e-03,9.44710e-04
5.46596e-15,2.65255e-03,2.84876e-03,9.41545e-04
5.37734e-15,2.65716e-03,2.81910e-03,9.38988e-04
5.55477e-15,2.66318e-03,2.79019e-03,9.37092e-04
5.46802e-15,2.66803e-03,2.84312e-03,9.35900e-04
5.37202e-15,2.67258e-03,2.85862e-03,9.35442e-04
5.31724e-15,2.68061e-03,2.82332e-03,9.35737e-04
5.39823e-15,2.65690e-03,2.78647e-03,9.36786e-04
5.30083e-15,2.64691e-03,2.75518e-03,9.38578e-04
5.33412e-15,2.63679e-03,2.72467e-03,9.41085e-04
5.40418e-15,2.62428e-03,2.69493e-03,9.44263e-04
5.18074e-15,2.60659e-03,2.66590e-03,9.48054e-04
5.40345e-15,2.55591e-03,2.63757e-03,9.52388e-04
5.47653e-15,2.53827e-03,2.60991e-03,9.57179e-04
5.41267e-15,2.54998e-03,2.58289e-03,9.62334e-04
5.19143e-15,2.64259e-03,2.55947e-03,9.67749e-04
5.14721e-15,2.72018e-03,2.62326e-03,9.73312e-04
5.40225e-15,2.76892e-03,2.59842e-03,9.78909e-04
5.37804e-15,2.76577e-03,2.57416e-03,9.84420e-04
5.28503e-15,2.76047e-03,2.55045e-03,9.89726e-04
5.37997e-15,2.75298e-03,2.52728e-03,9.94708e-04
5.44868e-15,2.74332e-03,2.50461e-03,9.99250e-04
5.53423e-15,2.73158e-03,2.48243e-03,1.00324e-03
5.32025e-15,2.71793e-03,2.51076e-03,1.00657e-03
5.54054e-15,2.70258e-03,2.48604e-03,1.00915e-03
5.29493e-15,2.68587e-03,2.46189e-03,1.01087e-03
5.25423e-15,2.66826e-03,2.43828e-03,1.01167e-03
5.16091e-15,2.65015e-03,2.41518e-03,1.01148e-03
5.32483e-15,2.62775e-03,2.39259e-03,1.01022e-03
5.41222e-15,2.57894e-03,2.37048e-03,1.00787e-03
5.29220e-15,2.52867e-03,2.34884e-03,1.00439e-03
5.27766e-15,2.48186e-03,2.32764e-03,9.99751e-04
5.20496e-15,2.43685e-03,2.30688e-03,9.93962e-04
5.37824e-15,2.39572e-03,2.28653e-03,9.87031e-04
5.31186e-15,2.34182e-03,2.26658e-03,9.78987e-04
5.39299e-15,2.19887e-03,2.24703e-03,9.69874e-04
5.32727e-15,2.17420e-03,2.22805e-03,9.59754e-04
5.35020e-15,2.19286e-03,2.20932e-03,9.48706e-04
5.40277e-15,2.21000e-03,2.19084e-03,9.36827e-04
5.29448e-15,2.22496e-03,2.16176e-03,9.24229e-04
5.26438e-15,2.24570e-03,2.14252e-03,9.11045e-04
5.00959e-15,2.26699e-03,2.25997e-03,8.97425e-04
5.17749e-15,2.28969e-03,2.26101e-03,8.83534e-04
5.36293e-15,2.31101e-03,2.36396e-03,8.69553e-04
5.39015e-15,2.32410e-03,2.33516e-03,8.55679e-04
5.34171e-15,2.33215e-03,2.30724e-03,8.42119e-04
5.43723e-15,2.34845e-03,2.28016e-03,8.29090e-04
5.31372e-15,2.36277e-03,2.25387e-03,8.16814e-04
5.32596e-15,2.35535e-03,2.32725e-03,8.05512e-04
5.18864e-15,2.36181e-03,2.33707e-03,7.95400e-04
5.21945e-15,2.37011e-03,2.47224e-03,7.86683e-04
5.53235e-15,2.37915e-03,2.44642e-03,7.79545e-04
5.44915e-15,2.38583e-03,2.42265e-03,7.74144e-04
5.52099e-15,2.37914e-03,2.40030e-03,7.70604e-04
5.25210e-15,2.37536e-03,2.37655e-03,7.69009e-04
5.49406e-15,2.35993e-03,2.35338e-03,7.69401e-04
5.46851e-15,2.33750e-03,2.33075e-03,7.71773e-04
5.31294e-15,2.31296e-03,2.30865e-03,7.76073e-04
5.47366e-15,2.28932e-03,2.28705e-03,7.82206e-04
5.25376e-15,2.25043e-03,2.26594e-03,7.90033e-04
5.43905e-15,2.23352e-03,2.24529e-03,7.99383e-04
5.36720e-15,2.20631e-03,2.22508e-03,8.10057e-04
5.34800e-15,2.19709e-03,2.20531e-03,8.21834e-04
5.53373e-15,2.19444e-03,2.18594e-03,8.34480e-04
5.28704e-15,2.19456e-03,2.16698e-03,8.47753e-04
5.31304e-15,2.19702e-03,2.14839e-03,8.61411e-04
5.47304e-15,2.20139e-03,2.13017e-03,8.75211e-04
5.48832e-15,2.20716e-03,2.11231e-03,8.88922e-04
5.35184e-15,2.19782e-03,2.09478e-03,9.02320e-04
5.31275e-15,2.20015e-03,2.07759e-03,9.15193e-04
5.07494e-15,2.20738e-03,2.06071e-03,9.27346e-04
5.36489e-15,2.25431e-03,2.04949e-03,9.38598e-04
5.21224e-15,2.26915e-03,2.02989e-03,9.48783e-04
5.36281e-15,2.26167e-03,2.01145e-03,9.57753e-04
5.40974e-15,2.25274e-03,1.99576e-03,9.65379e-04
5.30131e-15,2.24214e-03,1.97759e-03,9.71546e-04
5.33240e-15,2.22973e-03,1.95601e-03,9.76160e-04
5.20365e-15,2.23496e-03,1.94197e-03,9.79142e-04
5.36457e-15,2.24046e-03,1.92593e-03,9.80431e-04
5.32728e-15,2.24534e-03,1.90941e-03,9.79985e-04
5.23669e-15,2.24956e-03,1.89325e-03,9.77779e-04
5.41646e-15,2.25307e-03,1.87742e-03,9.73805e-04
5.14766e-15,2.25581e-03,1.86192e-03,9.68072e-04
5.22470e-15,2.23787e-03,1.84673e-03,9.60611e-04
5.20547e-15,2.22062e-03,1.83184e-03,9.51465e-04
5.29198e-15,2.21576e-03,1.81724e-03,9.40700e-04
5.37545e-15,2.21863e-03,1.80292e-03,9.28397e-04
5.46728e-15,2.22130e-03,1.78888e-03,9.14659e-04
5.34967e-15,2.22248e-03,1.83499e-03,8.99606e-04
5.37114e-15,2.22206e-03,1.82227e-03,8.83376e-04
5.38460e-15,2.21993e-03,1.82161e-03,8.66131e-04
5.48356e-15,2.21595e-03,1.81846e-03,8.48050e-04
5.47807e-15,2.20630e-03,1.80162e-03,8.29332e-04
5.40593e-15,2.19022e-03,1.79081e-03,8.10198e-04
5.54536e-15,2.17974e-03,2.18652e-03,7.90889e-04
5.50433e-15,2.16712e-03,2.25944e-03,7.71663e-04
5.36929e-15,2.15246e-03,2.22804e-03,7.52798e-04
5.27283e-15,2.13603e-03,2.19778e-03,7.34584e-04
5.46493e-15,2.11790e-03,2.16859e-03,7.17323e-04
5.36100e-15,2.09817e-03,2.14043e-03,7.01319e-04
5.33222e-15,2.07699e-03,2.11323e-03,6.86873e-04
5.37122e-15,2.05453e-03,2.08695e-03,6.74272e-04
5.39960e-15,2.03104e-03,2.06155e-03,6.63779e-04
5.42891e-15,2.01194e-03,2.03698e-03,6.55615e-04
5.44830e-15,2.01860e-03,2.01319e-03,6.49954e-04
5.28375e-15,2.02548e-03,1.99015e-03,6.46907e-04
5.24632e-15,2.03250e-03,1.96783e-03,6.46517e-04
5.34003e-15,2.03951e-03,1.94618e-03,6.48755e-04
5.33629e-15,2.04635e-03,1.92517e-03,6.53522e-04
5.33012e-15,2.05282e-03,1.90478e-03,6.60654e-04
5.19612e-15,2.05870e-03,1.88498e-03,6.69934e-04
5.16707e-15,2.06394e-03,1.88124e-03,6.81105e-04
5.42501e-15,2.06881e-03,2.05431e-03,6.93879e-04
5.33450e-15,2.07307e-03,2.03136e-03,7.07953e-04
5.26701e-15,2.07704e-03,2.00910e-03,7.23018e-04
5.26386e-15,2.08100e-03,1.98749e-03,7.38771e-04
5.32374e-15,2.08490e-03,1.96651e-03,7.54917e-04
5.27784e-15,2.08683e-03,1.94611e-03,7.71176e-04
5.37681e-15,2.08621e-03,1.92628e-03,7.87289e-04
5.41006e-15,2.08793e-03,1.90698e-03,8.03016e-04
5.32336e-15,2.08914e-03,1.88820e-03,8.18137e-04
5.27879e-15,2.08904e-03,1.86990e-03,8.32455e-04
5.21281e-15,2.08770e-03,1.85207e-03,8.45795e-04
5.19294e-15,2.08506e-03,1.83469e-03,8.58002e-04
5.31674e-15,2.08113e-03,1.81773e-03,8.68941e-04
5.32243e-15,2.07598e-03,1.80117e-03,8.78497e-04
5.35526e-15,2.06972e-03,1.78501e-03,8.86574e-04
5.30399e-15,2.06251e-03,1.76922e-03,8.93094e-04
5.28696e-15,2.05448e-03,1.75379e-03,8.97997e-04
5.36473e-15,2.04577e-03,1.73860e-03,9.01239e-04
5.33295e-15,2.03646e-03,1.72328e-03,9.02795e-04
5.24971e-15,2.02663e-03,1.70881e-03,9.02652e-04
5.39542e-15,2.01631e-03,1.69464e-03,9.00818e-04
5.42315e-15,2.00548e-03,1.68077e-03,8.97311e-04
5.47790e-15,1.99411e-03,1.76202e-03,8.92168e-04
5.58887e-15,1.98209e-03,1.80251e-03,8.85439e-04
5.43724e-15,1.96927e-03,1.78430e-03,8.77190e-04
5.29090e-15,1.95551e-03,1.76658e-03,8.67500e-04
5.26198e-15,1.94067e-03,1.74931e-03,8.56464e-04
5.30406e-15,1.98548e-03,1.73248e-03,8.44190e-04
5.46761e-15,2.02365e-03,1.71607e-03,8.30803e-04
5.43384e-15,1.99246e-03,1.79664e-03,8.16438e-04
5.28208e-15,1.97217e-03,1.79326e-03,8.01247e-04
5.32164e-15,1.95349e-03,1.77413e-03,7.85396e-04
5.38824e-15,1.93677e-03,1.75554e-03,7.69064e-04
5.48110e-15,1.92229e-03,1.73746e-03,7.52441e-04
5.52463e-15,1.90706e-03,1.71987e-03,7.35732e-04
5.42509e-15,1.89752e-03,1.70275e-03,7.19150e-04
5.47433e-15,1.89046e-03,1.68270e-03,7.02917e-04
5.38837e-15,1.88574e-03,2.08739e-03,6.87262e-04
5.59658e-15,1.88317e-03,2.05233e-03,6.72414e-04
5.42743e-15,1.86518e-03,2.01846e-03,6.58599e-04
5.55015e-15,1.85421e-03,1.98575e-03,6.46037e-04
5.53153e-15,1.85427e-03,1.95414e-03,6.34931e-04
5.37677e-15,1.85609e-03,1.92357e-03,6.25461e-04
5.31233e-15,1.85946e-03,1.89401e-03,6.17779e-04
5.33914e-15,1.86413e-03,1.86540e-03,6.11999e-04
5.28269e-15,1.86984e-03,1.83770e-03,6.08192e-04
5.34222e-15,1.87626e-03,1.93133e-03,6.06383e-04
5.37491e-15,1.88308e-03,2.49043e-03,6.06549e-04
5.21657e-15,1.89005e-03,2.46837e-03,6.08620e-04
5.33910e-15,1.89698e-03,2.44685e-03,6.12484e-04
5.22227e-15,1.90355e-03,2.42585e-03,6.17993e-04
5.34488e-15,1.90922e-03,2.40535e-03,6.24967e-04
5.31161e-15,1.91347e-03,2.38509e-03,6.33208e-04
5.28988e-15,1.91585e-03,2.36500e-03,6.42503e-04
5.59267e-15,1.91591e-03,2.34586e-03,6.52633e-04
5.26744e-15,1.91346e-03,2.32715e-03,6.63381e-04
5.27196e-15,1.90845e-03,2.30884e-03,6.74535e-04
5.43227e-15,1.90074e-03,2.29093e-03,6.85892e-04
5.32440e-15,1.88926e-03,2.27340e-03,6.97263e-04
5.49773e-15,1.83047e-03,2.25864e-03,7.08471e-04
5.41633e-15,1.81411e-03,2.24905e-03,7.19356e-04
5.36954e-15,1.80050e-03,2.23214e-03,7.29774e-04
5.43836e-15,1.78886e-03,2.21558e-03,7.39596e-04
5.48004e-15,1.77992e-03,2.19935e-03,7.48712e-04
5.47882e-15,1.78718e-03,2.18344e-03,7.57024e-04
5.55179e-15,1.77049e-03,2.16784e-03,7.64452e-04
5.33986e-15,1.75194e-03,2.15254e-03,7.70927e-04
5.43395e-15,1.74852e-03,2.13752e-03,7.76397e-04
5.50101e-15,1.70929e-03,2.12278e-03,7.80822e-04
5.28659e-15,1.70174e-03,2.10831e-03,7.84174e-04
5.41729e-15,1.70654e-03,2.09410e-03,7.86439e-04
5.24163e-15,1.71392e-03,2.08014e-03,7.87611e-04
5.30996e-15,1.72383e-03,2.06643e-03,7.87698e-04
5.45485e-15,1.73184e-03,2.07752e-03,7.86717e-04
5.23726e-15,1.74700e-03,2.15770e-03,7.84693e-04
5.56347e-15,1.76320e-03,2.13913e-03,7.81662e-04
5.54139e-15,1.77109e-03,2.12108e-03,7.77669e-04
5.48248e-15,1.79236e-03,2.10350e-03,7.72765e-04
5.27693e-15,1.81501e-03,2.08637e-03,7.67010e-04
5.29429e-15,1.83865e-03,2.06969e-03,7.60471e-04
5.31177e-15,1.85316e-03,2.05341e-03,7.53222e-04
5.27558e-15,1.85079e-03,2.03753e-03,7.45342e-04
5.28768e-15,1.84773e-03,2.02203e-03,7.36915e-04
5.29703e-15,1.84381e-03,2.00689e-03,7.28032e-04
5.31870e-15,1.83894e-03,1.99231e-03,7.18787e-04
5.19612e-15,1.83298e-03,2.04304e-03,7.09277e-04
5.33762e-15,1.82578e-03,2.02647e-03,6.99603e-04
5.25190e-15,1.81723e-03,2.01032e-03,6.89867e-04
5.31656e-15,1.80727e-03,1.99456e-03,6.80172e-04
5.28924e-15,1.79589e-03,1.97918e-03,6.70622e-04
5.28963e-15,1.78315e-03,1.96415e-03,6.61319e-04
5.16721e-15,1.76915e-03,1.94948e-03,6.52361e-04
5.23295e-15,1.75405e-03,1.93513e-03,6.43843e-04
5.14724e-15,1.73805e-03,1.92110e-03,6.35856e-04
5.31057e-15,1.72142e-03,1.92796e-03,6.28481e-04
5.41724e-15,1.70451e-03,2.10345e-03,6.21793e-04
5.40772e-15,1.68744e-03,2.08392e-03,6.15856e-04
5.42887e-15,1.66143e-03,2.30432e-03,6.10721e-04
5.30524e-15,1.66095e-03,2.32351e-03,6.06429e-04
5.39755e-15,1.66500e-03,2.29341e-03,6.03006e-04
5.46513e-15,1.66759e-03,2.26213e-03,6.00466e-04
5.51930e-15,1.66859e-03,2.23200e-03,5.98808e-04
5.38321e-15,1.66787e-03,2.20496e-03,5.98016e-04
5.42774e-15,1.65841e-03,2.17889e-03,5.98062e-04
5.20272e-15,1.61742e-03,2.15349e-03,5.98908e-04
5.23497e-15,1.58749e-03,2.12864e-03,6.00503e-04
5.32566e-15,1.58772e-03,2.10505e-03,6.02786e-04
5.45890e-15,1.58983e-03,2.08224e-03,6.05691e-04
5.54395e-15,1.59355e-03,2.06017e-03,6.09144e-04
5.47532e-15,1.59860e-03,2.03880e-03,6.13068e-04
5.28425e-15,1.59694e-03,2.01810e-03,6.17383e-04
5.49759e-15,1.58090e-03,3.03231e-03,6.22007e-04
5.49489e-15,1.56377e-03,2.99909e-03,6.26860e-04
5.36827e-15,1.54580e-03,2.96657e-03,6.31862e-04
5.33425e-15,1.52723e-03,2.93473e-03,6.36935e-04
5.39552e-15,1.50833e-03,2.90353e-03,6.42005e-04
5.29396e-15,1.48938e-03,2.87696e-03,6.47001e-04
5.33264e-15,1.47066e-03,2.85157e-03,6.51855e-04
5.40844e-15,1.45243e-03,2.82226e-03,6.56506e-04
5.42835e-15,1.43495e-03,2.79352e-03,6.60897e-04
5.40261e-15,1.44084e-03,2.76534e-03,6.64973e-04
5.36317e-15,1.46372e-03,2.73769e-03,6.68688e-04
5.45964e-15,1.48733e-03,2.71057e-03,6.72000e-04
5.33641e-15,1.51099e-03,2.68395e-03,6.74870e-04
5.29449e-15,1.53413e-03,2.65783e-03,6.77267e-04
5.32426e-15,1.55623e-03,2.63218e-03,6.79164e-04
5.20106e-15,1.57687e-03,2.60699e-03,6.80539e-04
5.29378e-15,1.59571e-03,2.58225e-03,6.81375e-04
5.42419e-15,1.60478e-03,2.55795e-03,6.81660e-04
5.33787e-15,1.58097e-03,2.53408e-03,6.81389e-04
5.37096e-15,1.57821e-03,2.51062e-03,6.80560e-04
5.25827e-15,1.57710e-03,2.48756e-03,6.79176e-04
5.46777e-15,1.57775e-03,2.46489e-03,6.77245e-04
5.37169e-15,1.58086e-03,2.54611e-03,6.74782e-04
5.35608e-15,1.58631e-03,2.52700e-03,6.71806e-04
5.40793e-15,1.59377e-03,2.50195e-03,6.68338e-04
5.49439e-15,1.60280e-03,2.47740e-03,6.64408e-04
5.33609e-15,1.61294e-03,2.45146e-03,6.60049e-04
5.37016e-15,1.62370e-03,2.42745e-03,6.55298e-04
5.41473e-15,1.63458e-03,2.40211e-03,6.50196e-04
5.35596e-15,1.62832e-03,2.37922e-03,6.44792e-04
5.27420e-15,1.61632e-03,2.35690e-03,6.39134e-04
5.56031e-15,1.59722e-03,2.33501e-03,6.33277e-04
5.52303e-15,1.58205e-03,2.31352e-03,6.27277e-04
5.47945e-15,1.56666e-03,2.29243e-03,6.21195e-04
5.43983e-15,1.55063e-03,2.27172e-03,6.15094e-04
5.38360e-15,1.53341e-03,2.25138e-03,6.09036e-04
5.22913e-15,1.51632e-03,2.23140e-03,6.03087e-04
5.51532e-15,1.50028e-03,2.21178e-03,5.97312e-04
5.30718e-15,1.48462e-03,2.19249e-03,5.91773e-04
5.21274e-15,1.46956e-03,2.17353e-03,5.86533e-04
5.20096e-15,1.44537e-03,2.15489e-03,5.81650e-04
5.50499e-15,1.43086e-03,2.22303e-03,5.77178e-04
5.55110e-15,1.41855e-03,2.19753e-03,5.73167e-04
5.62372e-15,1.40750e-03,2.17080e-03,5.69657e-04
5.50130e-15,1.39771e-03,2.14500e-03,5.66685e-04
5.41520e-15,1.38916e-03,2.12009e-03,5.64275e-04
5.19449e-15,1.37579e-03,2.09602e-03,5.62447e-04
5.47169e-15,1.36007e-03,2.07275e-03,5.61206e-04
5.50820e-15,1.35237e-03,2.05022e-03,5.60550e-04
5.18079e-15,1.34475e-03,2.02841e-03,5.60469e-04
5.29997e-15,1.33984e-03,2.00727e-03,5.60939e-04
5.46025e-15,1.33532e-03,1.98677e-03,5.61931e-04
5.26882e-15,1.33099e-03,1.96688e-03,5.63406e-04
5.17149e-15,1.32668e-03,1.94757e-03,5.65318e-04
5.20356e-15,1.31350e-03,1.92948e-03,5.67614e-04
5.21904e-15,1.30938e-03,1.96549e-03,5.70238e-04
5.46736e-15,1.29121e-03,1.94609e-03,5.73128e-04
5.44434e-15,1.26905e-03,1.92727e-03,5.76223e-04
5.27699e-15,1.24749e-03,1.90898e-03,5.79456e-04
5.56024e-15,1.25451e-03,2.01797e-03,5.82763e-04
5.33418e-15,1.28021e-03,2.00045e-03,5.86080e-04
5.35109e-15,1.27460e-03,1.98328e-03,5.89345e-04
5.23926e-15,1.26824e-03,1.96646e-03,5.92499e-04
5.39817e-15,1.26202e-03,2.18919e-03,5.95485e-04
5.32765e-15,1.25623e-03,2.15553e-03,5.98250e-04
5.20754e-15,1.25120e-03,2.12310e-03,6.00748e-04
5.20134e-15,1.24718e-03,2.09185e-03,6.02934e-04
5.17191e-15,1.24448e-03,2.06171e-03,6.04770e-04
5.22531e-15,1.24327e-03,2.03263e-03,6.06225e-04
5.15322e-15,1.24372e-03,2.00455e-03,6.07271e-04
5.34296e-15,1.24591e-03,1.97742e-03,6.07888e-04
5.38885e-15,1.24994e-03,1.95120e-03,6.08058e-04
5.36141e-15,1.25578e-03,1.92584e-03,6.07774e-04
5.32456e-15,1.26328e-03,1.90163e-03,6.07030e-04
5.37338e-15,1.27221e-03,1.87789e-03,6.05830e-04
5.32829e-15,1.27833e-03,1.85485e-03,6.04180e-04
5.25134e-15,1.28662e-03,1.85527e-03,6.02094e-04
5.51821e-15,1.29767e-03,1.97400e-03,5.99590e-04
5.43687e-15,1.30905e-03,1.95371e-03,5.96692e-04
5.25761e-15,1.32053e-03,2.53294e-03,5.93428e-04
5.30131e-15,1.33186e-03,2.51261e-03,5.89832e-04
5.23293e-15,1.30502e-03,2.49271e-03,5.85941e-04
5.34769e-15,1.27757e-03,2.47321e-03,5.81796e-04
5.30227e-15,1.24933e-03,2.45411e-03,5.77444e-04
5.33580e-15,1.22077e-03,2.43539e-03,5.72930e-04
5.27077e-15,1.19642e-03,2.41704e-03,5.68308e-04
5.28877e-15,1.19494e-03,2.39903e-03,5.63627e-04
5.13660e-15,1.19276e-03,2.38137e-03,5.58943e-04
5.14575e-15,1.18999e-03,2.36403e-03,5.54310e-04
5.21491e-15,1.18674e-03,2.34701e-03,5.49781e-04
5.26346e-15,1.18314e-03,2.33030e-03,5.45410e-04
5.32982e-15,1.17929e-03,2.31388e-03,5.41247e-04
5.36979e-15,1.17531e-03,2.29774e-03,5.37340e-04
5.47346e-15,1.17131e-03,2.28188e-03,5.33735e-04
5.31235e-15,1.16738e-03,2.26629e-03,5.30471e-04
5.29148e-15,1.16361e-03,2.25096e-03,5.27582e-04
5.41789e-15,1.16009e-03,2.23587e-03,5.25098e-04
5.37429e-15,1.15686e-03,2.22103e-03,5.23040e-04
5.37903e-15,1.15398e-03,2.20642e-03,5.21424e-04
5.58565e-15,1.15149e-03,2.19204e-03,5.20255e-04
5.36673e-15,1.14941e-03,2.17788e-03,5.19536e-04
5.50785e-15,1.14775e-03,2.16394e-03,5.19258e-04
5.22916e-15,1.14648e-03,2.15020e-03,5.19406e-04
5.24556e-15,1.12685e-03,2.13667e-03,5.19960e-04
5.45098e-15,1.10274e-03,2.12333e-03,5.20892e-04
5.31895e-15,1.06767e-03,2.11018e-03,5.22168e-04
5.38233e-15,1.04729e-03,2.09722e-03,5.23751e-04
5.40740e-15,1.03035e-03,2.08444e-03,5.25599e-04
5.30856e-15,1.02162e-03,2.07184e-03,5.27668e-04
5.28944e-15,1.03303e-03,2.05941e-03,5.29910e-04
5.29747e-15,1.04759e-03,2.04715e-03,5.32277e-04
5.37249e-15,1.06333e-03,2.03505e-03,5.34720e-04
5.44748e-15,1.07986e-03,2.02310e-03,5.37192e-04
5.50888e-15,1.09692e-03,2.01132e-03,5.39644e-04
5.35793e-15,1.11418e-03,1.99968e-03,5.42030e-04
5.53222e-15,1.13128e-03,1.98819e-03,5.44306e-04
5.52294e-15,1.13300e-03,1.97685e-03,5.46430e-04
5.33318e-15,1.12805e-03,1.99698e-03,5.48363e-04
5.19175e-15,1.12199e-03,1.97802e-03,5.50070e-04
5.37899e-15,1.11475e-03,2.02362e-03,5.51518e-04
5.45237e-15,1.10632e-03,2.25978e-03,5.52679e-04
5.31996e-15,1.09667e-03,2.23849e-03,5.53527e-04
5.36001e-15,1.08583e-03,2.21785e-03,5.54041e-04
5.31108e-15,1.09984e-03,2.19781e-03,5.54205e-04
5.29821e-15,1.11175e-03,2.17836e-03,5.54004e-04
5.45852e-15,1.13341e-03,2.15945e-03,5.53430e-04
5.37601e-15,1.15400e-03,2.14106e-03,5.52478e-04
5.33698e-15,1.17232e-03,2.12316e-03,5.51146e-04
5.18557e-15,1.18773e-03,2.10198e-03,5.49437e-04
5.30224e-15,1.17716e-03,2.07619e-03,5.47359e-04
5.39714e-15,1.16009e-03,2.05123e-03,5.44922e-04
5.43173e-15,1.14064e-03,2.02708e-03,5.42140e-04
5.22778e-15,1.11914e-03,2.00368e-03,5.39033e-04
5.28710e-15,1.09593e-03,1.98101e-03,5.35623e-04
5.34603e-15,1.07142e-03,1.95903e-03,5.31936e-04
5.56023e-15,1.04607e-03,1.93771e-03,5.28001e-04
5.31333e-15,1.02034e-03,1.91700e-03,5.23851e-04
5.22323e-15,9.94742e-04,1.89690e-03,5.19523e-04
5.30729e-15,9.69798e-04,1.87735e-03,5.15054e-04
5.46736e-15,9.46022e-04,1.85835e-03,5.10489e-04
5.40478e-15,9.23907e-04,2.04317e-03,5.05869e-04
5.26045e-15,9.03903e-04,2.02458e-03,5.01242e-04
5.18750e-15,9.09229e-04,2.04664e-03,4.96656e-04
5.24527e-15,9.19358e-04,2.12558e-03,4.92160e-04
5.34734e-15,9.31441e-04,2.09937e-03,4.87803e-04
5.21766e-15,9.45151e-04,2.07406e-03,4.83634e-04
5.30357e-15,9.60131e-04,2.04960e-03,4.79702e-04
5.43368e-15,9.76000e-04,2.02595e-03,4.76055e-04
5.23209e-15,9.58181e-04,2.00307e-03,4.72736e-04
5.35476e-15,9.39121e-04,1.98092e-03,4.69787e-04
5.53813e-15,9.21748e-04,1.95946e-03,4.67244e-04
5.56543e-15,9.06343e-04,1.93867e-03,4.65141e-04
5.55927e-15,8.93179e-04,1.96964e-03,4.63502e-04
5.45762e-15,8.82375e-04,1.97145e-03,4.62348e-04
5.27905e-15,8.86071e-04,1.95648e-03,4.61691e-04
5.23548e-15,8.95796e-04,1.94188e-03,4.61537e-04
5.48335e-15,9.05338e-04,1.93079e-03,4.61883e-04
5.41450e-15,9.14417e-04,1.93312e-03,4.62719e-04
5.26564e-15,9.22804e-04,1.91267e-03,4.64028e-04
5.36382e-15,9.30317e-04,1.89284e-03,4.65783e-04
5.34236e-15,9.36822e-04,1.87361e-03,4.67955e-04
5.34295e-15,9.42232e-04,1.85494e-03,4.70505e-04
5.31953e-15,9.46503e-04,1.83681e-03,4.73390e-04
5.35910e-15,9.49630e-04,1.81919e-03,4.76563e-04
5.49518e-15,9.51647e-04,1.80206e-03,4.79973e-04
5.48106e-15,9.52619e-04,1.78539e-03,4.83565e-04
5.45558e-15,9.52639e-04,1.89742e-03,4.87285e-04
5.52109e-15,9.51828e-04,2.20899e-03,4.91075e-04
5.46093e-15,9.50321e-04,2.18346e-03,4.94878e-04
5.40911e-15,9.48269e-04,2.15885e-03,4.98637e-04
5.32816e-15,9.45831e-04,2.13511e-03,5.02295e-04
5.33058e-15,9.43168e-04,2.11220e-03,5.05799e-04
5.39632e-15,9.40434e-04,2.09006e-03,5.09096e-04
5.47982e-15,9.36895e-04,2.06866e-03,5.12135e-04
5.57758e-15,9.34222e-04,2.04796e-03,5.14871e-04
5.49026e-15,9.31853e-04,2.02791e-03,5.17257e-04
5.10494e-15,9.29883e-04,2.00849e-03,5.19255e-04
5.36865e-15,9.28376e-04,1.98966e-03,5.20826e-04
5.31827e-15,9.27366e-04,1.97140e-03,5.21937e-04
5.29377e-15,9.26852e-04,1.95366e-03,5.22561e-04
5.30112e-15,9.26798e-04,1.93643e-03,5.22671e-04
5.26890e-15,9.25831e-04,1.91968e-03,5.22248e-04
5.23741e-15,9.18727e-04,1.90339e-03,5.21276e-04
5.48178e-15,9.11402e-04,1.88754e-03,5.19744e-04
5.37136e-15,9.04177e-04,1.89948e-03,5.17647e-04
5.31169e-15,8.97232e-04,1.90857e-03,5.14983e-04
5.21925e-15,8.90697e-04,1.89224e-03,5.11757e-04
5.25654e-15,8.84655e-04,1.95151e-03,5.07979e-04
5.20951e-15,8.79861e-04,2.03461e-03,5.03665e-04
5.32699e-15,8.79223e-04,2.02499e-03,4.98835e-04
5.26979e-15,8.82835e-04,2.01549e-03,4.93518e-04
5.26423e-15,8.90273e-04,2.00052e-03,4.87747e-04
5.41217e-15,9.00949e-04,1.97526e-03,4.81561e-04
5.38512e-15,9.12335e-04,1.95071e-03,4.75008e-04
5.47777e-15,9.05362e-04,1.92684e-03,4.68140e-04
5.31031e-15,8.97149e-04,1.90361e-03,4.61017e-04
5.50742e-15,8.94881e-04,1.88100e-03,4.53706e-04
5.32992e-15,9.05685e-04,1.85899e-03,4.46280e-04
5.40995e-15,9.15163e-04,1.83755e-03,4.38819e-04
5.50223e-15,9.23202e-04,1.81666e-03,4.31410e-04
5.42388e-15,9.29727e-04,1.79630e-03,4.24143e-04
5.40932e-15,9.34693e-04,1.77644e-03,4.17116e-04
5.36144e-15,9.38091e-04,1.75707e-03,4.10427e-04
5.41117e-15,9.39935e-04,1.73817e-03,4.04179e-04
5.51029e-15,9.40269e-04,1.86319e-03,3.98473e-04
5.34051e-15,9.39156e-04,1.85328e-03,3.93408e-04
5.26734e-15,9.36681e-04,1.83083e-03,3.89076e-04
5.17801e-15,9.32946e-04,1.85099e-03,3.85563e-04
5.28827e-15,9.28066e-04,1.84329e-03,3.82941e-04
5.36699e-15,9.22168e-04,1.82078e-03,3.81270e-04
5.19827e-15,9.15388e-04,1.79886e-03,3.66370e-04
5.29146e-15,9.07868e-04,1.77749e-03,3.46854e-04
5.30294e-15,8.99753e-04,1.75666e-03,3.36130e-04
5.39586e-15,8.91189e-04,1.73634e-03,3.35125e-04
5.35301e-15,8.82319e-04,1.71652e-03,3.43855e-04
5.29928e-15,8.73284e-04,1.69717e-03,3.61411e-04
5.35839e-15,8.64217e-04,1.82450e-03,3.86277e-04
5.40336e-15,8.55241e-04,1.80112e-03,4.02778e-04
5.43309e-15,8.46469e-04,1.77858e-03,4.09130e-04
5.39081e-15,8.38003e-04,1.75682e-03,4.16003e-04
5.49205e-15,8.29928e-04,1.73582e-03,4.23285e-04
5.30687e-15,8.22315e-04,1.89556e-03,4.30863e-04
5.39053e-15,8.15221e-04,1.87009e-03,4.38623e-04
5.40903e-15,8.08685e-04,1.84548e-03,4.46452e-04
5.35354e-15,8.02729e-04,1.82169e-03,4.54242e-04
5.34382e-15,8.04289e-04,1.79866e-03,4.61887e-04
5.29241e-15,8.06945e-04,1.77637e-03,4.69287e-04
5.39681e-15,7.92894e-04,1.75477e-03,4.76347e-04
5.34204e-15,7.84668e-04,1.73382e-03,4.82980e-04
5.34549e-15,7.81473e-04,1.71349e-03,4.89102e-04
5.44968e-15,7.78723e-04,1.69375e-03,4.94637e-04
5.51160e-15,7.76366e-04,1.67457e-03,4.99518e-04
5.54677e-15,7.74347e-04,1.65592e-03,5.03679e-04
5.48189e-15,7.72608e-04,1.85004e-03,5.07067e-04
5.35064e-15,7.71093e-04,1.82857e-03,5.09631e-04
5.31743e-15,7.69748e-04,1.80780e-03,5.11328e-04
5.36658e-15,7.68524e-04,1.78770e-03,5.12123e-04
5.39522e-15,7.67376e-04,1.76825e-03,5.11988e-04
5.31355e-15,7.66265e-04,1.74861e-03,5.10900e-04
5.27738e-15,7.73060e-04,1.73015e-03,5.08844e-04
5.22387e-15,7.81764e-04,1.71241e-03,5.05814e-04
5.28276e-15,7.91338e-04,1.69519e-03,5.01809e-04
5.31246e-15,7.98488e-04,1.67845e-03,4.96836e-04
5.36402e-15,7.96164e-04,1.88437e-03,4.90911e-04
5.38862e-15,7.90222e-04,1.87095e-03,4.84057e-04
5.33106e-15,7.81116e-04,1.85787e-03,4.76306e-04
5.33518e-15,7.71879e-04,1.84509e-03,4.67698e-04
5.26424e-15,7.62615e-04,1.83262e-03,4.58285e-04
5.35581e-15,7.53650e-04,1.82043e-03,4.48127e-04
5.21663e-15,7.52340e-04,1.80852e-03,4.37293e-04
5.23737e-15,7.51097e-04,1.79686e-03,4.25868e-04
5.61275e-15,7.49947e-04,1.78545e-03,4.13947e-04
5.32157e-15,7.48914e-04,1.77428e-03,4.01638e-04
5.30079e-15,7.48020e-04,1.76333e-03,3.89065e-04
5.32965e-15,7.47283e-04,1.75261e-03,3.76369e-04
5.28328e-15,7.46718e-04,1.74209e-03,3.63707e-04
5.42396e-15,7.46334e-04,1.73178e-03,3.51254e-04
5.17465e-15,7.46138e-04,1.72165e-03,3.39205e-04
5.23768e-15,7.46129e-04,1.71172e-03,3.27770e-04
5.47265e-15,7.46302e-04,1.70196e-03,3.17175e-04
5.35022e-15,7.46645e-04,1.69237e-03,3.07656e-04
5.44360e-15,7.47145e-04,1.68295e-03,3.05002e-04
5.37777e-15,7.47781e-04,1.67369e-03,3.02896e-04
5.32550e-15,7.48530e-04,1.66459e-03,3.00494e-04
5.51175e-15,7.49363e-04,1.69125e-03,2.97816e-04
5.40248e-15,7.50251e-04,1.81570e-03,2.94882e-04
5.19195e-15,7.51163e-04,1.80396e-03,2.91719e-04
5.22297e-15,7.52064e-04,2.11491e-03,2.88355e-04
5.24825e-15,7.52920e-04,2.09145e-03,2.92903e-04
5.33154e-15,7.53696e-04,2.06897e-03,2.99645e-04
5.18906e-15,7.40011e-04,2.04741e-03,3.07951e-04
5.32499e-15,7.24678e-04,2.02670e-03,3.17594e-04
5.42598e-15,7.09145e-04,2.00680e-03,3.28334e-04
5.30148e-15,6.93622e-04,1.98765e-03,3.39931e-04
5.35900e-15,6.78438e-04,1.96921e-03,3.52151e-04
5.49223e-15,6.81289e-04,1.95144e-03,3.64776e-04
5.36696e-15,6.84061e-04,1.93428e-03,3.77600e-04
5.26936e-15,6.86681e-04,1.91772e-03,3.90437e-04
5.45496e-15,6.89080e-04,1.90171e-03,4.03116e-04
5.36994e-15,6.91198e-04,1.88556e-03,4.15486e-04
5.40377e-15,6.92987e-04,1.87031e-03,4.27406e-04
5.30238e-15,6.94409e-04,1.85568e-03,4.38753e-04
5.38916e-15,6.95438e-04,1.84149e-03,4.49417e-04
5.48051e-15,6.96058e-04,1.82771e-03,4.59298e-04
5.29868e-15,6.96265e-04,1.81374e-03,4.68308e-04
5.28126e-15,6.95980e-04,1.80066e-03,4.76370e-04
5.31987e-15,6.95282e-04,1.78797e-03,4.83416e-04
5.33751e-15,6.94239e-04,1.77561e-03,4.89387e-04
5.48228e-15,6.92848e-04,1.76357e-03,4.94233e-04
5.18696e-15,6.91151e-04,1.75184e-03,4.97911e-04
5.33957e-15,6.89198e-04,1.74039e-03,5.00388e-04
5.22956e-15,6.87040e-04,1.72921e-03,5.01636e-04
5.24819e-15,6.88436e-04,1.71830e-03,5.01638e-04
5.50791e-15,6.87873e-04,1.70764e-03,5.00381e-04
5.21466e-15,6.81322e-04,1.69721e-03,4.97860e-04
5.34363e-15,6.77447e-04,1.68701e-03,4.94079e-04
5.36754e-15,6.75062e-04,1.67703e-03,4.89048e-04
5.30740e-15,6.72768e-04,1.66726e-03,4.82783e-04
5.26412e-15,6.70593e-04,1.65768e-03,4.75309e-04
5.35989e-15,6.68559e-04,1.64830e-03,4.66658e-04
5.39439e-15,6.66677e-04,1.63910e-03,4.56870e-04
5.28804e-15,6.64950e-04,1.63009e-03,4.45992e-04
5.30490e-15,6.63371e-04,1.67931e-03,4.34081e-04
5.21436e-15,6.61922e-04,1.66866e-03,4.21201e-04
5.28375e-15,6.60578e-04,1.65829e-03,4.07429e-04
5.30375e-15,6.59309e-04,1.64817e-03,3.92849e-04
5.37119e-15,6.58076e-04,1.63830e-03,3.77562e-04
5.34598e-15,6.56836e-04,1.62867e-03,3.61680e-04
5.46856e-15,6.55544e-04,1.61926e-03,3.45333e-04
5.21430e-15,6.54151e-04,1.61006e-03,3.28670e-04
5.32621e-15,6.52612e-04,1.60106e-03,3.11868e-04
5.32937e-15,6.50881e-04,1.59225e-03,2.95127e-04
5.20702e-15,6.48914e-04,1.58362e-03,2.91735e-04
5.17109e-15,6.46674e-04,1.57517e-03,2.90452e-04
5.35986e-15,6.44129e-04,1.56688e-03,2.88779e-04
5.49228e-15,6.41252e-04,1.55875e-03,2.86723e-04
5.38317e-15,6.38025e-04,1.55077e-03,2.84299e-04
5.35503e-15,6.32561e-04,1.54293e-03,2.81524e-04
5.30493e-15,6.30497e-04,1.53524e-03,2.78420e-04
5.29988e-15,6.26205e-04,1.52767e-03,2.75012e-04
5.27208e-15,6.21583e-04,1.57366e-03,2.71330e-04
5.25257e-15,6.16663e-04,1.65720e-03,2.67407e-04
5.35986e-15,6.11485e-04,1.64357e-03,2.63281e-04
5.16572e-15,6.06098e-04,1.63044e-03,2.58993e-04
5.25440e-15,6.00562e-04,1.61776e-03,2.54588e-04
5.41740e-15,5.94946e-04,1.60552e-03,2.50116e-04
5.41598e-15,5.89324e-04,1.77847e-03,2.50805e-04
5.31868e-15,5.83779e-04,1.83835e-03,2.65626e-04
5.31438e-15,5.78398e-04,1.83133e-03,2.81181e-04
5.44081e-15,5.73268e-04,1.82439e-03,2.97161e-04
5.25084e-15,5.68481e-04,1.81753e-03,3.13300e-04
5.27199e-15,5.64123e-04,1.81076e-03,3.29373e-04
5.22345e-15,5.60278e-04,1.80406e-03,3.45188e-04
5.24825e-15,5.57021e-04,1.79721e-03,3.60580e-04
5.24723e-15,5.54420e-04,1.77970e-03,3.75408e-04
5.40592e-15,5.60511e-04,1.76283e-03,3.89548e-04
5.32901e-15,5.70899e-04,1.74656e-03,4.02892e-04
5.37029e-15,5.80399e-04,1.73086e-03,4.15347e-04
5.45576e-15,5.90631e-04,1.71571e-03,4.26831e-04
5.31554e-15,6.00602e-04,1.70105e-03,4.37273e-04
5.44656e-15,6.09958e-04,1.71165e-03,4.46608e-04
5.33233e-15,6.18517e-04,1.70930e-03,4.54785e-04
5.15169e-15,6.26123e-04,1.69450e-03,4.61756e-04
5.10610e-15,6.32641e-04,1.68020e-03,4.67482e-04
5.20410e-15,6.37953e-04,1.66637e-03,4.71932e-04
5.46304e-15,6.36969e-04,1.65298e-03,4.75080e-04
5.41560e-15,6.28668e-04,1.64001e-03,4.76907e-04
5.42957e-15,6.19945e-04,1.62743e-03,4.77401e-04
5.30292e-15,6.10866e-04,1.61522e-03,4.76556e-04
5.30287e-15,6.01512e-04,1.60335e-03,4.74370e-04
5.46065e-15,5.99196e-04,1.67817e-03,4.70849e-04
5.28486e-15,6.04106e-04,1.73708e-03,4.66005e-04
5.29747e-15,6.08693e-04,1.73025e-03,4.59855e-04
5.37041e-15,6.12869e-04,1.72354e-03,4.52423e-04
5.21099e-15,6.16548e-04,1.71692e-03,4.43737e-04
5.35725e-15,6.09668e-04,1.71041e-03,4.33834e-04
5.23820e-15,6.00797e-04,1.70399e-03,4.22755e-04
5.23611e-15,5.90680e-04,1.69767e-03,4.10549e-04
5.30957e-15,5.80532e-04,1.69143e-03,3.97271e-04
5.43698e-15,5.71067e-04,1.68528e-03,3.82984e-04
5.30773e-15,5.61414e-04,1.67921e-03,3.67759e-04
5.39343e-15,5.51881e-04,1.67323e-03,3.51677e-04
5.32125e-15,5.42751e-04,1.66732e-03,3.34828e-04
5.32147e-15,5.34250e-04,1.66148e-03,3.17318e-04
5.42865e-15,5.26563e-04,1.65572e-03,2.99267e-04
5.40669e-15,5.19843e-04,1.65002e-03,2.80815e-04
5.28284e-15,5.14204e-04,1.63974e-03,2.70738e-04
5.48732e-15,5.09723e-04,1.62738e-03,2.69459e-04
5.42242e-15,5.13276e-04,1.61539e-03,2.67779e-04
5.44278e-15,5.18967e-04,1.60375e-03,2.65712e-04
5.43227e-15,5.25583e-04,1.59243e-03,2.63275e-04
5.36952e-15,5.32987e-04,1.58003e-03,2.60488e-04
5.49551e-15,5.41031e-04,1.56755e-03,2.57379e-04
5.41097e-15,5.48211e-04,1.55695e-03,2.53975e-04
5.47723e-15,5.39035e-04,1.54662e-03,2.50309e-04
5.40311e-15,5.29870e-04,1.53656e-03,2.46418e-04
5.32776e-15,5.20842e-04,1.62600e-03,2.42342e-04
5.19184e-15,5.19678e-04,1.68009e-03,2.38124e-04
5.26516e-15,5.22684e-04,1.66279e-03,2.33813e-04
5.27196e-15,5.25351e-04,1.64476e-03,2.29456e-04
5.31833e-15,5.27555e-04,1.63040e-03,2.25109e-04
5.32524e-15,5.29198e-04,1.61648e-03,2.20826e-04
5.65252e-15,5.30214e-04,1.60299e-03,2.16663e-04
5.66170e-15,5.30568e-04,1.58990e-03,2.32855e-04
5.39519e-15,5.30245e-04,1.57719e-03,2.50632e-04
5.34281e-15,5.31227e-04,1.68819e-03,2.68366e-04
5.34004e-15,5.40077e-04,1.67901e-03,2.85842e-04
5.46515e-15,5.56365e-04,1.67006e-03,3.02886e-04
5.25571e-15,5.77356e-04,1.66132e-03,3.19352e-04
5.36028e-15,6.03209e-04,1.65279e-03,3.35119e-04
5.42639e-15,6.32546e-04,1.64445e-03,3.50079e-04
5.47778e-15,6.31222e-04,1.63630e-03,3.64144e-04
5.62206e-15,6.26426e-04,1.62833e-03,3.77233e-04
5.33903e-15,6.20501e-04,1.62054e-03,3.89279e-04
5.48497e-15,6.13491e-04,1.61290e-03,4.00221e-04
5.61426e-15,6.05454e-04,1.60542e-03,4.10008e-04
5.42694e-15,5.96460e-04,1.59810e-03,4.18594e-04
5.34414e-15,5.86594e-04,1.59092e-03,4.25943e-04
5.24644e-15,5.75951e-04,1.58387e-03,4.32022e-04
5.52938e-15,5.64644e-04,1.57696e-03,4.36808e-04
5.48704e-15,5.52796e-04,1.57018e-03,4.40281e-04
5.20166e-15,5.40546e-04,1.56352e-03,4.42429e-04
5.22953e-15,5.34876e-04,1.55698e-03,4.43244e-04
5.43861e-15,5.40111e-04,1.54848e-03,4.42725e-04
5.46691e-15,5.44889e-04,1.54206e-03,4.40877e-04
5.24005e-15,5.49146e-04,1.53576e-03,4.37711e-04
5.43210e-15,5.52829e-04,1.52957e-03,4.33241e-04
5.36901e-15,5.55890e-04,1.52347e-03,4.27489e-04
5.22849e-15,5.58288e-04,1.51748e-03,4.20484e-04
5.33611e-15,5.59991e-04,1.51157e-03,4.12256e-04
5.32186e-15,5.60973e-04,1.50214e-03,4.02846e-04
5.37832e-15,5.61217e-04,1.49132e-03,3.92298e-04
5.33372e-15,5.60710e-04,1.48066e-03,3.80663e-04
5.24898e-15,5.59450e-04,1.48883e-03,3.67999e-04
5.33750e-15,5.57439e-04,1.48335e-03,3.54369e-04
5.37512e-15,5.54687e-04,1.47794e-03,3.39846e-04
5.40840e-15,5.51213e-04,1.47261e-03,3.24512e-04
5.39779e-15,5.47041e-04,1.46735e-03,3.08455e-04
5.36390e-15,5.42204e-04,1.46216e-03,2.91781e-04
5.41009e-15,5.36742e-04,1.45704e-03,2.74605e-04
5.38399e-15,5.30703e-04,1.45198e-03,2.57066e-04
5.44605e-15,5.24141e-04,1.44699e-03,2.43250e-04
5.47759e-15,5.17120e-04,1.44205e-03,2.41924e-04
5.24436e-15,5.09710e-04,1.43718e-03,2.40304e-04
5.26735e-15,5.01987e-04,1.43236e-03,2.38406e-04
5.29114e-15,4.94036e-04,1.42761e-03,2.36250e-04
5.28446e-15,4.99049e-04,1.42290e-03,2.33857e-04
5.38999e-15,5.08168e-04,1.41825e-03,2.31252e-04
5.35615e-15,5.16921e-04,1.41366e-03,2.28460e-04
5.45948e-15,5.25180e-04,1.40911e-03,2.25512e-04
5.38639e-15,5.32829e-04,1.40461e-03,2.22437e-04
5.48241e-15,5.39770e-04,1.40016e-03,2.19270e-04
5.36609e-15,5.45920e-04,1.39576e-03,2.16044e-04
5.33540e-15,5.51208e-04,1.39141e-03,2.12795e-04
5.40707e-15,5.55580e-04,1.38710e-03,2.09562e-04
5.25688e-15,5.56758e-04,1.38283e-03,2.06381e-04
5.19772e-15,5.55061e-04,1.37860e-03,2.03290e-04
5.36082e-15,5.56649e-04,1.37442e-03,2.00328e-04
5.47741e-15,5.59948e-04,1.37028e-03,2.13482e-04
5.40592e-15,5.62699e-04,1.36617e-03,2.29655e-04
5.35659e-15,5.61148e-04,1.36211e-03,2.45690e-04
5.38144e-15,5.58650e-04,1.35809e-03,2.61400e-04
5.25422e-15,5.55245e-04,1.35410e-03,2.76637e-04
5.37031e-15,5.50984e-04,1.35014e-03,2.91275e-04
5.39939e-15,5.45927e-04,1.34623e-03,3.05211e-04
5.41872e-15,5.40142e-04,1.34235e-03,3.18359e-04
5.33733e-15,5.33706e-04,1.33850e-03,3.30642e-04
5.38163e-15,5.26704e-04,1.33468e-03,3.41997e-04
5.30267e-15,5.19227e-04,1.33090e-03,3.52371e-04
5.49198e-15,5.11372e-04,1.32715e-03,3.61716e-04
5.38946e-15,5.03242e-04,1.32343e-03,3.69995e-04
5.37455e-15,4.94942e-04,1.31975e-03,3.77176e-04
5.45870e-15,4.86583e-04,1.31609e-03,3.83233e-04
5.22488e-15,4.78275e-04,1.31246e-03,3.88148e-04
5.23211e-15,4.72326e-04,1.30886e-03,3.91907e-04
5.09084e-15,4.77104e-04,1.30529e-03,3.94504e-04
5.51629e-15,4.81489e-04,1.30778e-03,3.95936e-04
5.37581e-15,4.85420e-04,1.39655e-03,3.96207e-04
5.24536e-15,4.88843e-04,1.38889e-03,3.95328e-04
5.51200e-15,4.91713e-04,1.38147e-03,3.93311e-04
5.46474e-15,4.93993e-04,1.37429e-03,3.90178e-04
5.21688e-15,4.95651e-04,1.37118e-03,3.85954e-04
5.23386e-15,4.96667e-04,1.36314e-03,3.80669e-04
5.18654e-15,4.97026e-04,1.35305e-03,3.74359e-04
5.22107e-15,4.96720e-04,1.33349e-03,3.67067e-04
5.28443e-15,4.95750e-04,1.32335e-03,3.58840e-04
5.20845e-15,4.94122e-04,1.31340e-03,3.49731e-04
5.40647e-15,4.91852e-04,1.30363e-03,3.39799e-04
5.37296e-15,4.88958e-04,1.29323e-03,3.29113e-04
5.47200e-15,4.85470e-04,1.28372e-03,3.17744e-04
5.51966e-15,4.81420e-04,1.27440e-03,3.05777e-04
5.35862e-15,4.76850e-04,1.26523e-03,2.93302e-04
5.46230e-15,4.71806e-04,1.25620e-03,2.80422e-04
5.28667e-15,4.66340e-04,1.24731e-03,2.67252e-04
5.26079e-15,4.60511e-04,1.23856e-03,2.53923e-04
5.30896e-15,4.54383e-04,1.22993e-03,2.40584e-04
5.27125e-15,4.48027e-04,1.22143e-03,2.27404e-04
5.21576e-15,4.41516e-04,1.21306e-03,2.14904e-04
5.18160e-15,4.41181e-04,1.20480e-03,2.13875e-04
5.22619e-15,4.43839e-04,1.19667e-03,2.12675e-04
5.42473e-15,4.46313e-04,1.19580e-03,2.11318e-04
5.41844e-15,4.48576e-04,1.19699e-03,2.09817e-04
5.37768e-15,4.50603e-04,1.18836e-03,2.08187e-04
5.49335e-15,4.52382e-04,1.17989e-03,2.06446e-04
5.39434e-15,4.53903e-04,1.17156e-03,2.04612e-04
5.35569e-15,4.55165e-04,1.16338e-03,2.02702e-04
5.34213e-15,4.56172e-04,1.15534e-03,2.00738e-04
5.50266e-15,4.56933e-04,1.14743e-03,1.98738e-04
5.43939e-15,4.57460e-04,1.13965e-03,1.96724e-04
5.39323e-15,4.57771e-04,1.13199e-03,1.94716e-04
5.40986e-15,4.57885e-04,1.12445e-03,1.92734e-04
5.34975e-15,4.57823e-04,1.11702e-03,1.94123e-04
5.36509e-15,4.57607e-04,1.10971e-03,2.04598e-04
5.30277e-15,4.57260e-04,1.10251e-03,2.15499e-04
5.26227e-15,4.56804e-04,1.09541e-03,2.26607e-04
5.17956e-15,4.56259e-04,1.08842e-03,2.37738e-04
5.32724e-15,4.55644e-04,1.08152e-03,2.48736e-04
5.25126e-15,4.54975e-04,1.12450e-03,2.59468e-04
5.36502e-15,4.54265e-04,1.24374e-03,2.69825e-04
5.39409e-15,4.53523e-04,1.24020e-03,2.79711e-04
5.37339e-15,4.52754e-04,1.35834e-03,2.89047e-04
5.42130e-15,4.51957e-04,1.34849e-03,2.97764e-04
5.31630e-15,4.51131e-04,1.33897e-03,3.05807e-04
5.36391e-15,4.50268e-04,1.32977e-03,3.13127e-04
5.46026e-15,4.49355e-04,1.32088e-03,3.19683e-04
5.37242e-15,4.48378e-04,1.31226e-03,3.25445e-04
5.48353e-15,4.47319e-04,1.30392e-03,3.30386e-04
5.41240e-15,4.46155e-04,1.29584e-03,3.34488e-04
5.44736e-15,4.44866e-04,1.28799e-03,3.37735e-04
5.52030e-15,4.43426e-04,1.28038e-03,3.40122e-04